ticket_id,created_at,reported_by,machine_id,line,title,description,category,priority,root_cause_category,root_cause,corrective_action,preventive_action,assigned_to,status,resolution_hours
INC-1000,2025-01-01 09:43,Operator S. Lakshmi,PKG-01,Line-F,Surface scratches found on products from PKG-01 (Packaging Unit),"FYI - surface scratches found on products from PKG-01 (Packaging Unit) Happened during night shift. Cosmetic only, can wait for planned maintenance.",Quality,Low,Method,Parts contacting each other during handling due to missing separators in trolley,"Sort and rework affected lot, add separators to trolley",Update handling work instruction; add visual check at station exit,Divya S,Closed,18.5
INC-1001,2025-01-01 18:40,Operator S. Revathi,PRS-02,Line-B,Robot on PRS-02 (Stamping Press) stopped with servo alarm,URGENT: robot on PRS-02 (Stamping Press) stopped with servo alarm Line stopped intermittently.,Automation,High,Machine,Firmware mismatch after last update and weak network cable between HMI and PLC,"Reflash correct firmware, replace network cable, verify communication",Change-control for firmware updates with rollback plan; periodic network health test,Anita Sharma,Closed,10.0
INC-1002,2025-01-02 16:36,Operator S. Lakshmi,PRS-01,Line-B,Parts from PRS-01 (Hydraulic Press) out of tolerance,"parts from PRS-01 (Hydraulic Press) out of tolerance, diameter oversize by 0.05 mm Happened during night shift. Shipment on hold, customer escalation.",Quality,Critical,Measurement,Gauge out of calibration and tool offset not updated after tool change,"Recalibrate gauge, reset tool offset, re-inspect last batch and quarantine suspects",Calibration schedule tracked in system; mandatory first-piece inspection after tool change,Ravi Kumar,Closed,5.8
INC-1003,2025-01-03 13:32,Line Lead A. Swathi,CNV-01,Line-C,Cycle time on CNV-01 (Conveyor Belt) increased by 15 percent this week,URGENT: cycle time on CNV-01 (Conveyor Belt) increased by 15 percent this week No impact on output.,Process,Low,Method,Changeover steps not standardized; operators using different sequences,Time-study the sequence and publish standard work for changeover,SMED workshop; visual work instruction at station; monthly process audit,Priya Menon,Closed,38.9
INC-1004,2025-01-03 18:28,Operator T. Mary,ASM-01,Line-E,ASM-01 (Assembly Station) pressure dropping,"ASM-01 (Assembly Station) pressure dropping, oil seen near cylinder",Mechanical,High,Material,Hydraulic seal degraded due to age and use of non-spec seal material,"Replace seal and hose with OEM-spec parts, top up and bleed hydraulic oil",Define seal replacement interval; stock only OEM-approved spares; add leak inspection to daily round,Priya Menon,Closed,1.6
INC-1005,2025-01-04 06:11,Line Lead A. Swathi,PRS-02,Line-B,Belt on PRS-02 (Stamping Press) misaligned and edge fraying,URGENT: belt on PRS-02 (Stamping Press) misaligned and edge fraying Started after lunch break. Production affected.,Mechanical,Medium,Method,Belt tension not checked after last maintenance; no standard tension procedure,"Re-tension and align belt, replace frayed section",Create SOP with tension measurement values; add post-maintenance verification step,Priya Menon,Closed,19.8
INC-1006,2025-01-04 10:24,Shift In-charge R. Nandini,WLD-02,Line-D,WLD-02 (Welding Robot) output dropped,"Pls check: WLD-02 (Welding Robot) output dropped, takt time not being met Happened during night shift. Cosmetic only, can wait for planned maintenance.",Process,Low,Method,Changeover steps not standardized; operators using different sequences,Time-study the sequence and publish standard work for changeover,SMED workshop; visual work instruction at station; monthly process audit,Priya Menon,Closed,39.7
INC-1007,2025-01-05 06:17,Operator T. Mary,ASM-01,Line-E,ASM-01 (Assembly Station) coating uneven,"URGENT: ASM-01 (Assembly Station) coating uneven, orange peel texture on panels Started after lunch break. Line stopped intermittently.",Process,High,Environment,Booth humidity and temperature outside spec; filter clogged,"Replace filters, adjust HVAC setpoints, re-coat affected parts",Add humidity/temperature alarm; filter change interval in PM plan,Priya Menon,Closed,11.1
INC-1008,2025-01-06 00:52,Operator S. Revathi,CNV-02,Line-C,CNV-02 (Conveyor Belt) output dropped,"URGENT: CNV-02 (Conveyor Belt) output dropped, takt time not being met Production affected.",Process,Medium,Method,Changeover steps not standardized; operators using different sequences,Time-study the sequence and publish standard work for changeover,SMED workshop; visual work instruction at station; monthly process audit,Sneha Patil,Closed,22.4
INC-1009,2025-01-06 04:21,Operator S. Revathi,CNV-01,Line-C,CNV-01 (Conveyor Belt) HMI shows communication error with PLC,"Reported by operator: CNV-01 (Conveyor Belt) HMI shows communication error with PLC Please check asap. Machine stopped, no backup available.",Automation,High,Machine,Firmware mismatch after last update and weak network cable between HMI and PLC,"Reflash correct firmware, replace network cable, verify communication",Change-control for firmware updates with rollback plan; periodic network health test,Deepa Nair,Closed,10.2
INC-1010,2025-01-06 11:28,Operator A. Raj,CMP-01,Utilities,Emergency stop on CMP-01 (Air Compressor) not responding during test,"FYI - emergency stop on CMP-01 (Air Compressor) not responding during test Not first time. Shipment on hold, customer escalation.",Safety,Critical,Man,Guard removed during maintenance and not refitted; no sign-off before restart,"Refit guard, restore interlock, retest e-stop, counsel involved personnel",Lockout-tagout with restart sign-off checklist; periodic safety audit and retraining,Shivani,Closed,3.9
INC-1011,2025-01-06 14:12,Operator S. Revathi,CNV-02,Line-C,CNV-02 (Conveyor Belt) bearing sounds rough,"FYI - CNV-02 (Conveyor Belt) bearing sounds rough, temperature rising near motor end Started after lunch break. Workaround in place, low urgency.",Mechanical,Low,Machine,Bearing wear due to inadequate lubrication over multiple shifts,"Replace worn bearing, re-grease and realign shaft, run 30-min trial",Add bearing lubrication to weekly PM checklist; install vibration sensor with alert threshold,Ravi Kumar,Closed,38.6
INC-1012,2025-01-06 19:45,Line Lead A. Swathi,CNC-02,Line-A,Raw material shortage at CNC-02 (CNC Lathe),"raw material shortage at CNC-02 (CNC Lathe), line waiting for feed Seen 2 times today. Throughput down by half.",Process,High,Material,Kanban signal missed and supplier delivery schedule not aligned with production plan,"Expedite material, verify grade before loading",Revise reorder points; weekly supplier delivery review; incoming grade check,Shivani,Closed,7.7
INC-1013,2025-01-06 21:10,Operator S. Lakshmi,ASM-01,Line-E,Weld spatter and incomplete fusion seen on parts from ASM-01 (Assembly Station),FYI - weld spatter and incomplete fusion seen on parts from ASM-01 (Assembly Station) Seen 2 times today. Production affected.,Quality,High,Material,Shielding gas contamination and moisture in wire spool,"Replace gas cylinder and wire spool, re-weld and re-test affected parts",Store wire in dry cabinet; gas purity check on cylinder receipt,Meena Iyer,Closed,10.3
INC-1014,2025-01-07 00:48,Supervisor R. Kavitha,WLD-02,Line-D,Robot on WLD-02 (Welding Robot) stopped with servo alarm,"Pls check: robot on WLD-02 (Welding Robot) stopped with servo alarm Started after lunch break. Person injured, first aid given.",Automation,Critical,Machine,Firmware mismatch after last update and weak network cable between HMI and PLC,"Reflash correct firmware, replace network cable, verify communication",Change-control for firmware updates with rollback plan; periodic network health test,Deepa Nair,Closed,3.0
INC-1015,2025-01-07 11:32,Shift In-charge R. Nandini,WLD-01,Line-D,Unusual vibration and high-pitched noise on WLD-01 (Welding Robot) during run,"unusual vibration and high-pitched noise on WLD-01 (Welding Robot) during run Started after lunch break. Cosmetic only, can wait for planned maintenance.",Mechanical,Low,Machine,Bearing wear due to inadequate lubrication over multiple shifts,"Replace worn bearing, re-grease and realign shaft, run 30-min trial",Add bearing lubrication to weekly PM checklist; install vibration sensor with alert threshold,Divya S,Closed,30.6
INC-1016,2025-01-07 17:01,Operator S. Revathi,CNC-02,Line-A,CNC-02 (CNC Lathe) making loud grinding noise from spindle area,FYI - CNC-02 (CNC Lathe) making loud grinding noise from spindle area Please check asap. Line stopped intermittently.,Mechanical,High,Machine,Bearing wear due to inadequate lubrication over multiple shifts,"Replace worn bearing, re-grease and realign shaft, run 30-min trial",Add bearing lubrication to weekly PM checklist; install vibration sensor with alert threshold,Anita Sharma,Closed,9.0
INC-1017,2025-01-07 22:56,Operator M. Pooja,PRS-01,Line-B,Parts from PRS-01 (Hydraulic Press) out of tolerance,"URGENT: parts from PRS-01 (Hydraulic Press) out of tolerance, diameter oversize by 0.05 mm Happened during night shift. Person injured, first aid given.",Quality,Critical,Measurement,Gauge out of calibration and tool offset not updated after tool change,"Recalibrate gauge, reset tool offset, re-inspect last batch and quarantine suspects",Calibration schedule tracked in system; mandatory first-piece inspection after tool change,Meena Iyer,Closed,2.0
INC-1018,2025-01-08 16:19,Line Lead A. Swathi,CMP-01,Utilities,CMP-01 (Air Compressor) tripped on overload,"FYI - CMP-01 (Air Compressor) tripped on overload, motor hot to touch Not first time. Customer order at risk.",Electrical,Medium,Machine,Motor winding insulation degraded causing high current draw,"Replace motor, verify current draw within rated limits",Quarterly insulation resistance test; thermal imaging scan in PM schedule,Anita Sharma,Closed,23.2
INC-1019,2025-01-08 17:49,Operator S. Revathi,PRS-01,Line-B,PRS-01 (Hydraulic Press) sensor not detecting parts,"PRS-01 (Hydraulic Press) sensor not detecting parts, line stops randomly Big scrap pile building up.",Electrical,High,Machine,Loose connector and damaged cable insulation at sensor due to vibration,"Re-terminate connector, replace damaged cable, secure with clamps",Use vibration-rated connectors; add cable routing check to monthly inspection,Divya S,Closed,6.5
INC-1020,2025-01-08 21:39,Line Lead A. Swathi,PNT-01,Line-E,Overheating cable observed at PNT-01 (Paint Booth),"overheating cable observed at PNT-01 (Paint Booth), insulation discoloured Person injured, first aid given.",Safety,Critical,Machine,Undersized cable and loose lug causing overheating under load,"Isolate power, replace cable with correct rating, tighten and torque-mark lugs",Thermography survey of panels every quarter; cable sizing review on any load addition,Sneha Patil,Closed,5.6
INC-1021,2025-01-09 15:02,Operator A. Raj,WLD-02,Line-D,Power supply voltage fluctuation,"URGENT: power supply voltage fluctuation, WLD-02 (Welding Robot) control panel resetting Seen 2 times today. Output down slightly.",Electrical,High,Environment,Unstable supply voltage during peak load; no voltage stabilizer on control circuit,"Install stabilizer/UPS on control circuit, tighten incoming terminals",Power quality monitoring on feeder; load balancing across shifts,Anita Sharma,Closed,9.2
INC-1022,2025-01-10 01:16,Line Lead A. Swathi,ASM-01,Line-E,Safety guard missing on ASM-01 (Assembly Station),"safety guard missing on ASM-01 (Assembly Station), operator noticed during start of shift Entire line down.",Safety,Critical,Man,Guard removed during maintenance and not refitted; no sign-off before restart,"Refit guard, restore interlock, retest e-stop, counsel involved personnel",Lockout-tagout with restart sign-off checklist; periodic safety audit and retraining,Shivani,Closed,5.0
INC-1023,2025-01-12 20:29,Operator T. Mary,CMP-01,Utilities,Robot on CMP-01 (Air Compressor) positioning drift,"FYI - robot on CMP-01 (Air Compressor) positioning drift, parts picked off-centre",Automation,Critical,Method,Robot TCP not re-calibrated after collision/e-stop recovery; no recovery procedure,"Re-teach TCP and vision calibration, validate with test pieces",Document post-e-stop recovery SOP; add calibration check to start-of-shift routine,Deepa Nair,Closed,2.9
INC-1024,2025-01-14 21:40,Supervisor R. Kavitha,CNV-01,Line-C,False stop on CNV-01 (Conveyor Belt),"Pls check: false stop on CNV-01 (Conveyor Belt) - sensor flickering, wiring looks loose Output down slightly.",Electrical,Medium,Machine,Loose connector and damaged cable insulation at sensor due to vibration,"Re-terminate connector, replace damaged cable, secure with clamps",Use vibration-rated connectors; add cable routing check to monthly inspection,Divya S,Closed,22.6
INC-1025,2025-01-14 22:43,Operator T. Mary,PRS-02,Line-B,Oil leak at hose joint of PRS-02 (Stamping Press),"FYI - oil leak at hose joint of PRS-02 (Stamping Press), machine slow to respond Please check asap. Output down slightly.",Mechanical,Medium,Material,Hydraulic seal degraded due to age and use of non-spec seal material,"Replace seal and hose with OEM-spec parts, top up and bleed hydraulic oil",Define seal replacement interval; stock only OEM-approved spares; add leak inspection to daily round,Priya Menon,Closed,19.0
INC-1026,2025-01-15 00:01,Line Lead A. Swathi,PNT-01,Line-E,PNT-01 (Paint Booth) output dropped,"Pls check: PNT-01 (Paint Booth) output dropped, takt time not being met Not first time.",Process,Medium,Method,Changeover steps not standardized; operators using different sequences,Time-study the sequence and publish standard work for changeover,SMED workshop; visual work instruction at station; monthly process audit,Shivani,Closed,19.6
INC-1027,2025-01-15 05:50,Operator S. Revathi,CNC-02,Line-A,Surface scratches found on products from CNC-02 (CNC Lathe),surface scratches found on products from CNC-02 (CNC Lathe) Not first time. Output down slightly.,Quality,Medium,Method,Parts contacting each other during handling due to missing separators in trolley,"Sort and rework affected lot, add separators to trolley",Update handling work instruction; add visual check at station exit,Divya S,Closed,15.0
INC-1028,2025-01-16 11:18,Shift In-charge R. Nandini,PRS-02,Line-B,Smoke smell and slight sparks near PRS-02 (Stamping Press) panel,"smoke smell and slight sparks near PRS-02 (Stamping Press) panel Machine stopped, no backup available.",Safety,Critical,Machine,Undersized cable and loose lug causing overheating under load,"Isolate power, replace cable with correct rating, tighten and torque-mark lugs",Thermography survey of panels every quarter; cable sizing review on any load addition,Ravi Kumar,Closed,3.8
INC-1029,2025-01-17 04:17,Line Lead A. Swathi,PRS-02,Line-B,PRS-02 (Stamping Press) tripped on overload,"PRS-02 (Stamping Press) tripped on overload, motor hot to touch Please check asap. Production affected.",Electrical,Medium,Machine,Motor winding insulation degraded causing high current draw,"Replace motor, verify current draw within rated limits",Quarterly insulation resistance test; thermal imaging scan in PM schedule,Divya S,Closed,14.0
INC-1030,2025-01-17 04:36,Operator S. Revathi,CNC-01,Line-A,CNC-01 (CNC Milling Machine) drive belt tension low,"FYI - CNC-01 (CNC Milling Machine) drive belt tension low, intermittent stops Happened during night shift. Cosmetic only, can wait for planned maintenance.",Mechanical,Low,Method,Belt tension not checked after last maintenance; no standard tension procedure,"Re-tension and align belt, replace frayed section",Create SOP with tension measurement values; add post-maintenance verification step,Ravi Kumar,Closed,22.4
INC-1031,2025-01-17 06:42,Shift In-charge R. Nandini,WLD-02,Line-D,Weld porosity found in samples from WLD-02 (Welding Robot),Pls check: weld porosity found in samples from WLD-02 (Welding Robot) Not first time. Throughput down by half.,Quality,High,Material,Shielding gas contamination and moisture in wire spool,"Replace gas cylinder and wire spool, re-weld and re-test affected parts",Store wire in dry cabinet; gas purity check on cylinder receipt,Sneha Patil,Closed,10.4
INC-1032,2025-01-17 15:18,Operator S. Lakshmi,CMP-01,Utilities,CMP-01 (Air Compressor) bearing sounds rough,"CMP-01 (Air Compressor) bearing sounds rough, temperature rising near motor end Output down slightly.",Mechanical,Medium,Machine,Bearing wear due to inadequate lubrication over multiple shifts,"Replace worn bearing, re-grease and realign shaft, run 30-min trial",Add bearing lubrication to weekly PM checklist; install vibration sensor with alert threshold,Priya Menon,Closed,19.7
INC-1033,2025-01-18 00:16,Operator A. Raj,CNV-02,Line-C,Operator minor injury,Pls check: operator minor injury - slipped near CNV-02 (Conveyor Belt) on spilled coolant Customer order at risk.,Safety,High,Environment,Coolant/oil leak not cleaned promptly; no drip tray and housekeeping gap,"Clean area, fit drip tray, fix source of leak, place warning signage",Housekeeping checklist each shift; leak detection in daily round,Sneha Patil,Closed,11.5
INC-1034,2025-01-18 16:41,Line Lead A. Swathi,PNT-01,Line-E,Dimension rejection from PNT-01 (Paint Booth) batch,"Pls check: dimension rejection from PNT-01 (Paint Booth) batch, gauge reading above limit Output down slightly.",Quality,Medium,Measurement,Gauge out of calibration and tool offset not updated after tool change,"Recalibrate gauge, reset tool offset, re-inspect last batch and quarantine suspects",Calibration schedule tracked in system; mandatory first-piece inspection after tool change,Shivani,Closed,18.7
INC-1035,2025-01-18 16:54,Operator A. Raj,CMP-01,Utilities,Metal grinding sound coming from CMP-01 (Air Compressor) drive section,metal grinding sound coming from CMP-01 (Air Compressor) drive section Not first time. Customer order at risk.,Mechanical,High,Machine,Bearing wear due to inadequate lubrication over multiple shifts,"Replace worn bearing, re-grease and realign shaft, run 30-min trial",Add bearing lubrication to weekly PM checklist; install vibration sensor with alert threshold,Priya Menon,Closed,10.2
INC-1036,2025-01-19 02:36,Shift In-charge R. Nandini,PRS-02,Line-B,Hydraulic oil leaking under PRS-02 (Stamping Press),"Pls check: hydraulic oil leaking under PRS-02 (Stamping Press), puddle on floor Happened during night shift. Entire line down.",Mechanical,Critical,Material,Hydraulic seal degraded due to age and use of non-spec seal material,"Replace seal and hose with OEM-spec parts, top up and bleed hydraulic oil",Define seal replacement interval; stock only OEM-approved spares; add leak inspection to daily round,Ravi Kumar,Closed,3.6
INC-1037,2025-01-19 06:24,Shift In-charge R. Nandini,WLD-02,Line-D,Interlock on WLD-02 (Welding Robot) door bypassed with tape,"URGENT: interlock on WLD-02 (Welding Robot) door bypassed with tape Shipment on hold, customer escalation.",Safety,Critical,Man,Guard removed during maintenance and not refitted; no sign-off before restart,"Refit guard, restore interlock, retest e-stop, counsel involved personnel",Lockout-tagout with restart sign-off checklist; periodic safety audit and retraining,Divya S,Closed,4.4
INC-1038,2025-01-19 09:08,Operator A. Raj,ASM-01,Line-E,Overcurrent fault on ASM-01 (Assembly Station) drive,"overcurrent fault on ASM-01 (Assembly Station) drive, restart fails Happened during night shift. Big scrap pile building up.",Electrical,High,Machine,Motor winding insulation degraded causing high current draw,"Replace motor, verify current draw within rated limits",Quarterly insulation resistance test; thermal imaging scan in PM schedule,Divya S,Closed,8.7
INC-1039,2025-01-20 07:49,Operator A. Raj,PRS-01,Line-B,Emergency stop on PRS-01 (Hydraulic Press) not responding during test,"emergency stop on PRS-01 (Hydraulic Press) not responding during test Seen 2 times today. Person injured, first aid given.",Safety,Critical,Man,Guard removed during maintenance and not refitted; no sign-off before restart,"Refit guard, restore interlock, retest e-stop, counsel involved personnel",Lockout-tagout with restart sign-off checklist; periodic safety audit and retraining,Sneha Patil,Closed,3.5
INC-1040,2025-01-21 02:28,Supervisor R. Kavitha,PNT-01,Line-E,PNT-01 (Paint Booth) coating uneven,"PNT-01 (Paint Booth) coating uneven, orange peel texture on panels Customer order at risk.",Process,High,Environment,Booth humidity and temperature outside spec; filter clogged,"Replace filters, adjust HVAC setpoints, re-coat affected parts",Add humidity/temperature alarm; filter change interval in PM plan,Shivani,Closed,9.0
INC-1041,2025-01-21 14:55,Operator A. Raj,CNC-01,Line-A,Cycle time on CNC-01 (CNC Milling Machine) increased by 15 percent this week,Pls check: cycle time on CNC-01 (CNC Milling Machine) increased by 15 percent this week Not first time. Production affected.,Process,Medium,Method,Changeover steps not standardized; operators using different sequences,Time-study the sequence and publish standard work for changeover,SMED workshop; visual work instruction at station; monthly process audit,Meena Iyer,Closed,22.2
INC-1042,2025-01-21 15:33,Operator S. Lakshmi,WLD-01,Line-D,Dimension rejection from WLD-01 (Welding Robot) batch,"FYI - dimension rejection from WLD-01 (Welding Robot) batch, gauge reading above limit Happened during night shift. Production affected.",Quality,Medium,Measurement,Gauge out of calibration and tool offset not updated after tool change,"Recalibrate gauge, reset tool offset, re-inspect last batch and quarantine suspects",Calibration schedule tracked in system; mandatory first-piece inspection after tool change,Shivani,Closed,19.3
INC-1043,2025-01-21 20:59,Operator M. Pooja,CNC-02,Line-A,Robot on CNC-02 (CNC Lathe) positioning drift,"robot on CNC-02 (CNC Lathe) positioning drift, parts picked off-centre Not first time. Line stopped intermittently.",Automation,High,Method,Robot TCP not re-calibrated after collision/e-stop recovery; no recovery procedure,"Re-teach TCP and vision calibration, validate with test pieces",Document post-e-stop recovery SOP; add calibration check to start-of-shift routine,Anita Sharma,Closed,5.3
INC-1044,2025-01-22 09:17,Operator S. Lakshmi,CNC-02,Line-A,Operator minor injury,Pls check: operator minor injury - slipped near CNC-02 (CNC Lathe) on spilled coolant Not first time.,Safety,Medium,Environment,Coolant/oil leak not cleaned promptly; no drip tray and housekeeping gap,"Clean area, fit drip tray, fix source of leak, place warning signage",Housekeeping checklist each shift; leak detection in daily round,Sneha Patil,Closed,24.6
INC-1045,2025-01-22 12:41,Operator S. Lakshmi,PRS-01,Line-B,Interlock on PRS-01 (Hydraulic Press) door bypassed with tape,interlock on PRS-01 (Hydraulic Press) door bypassed with tape,Safety,Critical,Man,Guard removed during maintenance and not refitted; no sign-off before restart,"Refit guard, restore interlock, retest e-stop, counsel involved personnel",Lockout-tagout with restart sign-off checklist; periodic safety audit and retraining,Priya Menon,Closed,1.8
INC-1046,2025-01-22 21:09,Operator A. Raj,CNC-01,Line-A,CNC-01 (CNC Milling Machine) coating uneven,"URGENT: CNC-01 (CNC Milling Machine) coating uneven, orange peel texture on panels Happened during night shift. Line stopped intermittently.",Process,High,Environment,Booth humidity and temperature outside spec; filter clogged,"Replace filters, adjust HVAC setpoints, re-coat affected parts",Add humidity/temperature alarm; filter change interval in PM plan,Priya Menon,Closed,6.3
INC-1047,2025-01-23 19:22,Supervisor R. Kavitha,CNC-02,Line-A,False stop on CNC-02 (CNC Lathe),"false stop on CNC-02 (CNC Lathe) - sensor flickering, wiring looks loose Some rework needed.",Electrical,Medium,Machine,Loose connector and damaged cable insulation at sensor due to vibration,"Re-terminate connector, replace damaged cable, secure with clamps",Use vibration-rated connectors; add cable routing check to monthly inspection,Anita Sharma,Closed,20.8
INC-1048,2025-01-24 02:10,Shift In-charge R. Nandini,PRS-01,Line-B,Operator minor injury,Pls check: opertor minor injury - slipped near PRS-01 (Hydraulic Press) on spilled coolant Started after lunch break. Throughput down by half.,Safety,High,Environment,Coolant/oil leak not cleaned promptly; no drip tray and housekeeping gap,"Clean area, fit drip tray, fix source of leak, place warning signage",Housekeeping checklist each shift; leak detection in daily round,Ravi Kumar,Closed,8.6
INC-1049,2025-01-24 05:30,Operator S. Revathi,PRS-01,Line-B,Interlock on PRS-01 (Hydraulic Press) door bypassed with tape,"URGENT: interlock on PRS-01 (Hydraulic Press) door bypassed with tape Shipment on hold, customer escalation.",Safety,Critical,Man,Guard removed during maintenance and not refitted; no sign-off before restart,"Refit guard, restore interlock, retest e-stop, counsel involved personnel",Lockout-tagout with restart sign-off checklist; periodic safety audit and retraining,Sneha Patil,Closed,4.0
INC-1050,2025-01-24 23:10,Shift In-charge R. Nandini,WLD-01,Line-D,Robot on WLD-01 (Welding Robot) stopped with servo alarm,Reported by operator: robot on wld-01 (welding robot) stopped with servo alarm Not first time.,Automation,High,Machine,Firmware mismatch after last update and weak network cable between HMI and PLC,"Reflash correct firmware, replace network cable, verify communication",Change-control for firmware updates with rollback plan; periodic network health test,Deepa Nair,Closed,7.5
INC-1051,2025-01-25 16:16,Line Lead A. Swathi,CMP-01,Utilities,Overcurrent fault on CMP-01 (Air Compressor) drive,"FYI - overcurrent fault on CMP-01 (Air Compressor) drive, restart fails Happened during night shift. Machine stopped, no backup available.",Electrical,Critical,Machine,Motor winding insulation degraded causing high current draw,"Replace motor, verify current draw within rated limits",Quarterly insulation resistance test; thermal imaging scan in PM schedule,Deepa Nair,Closed,5.9
INC-1052,2025-01-26 13:37,Line Lead A. Swathi,WLD-02,Line-D,WLD-02 (Welding Robot) vision system rejecting good parts,"WLD-02 (Welding Robot) vision system rejecting good parts Seen 2 times today. Person injured, first aid given.",Automation,Critical,Method,Robot TCP not re-calibrated after collision/e-stop recovery; no recovery procedure,"Re-teach TCP and vision calibration, validate with test pieces",Document post-e-stop recovery SOP; add calibration check to start-of-shift routine,Deepa Nair,Closed,4.5
INC-1053,2025-01-27 01:55,Operator T. Mary,PRS-02,Line-B,PRS-02 (Stamping Press) making loud grinding noise from spindle area,"FYI - PRS-02 (Stamping Press) making loud grinding noise from spindle area Happened during night shift. Cosmetic only, can wait for planned maintenance.",Mechanical,Medium,Machine,Bearing wear due to inadequate lubrication over multiple shifts,"Replace worn bearing, re-grease and realign shaft, run 30-min trial",Add bearing lubrication to weekly PM checklist; install vibration sensor with alert threshold,Priya Menon,Closed,18.3
INC-1054,2025-01-27 02:59,Operator A. Raj,CNC-01,Line-A,Near miss: operator slipped on oil near CNC-01 (CNC Milling Machine),near miss: operator slipped on oil near CNC-01 (CNC Milling Machine) Seen 2 times today. Customer order at risk.,Safety,High,Environment,Coolant/oil leak not cleaned promptly; no drip tray and housekeeping gap,"Clean area, fit drip tray, fix source of leak, place warning signage",Housekeeping checklist each shift; leak detection in daily round,Ravi Kumar,Closed,4.5
INC-1055,2025-01-27 15:54,Operator M. Pooja,CNC-02,Line-A,Burning smell from electrical panel of CNC-02 (CNC Lathe),URGENT: burning smell from electrical panel of CNC-02 (CNC Lathe) Not first time. Customer order at risk.,Safety,High,Machine,Undersized cable and loose lug causing overheating under load,"Isolate power, replace cable with correct rating, tighten and torque-mark lugs",Thermography survey of panels every quarter; cable sizing review on any load addition,Ravi Kumar,Closed,3.8
INC-1056,2025-01-28 01:35,Operator A. Raj,PRS-02,Line-B,Dimension rejection from PRS-02 (Stamping Press) batch,"dimension rejection from PRS-02 (Stamping Press) batch, gauge reading above limit Happened during night shift. Machine stopped, no backup available.",Quality,High,Measurement,Gauge out of calibration and tool offset not updated after tool change,"Recalibrate gauge, reset tool offset, re-inspect last batch and quarantine suspects",Calibration schedule tracked in system; mandatory first-piece inspection after tool change,Shivani,Closed,8.0
INC-1057,2025-01-28 05:58,Line Lead A. Swathi,PRS-02,Line-B,Surface scratches found on products from PRS-02 (Stamping Press),Pls check: surface scratches found on products from PRS-02 (Stamping Press) Output down slightly.,Quality,Medium,Method,Parts contacting each other during handling due to missing separators in trolley,"Sort and rework affected lot, add separators to trolley",Update handling work instruction; add visual check at station exit,Shivani,Closed,15.3
INC-1058,2025-01-29 06:15,Shift In-charge R. Nandini,CNV-02,Line-C,Customer complaint: scratch marks on finished parts from CNV-02 (Conveyor Belt) ,Pls check: customer complaint: scratch marks on finished parts from CNV-02 (Conveyor Belt) line Happened during night shift. Customer order at risk.,Quality,High,Method,Parts contacting each other during handling due to missing separators in trolley,"Sort and rework affected lot, add separators to trolley",Update handling work instruction; add visual check at station exit,Shivani,Closed,6.4
INC-1059,2025-01-29 19:25,Supervisor R. Kavitha,PRS-01,Line-B,Burning smell from electrical panel of PRS-01 (Hydraulic Press),burning smell from electrical panel of PRS-01 (Hydraulic Press) Please check asap. Entire line down.,Safety,Critical,Machine,Undersized cable and loose lug causing overheating under load,"Isolate power, replace cable with correct rating, tighten and torque-mark lugs",Thermography survey of panels every quarter; cable sizing review on any load addition,Ravi Kumar,Closed,2.0
INC-1060,2025-01-29 22:25,Shift In-charge R. Nandini,CNV-02,Line-C,Interlock on CNV-02 (Conveyor Belt) door bypassed with tape,"interlock on CNV-02 (Conveyor Belt) door bypassed with tape Started after lunch break. Machine stopped, no backup available.",Safety,Critical,Man,Guard removed during maintenance and not refitted; no sign-off before restart,"Refit guard, restore interlock, retest e-stop, counsel involved personnel",Lockout-tagout with restart sign-off checklist; periodic safety audit and retraining,Sneha Patil,Closed,7.3
INC-1061,2025-01-30 07:14,Operator T. Mary,WLD-01,Line-D,Motor of WLD-01 (Welding Robot) keeps tripping breaker after 10 minutes of runni,FYI - motor of WLD-01 (Welding Robot) keeps tripping breaker after 10 minutes of running Not first time. Throughput down by half.,Electrical,High,Machine,Motor winding insulation degraded causing high current draw,"Replace motor, verify current draw within rated limits",Quarterly insulation resistance test; thermal imaging scan in PM schedule,Anita Sharma,Closed,7.8
INC-1062,2025-01-30 18:32,Operator A. Raj,PRS-01,Line-B,PRS-01 (Hydraulic Press) output dropped,"PRS-01 (Hydraulic Press) output dropped, takt time not being met Please check asap. Some rework needed.",Process,Medium,Method,Changeover steps not standardized; operators using different sequences,Time-study the sequence and publish standard work for changeover,SMED workshop; visual work instruction at station; monthly process audit,Meena Iyer,Closed,12.5
INC-1063,2025-01-31 18:25,Operator T. Mary,PRS-02,Line-B,Visual defect,"visual defect - scratches and dents on parts after PRS-02 (Stamping Press) Cosmetic only, can wait for planned maintenance.",Quality,Medium,Method,Parts contacting each other during handling due to missing separators in trolley,"Sort and rework affected lot, add separators to trolley",Update handling work instruction; add visual check at station exit,Meena Iyer,Closed,20.8
INC-1064,2025-02-01 11:12,Operator T. Mary,ASM-01,Line-E,False stop on ASM-01 (Assembly Station),"false stop on ASM-01 (Assembly Station) - sensor flickering, wiring looks loose Happened during night shift. Shipment on hold, customer escalation.",Electrical,Critical,Machine,Loose connector and damaged cable insulation at sensor due to vibration,"Re-terminate connector, replace damaged cable, secure with clamps",Use vibration-rated connectors; add cable routing check to monthly inspection,Divya S,Closed,3.8
INC-1065,2025-02-01 13:51,Operator M. Pooja,PKG-01,Line-F,Slip hazard reported around PKG-01 (Packaging Unit),"Pls check: slip hazard reported around PKG-01 (Packaging Unit), floor wet and oily Production affected.",Safety,Medium,Environment,Coolant/oil leak not cleaned promptly; no drip tray and housekeeping gap,"Clean area, fit drip tray, fix source of leak, place warning signage",Housekeeping checklist each shift; leak detection in daily round,Sneha Patil,Closed,22.0
INC-1066,2025-02-02 17:01,Line Lead A. Swathi,PRS-01,Line-B,Weld porosity found in samples from PRS-01 (Hydraulic Press),FYI - weld porosity found in samples from prs-01 (hydraulic press),Quality,High,Material,Shielding gas contamination and moisture in wire spool,"Replace gas cylinder and wire spool, re-weld and re-test affected parts",Store wire in dry cabinet; gas purity check on cylinder receipt,Meena Iyer,Closed,2.8
INC-1067,2025-02-02 19:18,Line Lead A. Swathi,PNT-01,Line-E,Oil leak at hose joint of PNT-01 (Paint Booth),"Reported by operator: oil leak at hose joint of PNT-01 (Paint Booth), machine slow to respond Not first time. Throughput down by half.",Mechanical,High,Material,Hydraulic seal degraded due to age and use of non-spec seal material,"Replace seal and hose with OEM-spec parts, top up and bleed hydraulic oil",Define seal replacement interval; stock only OEM-approved spares; add leak inspection to daily round,Priya Menon,Closed,10.7
INC-1068,2025-02-03 09:48,Operator S. Lakshmi,PRS-01,Line-B,Raw material shortage at PRS-01 (Hydraulic Press),"raw material shortage at PRS-01 (Hydraulic Press), line waiting for feed Please check asap. Person injured, first aid given.",Process,High,Material,Kanban signal missed and supplier delivery schedule not aligned with production plan,"Expedite material, verify grade before loading",Revise reorder points; weekly supplier delivery review; incoming grade check,Sneha Patil,Closed,7.6
INC-1069,2025-02-03 13:13,Line Lead A. Swathi,CNC-01,Line-A,CNC-01 (CNC Milling Machine) tripped on overload,"FYI - CNC-01 (CNC Milling Machine) tripped on overload, motor hot to touch Seen 2 times today.",Electrical,Medium,Machine,Motor winding insulation degraded causing high current draw,"Replace motor, verify current draw within rated limits",Quarterly insulation resistance test; thermal imaging scan in PM schedule,Anita Sharma,Closed,15.6
INC-1070,2025-02-04 03:40,Operator T. Mary,CNC-01,Line-A,Belt on CNC-01 (CNC Milling Machine) misaligned and edge fraying,Pls check: belt on cnc-01 (cnc milling machine) misaligned and edge fraying Seen 2 times today. Line stopped intermittently.,Mechanical,High,Method,Belt tension not checked after last maintenance; no standard tension procedure,"Re-tension and align belt, replace frayed section",Create SOP with tension measurement values; add post-maintenance verification step,Divya S,Closed,5.1
INC-1071,2025-02-04 19:03,Operator S. Lakshmi,WLD-02,Line-D,Proximity sensor on WLD-02 (Welding Robot) giving intermittent signal,Reported by operator: proximity sensor on WLD-02 (Welding Robot) giving intermittent signal Happened during night shift. Production affected.,Electrical,Medium,Machine,Loose connector and damaged cable insulation at sensor due to vibration,"Re-terminate connector, replace damaged cable, secure with clamps",Use vibration-rated connectors; add cable routing check to monthly inspection,Divya S,Closed,14.7
INC-1072,2025-02-05 12:32,Operator A. Raj,CNC-02,Line-A,Calibration lost on CNC-02 (CNC Lathe) robot after emergency stop,"calibration lost on CNC-02 (CNC Lathe) robot after emergency stop Seen 2 times today. Cosmetic only, can wait for planned maintenance.",Automation,Low,Method,Robot TCP not re-calibrated after collision/e-stop recovery; no recovery procedure,"Re-teach TCP and vision calibration, validate with test pieces",Document post-e-stop recovery SOP; add calibration check to start-of-shift routine,Deepa Nair,Closed,32.4
INC-1073,2025-02-05 19:22,Line Lead A. Swathi,PRS-02,Line-B,Weld porosity found in samples from PRS-02 (Stamping Press),URGENT: weld porosity found in samples from PRS-02 (Stamping Press) Happened during night shift. Line is running at reduced speed.,Quality,Medium,Material,Shielding gas contamination and moisture in wire spool,"Replace gas cylinder and wire spool, re-weld and re-test affected parts",Store wire in dry cabinet; gas purity check on cylinder receipt,Shivani,Closed,16.9
INC-1074,2025-02-06 10:23,Operator T. Mary,CMP-01,Utilities,Calibration lost on CMP-01 (Air Compressor) robot after emergency stop,calibration lost on CMP-01 (Air Compressor) robot after emergency stop Seen 2 times today. Big scrap pile building up.,Automation,High,Method,Robot TCP not re-calibrated after collision/e-stop recovery; no recovery procedure,"Re-teach TCP and vision calibration, validate with test pieces",Document post-e-stop recovery SOP; add calibration check to start-of-shift routine,Deepa Nair,Closed,8.1
INC-1075,2025-02-06 10:56,Operator S. Lakshmi,WLD-02,Line-D,WLD-02 (Welding Robot) sensor not detecting parts,"Reported by operator: WLD-02 (Welding Robot) sensor not detecting parts, line stops randomly Happened during night shift. Production affected.",Electrical,Medium,Machine,Loose connector and damaged cable insulation at sensor due to vibration,"Re-terminate connector, replace damaged cable, secure with clamps",Use vibration-rated connectors; add cable routing check to monthly inspection,Deepa Nair,Closed,12.9
INC-1076,2025-02-06 19:07,Operator M. Pooja,CNV-02,Line-C,Barcode scanner at CNV-02 (Conveyor Belt) failing to read labels,barcode scanner at CNV-02 (Conveyor Belt) failing to read labels Happened during night shift. Production affected.,Automation,Medium,Measurement,Gateway service stopped after server patching; scanner lens dirty,"Restart and auto-enable gateway service, clean scanner, backfill missed counts",Service health monitoring with alerts; scanner cleaning in daily checklist,Divya S,Closed,15.4
INC-1077,2025-02-08 13:01,Operator M. Pooja,ASM-01,Line-E,Safety guard missing on ASM-01 (Assembly Station),"safety guard missing on ASM-01 (Assembly Station), operator noticed during start of shift Started after lunch break. Person injured, first aid given.",Safety,Critical,Man,Guard removed during maintenance and not refitted; no sign-off before restart,"Refit guard, restore interlock, retest e-stop, counsel involved personnel",Lockout-tagout with restart sign-off checklist; periodic safety audit and retraining,Sneha Patil,Closed,5.6
INC-1078,2025-02-09 13:32,Operator T. Mary,PKG-01,Line-F,Paint thickness inconsistent on parts from PKG-01 (Packaging Unit),"FYI - paint thickness inconsistent on parts from PKG-01 (Packaging Unit) Not first time. Cosmetic only, can wait for planned maintenance.",Process,Low,Environment,Booth humidity and temperature outside spec; filter clogged,"Replace filters, adjust HVAC setpoints, re-coat affected parts",Add humidity/temperature alarm; filter change interval in PM plan,Shivani,Closed,38.0
INC-1079,2025-02-09 16:27,Operator M. Pooja,ASM-01,Line-E,Dimension rejection from ASM-01 (Assembly Station) batch,"dimension rejection from ASM-01 (Assembly Station) batch, gauge reading above limit Happened during night shift.",Quality,Medium,Measurement,Gauge out of calibration and tool offset not updated after tool change,"Recalibrate gauge, reset tool offset, re-inspect last batch and quarantine suspects",Calibration schedule tracked in system; mandatory first-piece inspection after tool change,Meena Iyer,Closed,10.2
INC-1080,2025-02-09 23:32,Operator A. Raj,WLD-01,Line-D,WLD-01 (Welding Robot) making loud grinding noise from spindle area,FYI - WLD-01 (Welding Robot) making loud grinding noise from spindle area Happened during night shift. Line is running at reduced speed.,Mechanical,Medium,Machine,Bearing wear due to inadequate lubrication over multiple shifts,"Replace worn bearing, re-grease and realign shaft, run 30-min trial",Add bearing lubrication to weekly PM checklist; install vibration sensor with alert threshold,Divya S,Closed,14.5
INC-1081,2025-02-10 23:11,Operator A. Raj,CMP-01,Utilities,CMP-01 (Air Compressor) belt slipping and product jerking on the line,Reported by operator: CMP-01 (Air Compressor) belt slipping and product jerking on the line Happened during night shift. Big scrap pile building up.,Mechanical,High,Method,Belt tension not checked after last maintenance; no standard tension procedure,"Re-tension and align belt, replace frayed section",Create SOP with tension measurement values; add post-maintenance verification step,Priya Menon,Closed,7.0
INC-1082,2025-02-11 01:09,Operator S. Revathi,CMP-01,Utilities,CMP-01 (Air Compressor) belt slipping and product jerking on the line,Pls check: CMP-01 (Air Compressor) belt slipping and product jerking on the line Started after lunch break. Entire line down.,Mechanical,Critical,Method,Belt tension not checked after last maintenance; no standard tension procedure,"Re-tension and align belt, replace frayed section",Create SOP with tension measurement values; add post-maintenance verification step,Priya Menon,Closed,2.8
INC-1083,2025-02-11 05:30,Operator A. Raj,PKG-01,Line-F,Weld porosity found in samples from PKG-01 (Packaging Unit),weld porosity found in samples from PKG-01 (Packaging Unit) Not first time. Line is running at reduced speed.,Quality,Medium,Material,Shielding gas contamination and moisture in wire spool,"Replace gas cylinder and wire spool, re-weld and re-test affected parts",Store wire in dry cabinet; gas purity check on cylinder receipt,Meena Iyer,Closed,19.7
INC-1084,2025-02-11 16:26,Operator S. Revathi,CNV-01,Line-C,Smoke smell and slight sparks near CNV-01 (Conveyor Belt) panel,Reported by operator: smoke smell and slight sparks near CNV-01 (Conveyor Belt) panel Not first time. Entire line down.,Safety,Critical,Machine,Undersized cable and loose lug causing overheating under load,"Isolate power, replace cable with correct rating, tighten and torque-mark lugs",Thermography survey of panels every quarter; cable sizing review on any load addition,Sneha Patil,Closed,1.9
INC-1085,2025-02-12 11:28,Shift In-charge R. Nandini,PNT-01,Line-E,Operator minor injury,"Pls check: operator minor injury - slipped near PNT-01 (Paint Booth) on spilled coolant Please check asap. Machine stopped, no backup available.",Safety,Critical,Environment,Coolant/oil leak not cleaned promptly; no drip tray and housekeeping gap,"Clean area, fit drip tray, fix source of leak, place warning signage",Housekeeping checklist each shift; leak detection in daily round,Sneha Patil,Closed,2.1
INC-1086,2025-02-13 02:53,Shift In-charge R. Nandini,ASM-01,Line-E,Surface scratches found on products from ASM-01 (Assembly Station),surface scratches found on products from ASM-01 (Assembly Station) Seen 2 times today.,Quality,Medium,Method,Parts contacting each other during handling due to missing separators in trolley,"Sort and rework affected lot, add separators to trolley",Update handling work instruction; add visual check at station exit,Meena Iyer,Closed,24.5
INC-1087,2025-02-13 06:46,Operator S. Revathi,CNV-02,Line-C,Paint finish defect on CNV-02 (Conveyor Belt),"Reported by operator: paint finish defect on CNV-02 (Conveyor Belt), run marks visible Output down slightly.",Process,Medium,Environment,Booth humidity and temperature outside spec; filter clogged,"Replace filters, adjust HVAC setpoints, re-coat affected parts",Add humidity/temperature alarm; filter change interval in PM plan,Meena Iyer,Closed,22.7
INC-1088,2025-02-13 13:41,Operator A. Raj,CNV-02,Line-C,Hydraulic oil leaking under CNV-02 (Conveyor Belt),"URGENT: hydraulic oil leaking under cnv-02 (conveyor belt), puddle on floor Throughput down by half.",Mechanical,Medium,Material,Hydraulic seal degraded due to age and use of non-spec seal material,"Replace seal and hose with OEM-spec parts, top up and bleed hydraulic oil",Define seal replacement interval; stock only OEM-approved spares; add leak inspection to daily round,Priya Menon,Closed,22.6
INC-1089,2025-02-13 18:55,Line Lead A. Swathi,CMP-01,Utilities,Burning smell from electrical panel of CMP-01 (Air Compressor),burning smell from electrical panel of CMP-01 (Air Compressor) Started after lunch break.,Safety,Critical,Machine,Undersized cable and loose lug causing overheating under load,"Isolate power, replace cable with correct rating, tighten and torque-mark lugs",Thermography survey of panels every quarter; cable sizing review on any load addition,Sneha Patil,Closed,2.8
INC-1090,2025-02-14 08:57,Line Lead A. Swathi,WLD-01,Line-D,Weld spatter and incomplete fusion seen on parts from WLD-01 (Welding Robot),weld spatter and incomplete fusion seen on parts from WLD-01 (Welding Robot) Line stopped intermittently.,Quality,High,Material,Shielding gas contamination and moisture in wire spool,"Replace gas cylinder and wire spool, re-weld and re-test affected parts",Store wire in dry cabinet; gas purity check on cylinder receipt,Meena Iyer,Closed,10.0
INC-1091,2025-02-15 18:16,Line Lead A. Swathi,CNV-01,Line-C,High rejection rate at CNV-01 (Conveyor Belt),high rejection rate at CNV-01 (Conveyor Belt) - dimensional mismatch found at inspection Started after lunch break. Some rework needed.,Quality,Medium,Measurement,Gauge out of calibration and tool offset not updated after tool change,"Recalibrate gauge, reset tool offset, re-inspect last batch and quarantine suspects",Calibration schedule tracked in system; mandatory first-piece inspection after tool change,Shivani,Closed,19.5
INC-1092,2025-02-16 00:56,Operator S. Lakshmi,PKG-01,Line-F,Wrong material grade supplied to PKG-01 (Packaging Unit),wrong material grade supplied to PKG-01 (Packaging Unit) Not first time. Big scrap pile building up.,Process,Critical,Material,Kanban signal missed and supplier delivery schedule not aligned with production plan,"Expedite material, verify grade before loading",Revise reorder points; weekly supplier delivery review; incoming grade check,Shivani,Closed,2.5
INC-1093,2025-02-16 02:20,Supervisor R. Kavitha,CMP-01,Utilities,Raw material shortage at CMP-01 (Air Compressor),"Reported by operator: raw material shortage at CMP-01 (Air Compressor), line waiting for feed Started after lunch break.",Process,Medium,Material,Kanban signal missed and supplier delivery schedule not aligned with production plan,"Expedite material, verify grade before loading",Revise reorder points; weekly supplier delivery review; incoming grade check,Sneha Patil,Closed,12.5
INC-1094,2025-02-16 06:31,Operator T. Mary,WLD-02,Line-D,Near miss: operator slipped on oil near WLD-02 (Welding Robot),near miss: operator slipped on oil near WLD-02 (Welding Robot) Happened during night shift. Customer order at risk.,Safety,High,Environment,Coolant/oil leak not cleaned promptly; no drip tray and housekeeping gap,"Clean area, fit drip tray, fix source of leak, place warning signage",Housekeeping checklist each shift; leak detection in daily round,Sneha Patil,Closed,11.2
INC-1095,2025-02-17 09:31,Operator A. Raj,WLD-02,Line-D,Dimension rejection from WLD-02 (Welding Robot) batch,"dimension rejection from WLD-02 (Welding Robot) batch, gauge reading above limit Big scrap pile building up.",Quality,High,Measurement,Gauge out of calibration and tool offset not updated after tool change,"Recalibrate gauge, reset tool offset, re-inspect last batch and quarantine suspects",Calibration schedule tracked in system; mandatory first-piece inspection after tool change,Shivani,Closed,3.1
INC-1096,2025-02-17 13:16,Supervisor R. Kavitha,PNT-01,Line-E,Wrong material grade supplied to PNT-01 (Paint Booth),"URGENT: wrong material grade supplied to PNT-01 (Paint Booth) Please check asap. Machine stopped, no backup available.",Process,High,Material,Kanban signal missed and supplier delivery schedule not aligned with production plan,"Expedite material, verify grade before loading",Revise reorder points; weekly supplier delivery review; incoming grade check,Shivani,Closed,9.7
INC-1097,2025-02-17 21:09,Operator M. Pooja,CNV-01,Line-C,CNV-01 (Conveyor Belt) output dropped,"CNV-01 (Conveyor Belt) output dropped, takt time not being met Some rework needed.",Process,Medium,Method,Changeover steps not standardized; operators using different sequences,Time-study the sequence and publish standard work for changeover,SMED workshop; visual work instruction at station; monthly process audit,Shivani,Closed,15.3
INC-1098,2025-02-17 23:52,Operator M. Pooja,CNV-02,Line-C,Interlock on CNV-02 (Conveyor Belt) door bypassed with tape,FYI - interlock on CNV-02 (Conveyor Belt) door bypassed with tape Please check asap. Big scrap pile building up.,Safety,High,Man,Guard removed during maintenance and not refitted; no sign-off before restart,"Refit guard, restore interlock, retest e-stop, counsel involved personnel",Lockout-tagout with restart sign-off checklist; periodic safety audit and retraining,Sneha Patil,Closed,6.5
INC-1099,2025-02-18 01:20,Operator A. Raj,PKG-01,Line-F,Weld porosity found in samples from PKG-01 (Packaging Unit),FYI - weld porosity found in samples from PKG-01 (Packaging Unit) Please check asap. Line stopped intermittently.,Quality,High,Material,Shielding gas contamination and moisture in wire spool,"Replace gas cylinder and wire spool, re-weld and re-test affected parts",Store wire in dry cabinet; gas purity check on cylinder receipt,Meena Iyer,Closed,7.4
INC-1100,2025-02-18 16:42,Line Lead A. Swathi,CNV-01,Line-C,CNV-01 (Conveyor Belt) drive belt tension low,"URGENT: CNV-01 (Conveyor Belt) drive belt tension low, intermittent stops Workaround in place, low urgency.",Mechanical,Low,Method,Belt tension not checked after last maintenance; no standard tension procedure,"Re-tension and align belt, replace frayed section",Create SOP with tension measurement values; add post-maintenance verification step,Priya Menon,Closed,55.4
INC-1101,2025-02-18 21:42,Line Lead A. Swathi,CNC-02,Line-A,Power supply voltage fluctuation,"power supply voltage fluctuation, CNC-02 (CNC Lathe) control panel resetting Please check asap. Shipment on hold, customer escalation.",Electrical,Critical,Environment,Unstable supply voltage during peak load; no voltage stabilizer on control circuit,"Install stabilizer/UPS on control circuit, tighten incoming terminals",Power quality monitoring on feeder; load balancing across shifts,Anita Sharma,Closed,4.7
INC-1102,2025-02-19 03:25,Operator S. Lakshmi,CNC-02,Line-A,High rejection rate at CNC-02 (CNC Lathe),"high rejection rate at CNC-02 (CNC Lathe) - dimensional mismatch found at inspection Seen 2 times today. Shipment on hold, customer escalation.",Quality,Critical,Measurement,Gauge out of calibration and tool offset not updated after tool change,"Recalibrate gauge, reset tool offset, re-inspect last batch and quarantine suspects",Calibration schedule tracked in system; mandatory first-piece inspection after tool change,Meena Iyer,Closed,1.8
INC-1103,2025-02-19 09:12,Operator S. Revathi,CNV-02,Line-C,CNV-02 (Conveyor Belt) HMI shows communication error with PLC,"CNV-02 (Conveyor Belt) HMI shows communication error with PLC Please check asap. Shipment on hold, customer escalation.",Automation,Critical,Machine,Firmware mismatch after last update and weak network cable between HMI and PLC,"Reflash correct firmware, replace network cable, verify communication",Change-control for firmware updates with rollback plan; periodic network health test,Deepa Nair,Closed,5.1
INC-1104,2025-02-19 14:47,Operator M. Pooja,ASM-01,Line-E,Visual defect,visual defect - scratches and dents on parts after ASM-01 (Assembly Station),Quality,Low,Method,Parts contacting each other during handling due to missing separators in trolley,"Sort and rework affected lot, add separators to trolley",Update handling work instruction; add visual check at station exit,Shivani,Closed,17.3
INC-1105,2025-02-19 18:05,Operator S. Revathi,WLD-02,Line-D,WLD-02 (Welding Robot) tripped on overload,"Pls check: wld-02 (welding robot) tripped on overload, motor hot to touch Please check asap. Line is running at reduced speed.",Electrical,High,Machine,Motor winding insulation degraded causing high current draw,"Replace motor, verify current draw within rated limits",Quarterly insulation resistance test; thermal imaging scan in PM schedule,Anita Sharma,Closed,11.7
INC-1106,2025-02-19 19:43,Shift In-charge R. Nandini,PRS-02,Line-B,PRS-02 (Stamping Press) HMI shows communication error with PLC,PRS-02 (Stamping Press) HMI shows communication error with PLC Seen 2 times today. Big scrap pile building up.,Automation,High,Machine,Firmware mismatch after last update and weak network cable between HMI and PLC,"Reflash correct firmware, replace network cable, verify communication",Change-control for firmware updates with rollback plan; periodic network health test,Anita Sharma,Closed,7.7
INC-1107,2025-02-20 12:06,Supervisor R. Kavitha,PNT-01,Line-E,Overheating cable observed at PNT-01 (Paint Booth),"URGENT: overheating cable observed at pnt-01 (paint booth), insulation discoloured Happened during night shift. Person injured, first aid given.",Safety,Critical,Machine,Undersized cable and loose lug causing overheating under load,"Isolate power, replace cable with correct rating, tighten and torque-mark lugs",Thermography survey of panels every quarter; cable sizing review on any load addition,Ravi Kumar,Closed,4.5
INC-1108,2025-02-21 04:11,Operator S. Lakshmi,PKG-01,Line-F,PKG-01 (Packaging Unit) HMI shows communication error with PLC,URGENT: PKG-01 (Packaging Unit) HMI shows communication error with PLC Please check asap. No impact on output.,Automation,Low,Machine,Firmware mismatch after last update and weak network cable between HMI and PLC,"Reflash correct firmware, replace network cable, verify communication",Change-control for firmware updates with rollback plan; periodic network health test,Deepa Nair,Closed,39.2
INC-1109,2025-02-21 12:04,Shift In-charge R. Nandini,ASM-01,Line-E,ASM-01 (Assembly Station) tripped on overload,"URGENT: ASM-01 (Assembly Station) tripped on overload, motor hot to touch Not first time. Line stopped intermittently.",Electrical,High,Machine,Motor winding insulation degraded causing high current draw,"Replace motor, verify current draw within rated limits",Quarterly insulation resistance test; thermal imaging scan in PM schedule,Deepa Nair,Closed,5.6
INC-1110,2025-02-21 23:57,Operator T. Mary,WLD-01,Line-D,WLD-01 (Welding Robot) output dropped,"WLD-01 (Welding Robot) output dropped, takt time not being met Happened during night shift. Minor, running normally.",Process,Low,Method,Changeover steps not standardized; operators using different sequences,Time-study the sequence and publish standard work for changeover,SMED workshop; visual work instruction at station; monthly process audit,Shivani,Closed,46.9
INC-1111,2025-02-22 20:47,Operator S. Lakshmi,CNC-02,Line-A,Wrong material grade supplied to CNC-02 (CNC Lathe),Pls check: wrong material grade supplied to CNC-02 (CNC Lathe) Please check asap. Some rework needed.,Process,Medium,Material,Kanban signal missed and supplier delivery schedule not aligned with production plan,"Expedite material, verify grade before loading",Revise reorder points; weekly supplier delivery review; incoming grade check,Meena Iyer,Closed,15.2
INC-1112,2025-02-22 21:44,Operator S. Revathi,CMP-01,Utilities,CMP-01 (Air Compressor) making loud grinding noise from spindle area,CMP-01 (Air Compressor) making loud grinding noise from spindle area Seen 2 times today.,Mechanical,High,Machine,Bearing wear due to inadequate lubrication over multiple shifts,"Replace worn bearing, re-grease and realign shaft, run 30-min trial",Add bearing lubrication to weekly PM checklist; install vibration sensor with alert threshold,Divya S,Closed,9.9
INC-1113,2025-02-24 06:44,Operator S. Lakshmi,WLD-02,Line-D,Overcurrent fault on WLD-02 (Welding Robot) drive,"FYI - overcurrent fault on WLD-02 (Welding Robot) drive, restart fails Please check asap. Customer order at risk.",Electrical,Medium,Machine,Motor winding insulation degraded causing high current draw,"Replace motor, verify current draw within rated limits",Quarterly insulation resistance test; thermal imaging scan in PM schedule,Deepa Nair,Closed,21.6
INC-1114,2025-02-24 07:47,Operator M. Pooja,PRS-01,Line-B,Smoke smell and slight sparks near PRS-01 (Hydraulic Press) panel,"Pls check: smoke smell and slight sparks near PRS-01 (Hydraulic Press) panel Seen 2 times today. Person injured, first aid given.",Safety,Critical,Machine,Undersized cable and loose lug causing overheating under load,"Isolate power, replace cable with correct rating, tighten and torque-mark lugs",Thermography survey of panels every quarter; cable sizing review on any load addition,Sneha Patil,Closed,3.5
INC-1115,2025-02-24 08:09,Operator A. Raj,WLD-01,Line-D,WLD-01 (Welding Robot) coating uneven,"WLD-01 (Welding Robot) coating uneven, orange peel texture on panels Happened during night shift. Throughput down by half.",Process,High,Environment,Booth humidity and temperature outside spec; filter clogged,"Replace filters, adjust HVAC setpoints, re-coat affected parts",Add humidity/temperature alarm; filter change interval in PM plan,Sneha Patil,Closed,9.3
INC-1116,2025-02-24 14:33,Operator A. Raj,CNC-02,Line-A,Cycle time on CNC-02 (CNC Lathe) increased by 15 percent this week,cycle time on CNC-02 (CNC Lathe) increased by 15 percent this week Not first time. Line is running at reduced speed.,Process,Medium,Method,Changeover steps not standardized; operators using different sequences,Time-study the sequence and publish standard work for changeover,SMED workshop; visual work instruction at station; monthly process audit,Meena Iyer,Closed,25.2
INC-1117,2025-02-24 21:52,Operator S. Lakshmi,CNC-02,Line-A,MES not receiving production count from CNC-02 (CNC Lathe),MES not receiving production count from CNC-02 (CNC Lathe) Started after lunch break. Line is running at reduced speed.,Automation,Medium,Measurement,Gateway service stopped after server patching; scanner lens dirty,"Restart and auto-enable gateway service, clean scanner, backfill missed counts",Service health monitoring with alerts; scanner cleaning in daily checklist,Deepa Nair,Closed,11.6
INC-1118,2025-02-24 22:49,Operator T. Mary,CNV-01,Line-C,Operator minor injury,FYI - operator minor injury - slipped near CNV-01 (Conveyor Belt) on spilled coolant Line is running at reduced speed.,Safety,Medium,Environment,Coolant/oil leak not cleaned promptly; no drip tray and housekeeping gap,"Clean area, fit drip tray, fix source of leak, place warning signage",Housekeeping checklist each shift; leak detection in daily round,Sneha Patil,Closed,17.2
INC-1119,2025-02-25 03:35,Shift In-charge R. Nandini,WLD-02,Line-D,Paint thickness inconsistent on parts from WLD-02 (Welding Robot),paint thickness inconsistent on parts from wld-02 (welding robot) Not first time. Some rework needed.,Process,Medium,Environment,Booth humidity and temperature outside spec; filter clogged,"Replace filters, adjust HVAC setpoints, re-coat affected parts",Add humidity/temperature alarm; filter change interval in PM plan,Priya Menon,Closed,31.2
INC-1120,2025-02-25 18:12,Operator M. Pooja,PKG-01,Line-F,Visual defect,visual defect - scratches and dents on parts after PKG-01 (Packaging Unit) Big scrap pile building up.,Quality,High,Method,Parts contacting each other during handling due to missing separators in trolley,"Sort and rework affected lot, add separators to trolley",Update handling work instruction; add visual check at station exit,Meena Iyer,Closed,12.8
INC-1121,2025-02-26 06:07,Supervisor R. Kavitha,PRS-01,Line-B,Oil leak at hose joint of PRS-01 (Hydraulic Press),"Reported by operator: oil leak at hose joint of PRS-01 (Hydraulic Press), machine slow to respond Happened during night shift. Line stopped intermittently.",Mechanical,High,Material,Hydraulic seal degraded due to age and use of non-spec seal material,"Replace seal and hose with OEM-spec parts, top up and bleed hydraulic oil",Define seal replacement interval; stock only OEM-approved spares; add leak inspection to daily round,Divya S,Closed,4.7
INC-1122,2025-02-26 08:54,Supervisor R. Kavitha,CNC-02,Line-A,Barcode scanner at CNC-02 (CNC Lathe) failing to read labels,barcode scanner at CNC-02 (CNC Lathe) failing to read labels Output down slightly.,Automation,Low,Measurement,Gateway service stopped after server patching; scanner lens dirty,"Restart and auto-enable gateway service, clean scanner, backfill missed counts",Service health monitoring with alerts; scanner cleaning in daily checklist,Deepa Nair,Closed,32.0
INC-1123,2025-02-26 15:17,Operator T. Mary,CNC-01,Line-A,Raw material shortage at CNC-01 (CNC Milling Machine),"URGENT: raw material shortage at CNC-01 (CNC Milling Machine), line waiting for feed Started after lunch break. Throughput down by half.",Process,Critical,Material,Kanban signal missed and supplier delivery schedule not aligned with production plan,"Expedite material, verify grade before loading",Revise reorder points; weekly supplier delivery review; incoming grade check,Sneha Patil,Closed,4.4
INC-1124,2025-02-26 17:47,Shift In-charge R. Nandini,CMP-01,Utilities,Slip hazard reported around CMP-01 (Air Compressor),"slip hazard reported around CMP-01 (Air Compressor), floor wet and oily Seen 2 times today. Person injured, first aid given.",Safety,Critical,Environment,Coolant/oil leak not cleaned promptly; no drip tray and housekeeping gap,"Clean area, fit drip tray, fix source of leak, place warning signage",Housekeeping checklist each shift; leak detection in daily round,Ravi Kumar,Closed,4.9
INC-1125,2025-02-27 21:45,Operator S. Lakshmi,PRS-02,Line-B,PRS-02 (Stamping Press) sensor not detecting parts,"Reported by operator: PRS-02 (Stamping Press) sensor not detecting parts, line stops randomly Started after lunch break. Cosmetic only, can wait for planned maintenance.",Electrical,Low,Machine,Loose connector and damaged cable insulation at sensor due to vibration,"Re-terminate connector, replace damaged cable, secure with clamps",Use vibration-rated connectors; add cable routing check to monthly inspection,Divya S,Closed,36.3
INC-1126,2025-03-01 04:45,Line Lead A. Swathi,CNV-02,Line-C,Visual defect,visual defect - scratches and dents on parts after CNV-02 (Conveyor Belt) Started after lunch break. Output down slightly.,Quality,Medium,Method,Parts contacting each other during handling due to missing separators in trolley,"Sort and rework affected lot, add separators to trolley",Update handling work instruction; add visual check at station exit,Meena Iyer,Closed,23.1
INC-1127,2025-03-02 02:43,Operator M. Pooja,CNC-02,Line-A,Line stopped at CNC-02 (CNC Lathe),FYI - line stopped at CNC-02 (CNC Lathe) - material not delivered on time Line stopped intermittently.,Process,High,Material,Kanban signal missed and supplier delivery schedule not aligned with production plan,"Expedite material, verify grade before loading",Revise reorder points; weekly supplier delivery review; incoming grade check,Shivani,Closed,6.7
INC-1128,2025-03-02 13:24,Supervisor R. Kavitha,ASM-01,Line-E,Oil leak at hose joint of ASM-01 (Assembly Station),"oil leak at hose joint of ASM-01 (Assembly Station), machine slow to respond Started after lunch break.",Mechanical,Low,Material,Hydraulic seal degraded due to age and use of non-spec seal material,"Replace seal and hose with OEM-spec parts, top up and bleed hydraulic oil",Define seal replacement interval; stock only OEM-approved spares; add leak inspection to daily round,Divya S,Closed,45.1
INC-1129,2025-03-02 15:53,Operator A. Raj,CNC-01,Line-A,Calibration lost on CNC-01 (CNC Milling Machine) robot after emergency stop,Reported by operator: calibration lost on CNC-01 (CNC Milling Machine) robot after emergency stop Started after lunch break. Line stopped intermittently.,Automation,Critical,Method,Robot TCP not re-calibrated after collision/e-stop recovery; no recovery procedure,"Re-teach TCP and vision calibration, validate with test pieces",Document post-e-stop recovery SOP; add calibration check to start-of-shift routine,Meena Iyer,Closed,3.1
INC-1130,2025-03-02 20:13,Shift In-charge R. Nandini,ASM-01,Line-E,ASM-01 (Assembly Station) drive belt tension low,"ASM-01 (Assembly Station) drive belt tension low, intermittent stops Please check asap. Throughput down by half.",Mechanical,High,Method,Belt tension not checked after last maintenance; no standard tension procedure,"Re-tension and align belt, replace frayed section",Create SOP with tension measurement values; add post-maintenance verification step,Priya Menon,Closed,9.2
INC-1131,2025-03-03 18:36,Operator T. Mary,CNC-01,Line-A,Barcode scanner at CNC-01 (CNC Milling Machine) failing to read labels,barcode scanner at CNC-01 (CNC Milling Machine) failing to read labels Some rework needed.,Automation,Medium,Measurement,Gateway service stopped after server patching; scanner lens dirty,"Restart and auto-enable gateway service, clean scanner, backfill missed counts",Service health monitoring with alerts; scanner cleaning in daily checklist,Deepa Nair,Closed,22.4
INC-1132,2025-03-03 20:34,Operator M. Pooja,WLD-02,Line-D,Weld porosity found in samples from WLD-02 (Welding Robot),weld porosity found in samples from WLD-02 (Welding Robot) Customer order at risk.,Quality,High,Material,Shielding gas contamination and moisture in wire spool,"Replace gas cylinder and wire spool, re-weld and re-test affected parts",Store wire in dry cabinet; gas purity check on cylinder receipt,Shivani,Closed,9.6
INC-1133,2025-03-04 03:30,Line Lead A. Swathi,PRS-02,Line-B,Weld spatter and incomplete fusion seen on parts from PRS-02 (Stamping Press),Reported by operator: weld spatter and incomplete fusion seen on parts from PRS-02 (Stamping Press) Happened during night shift. Line stopped intermittently.,Quality,High,Material,Shielding gas contamination and moisture in wire spool,"Replace gas cylinder and wire spool, re-weld and re-test affected parts",Store wire in dry cabinet; gas purity check on cylinder receipt,Meena Iyer,Closed,13.1
INC-1134,2025-03-05 08:16,Line Lead A. Swathi,CNV-01,Line-C,CNV-01 (Conveyor Belt) sensor not detecting parts,"CNV-01 (Conveyor Belt) sensor not detecting parts, line stops randomly Seen 2 times today. Machine stopped, no backup available.",Electrical,Critical,Machine,Loose connector and damaged cable insulation at sensor due to vibration,"Re-terminate connector, replace damaged cable, secure with clamps",Use vibration-rated connectors; add cable routing check to monthly inspection,Divya S,Closed,3.5
INC-1135,2025-03-06 01:42,Operator A. Raj,WLD-01,Line-D,Oil leak at hose joint of WLD-01 (Welding Robot),"Pls check: oil leak at hose joint of WLD-01 (Welding Robot), machine slow to respond Started after lunch break. Production affected.",Mechanical,High,Material,Hydraulic seal degraded due to age and use of non-spec seal material,"Replace seal and hose with OEM-spec parts, top up and bleed hydraulic oil",Define seal replacement interval; stock only OEM-approved spares; add leak inspection to daily round,Divya S,Closed,7.9
INC-1136,2025-03-06 02:12,Supervisor R. Kavitha,CNV-02,Line-C,Near miss: operator slipped on oil near CNV-02 (Conveyor Belt),"URGENT: near miss: operator slipped on oil near CNV-02 (Conveyor Belt) Started after lunch break. Person injured, first aid given.",Safety,High,Environment,Coolant/oil leak not cleaned promptly; no drip tray and housekeeping gap,"Clean area, fit drip tray, fix source of leak, place warning signage",Housekeeping checklist each shift; leak detection in daily round,Sneha Patil,Closed,7.3
INC-1137,2025-03-06 09:40,Shift In-charge R. Nandini,CNC-01,Line-A,Customer complaint: scratch marks on finished parts from CNC-01 (CNC Milling Mac,FYI - customer complaint: scratch marks on finished parts from CNC-01 (CNC Milling Machine) line Seen 2 times today. Production affected.,Quality,Medium,Method,Parts contacting each other during handling due to missing separators in trolley,"Sort and rework affected lot, add separators to trolley",Update handling work instruction; add visual check at station exit,Meena Iyer,Closed,17.0
INC-1138,2025-03-07 05:50,Shift In-charge R. Nandini,PRS-02,Line-B,PRS-02 (Stamping Press) PLC rebooting randomly,"URGENT: PRS-02 (Stamping Press) PLC rebooting randomly, panel lights flicker Some rework needed.",Electrical,High,Environment,Unstable supply voltage during peak load; no voltage stabilizer on control circuit,"Install stabilizer/UPS on control circuit, tighten incoming terminals",Power quality monitoring on feeder; load balancing across shifts,Divya S,Closed,5.2
INC-1139,2025-03-07 14:18,Shift In-charge R. Nandini,PRS-01,Line-B,Surface scratches found on products from PRS-01 (Hydraulic Press),"FYI - surface scratches found on products from PRS-01 (Hydraulic Press) Started after lunch break. Workaround in place, low urgency.",Quality,Low,Method,Parts contacting each other during handling due to missing separators in trolley,"Sort and rework affected lot, add separators to trolley",Update handling work instruction; add visual check at station exit,Shivani,Closed,39.4
INC-1140,2025-03-08 02:50,Operator A. Raj,ASM-01,Line-E,Overcurrent fault on ASM-01 (Assembly Station) drive,"overcurrent fault on ASM-01 (Assembly Station) drive, restart fails Production affected.",Electrical,Medium,Machine,Motor winding insulation degraded causing high current draw,"Replace motor, verify current draw within rated limits",Quarterly insulation resistance test; thermal imaging scan in PM schedule,Deepa Nair,Closed,24.3
INC-1141,2025-03-08 05:08,Operator T. Mary,WLD-01,Line-D,Weld spatter and incomplete fusion seen on parts from WLD-01 (Welding Robot),weld spatter and incomplete fusion seen on parts from WLD-01 (Welding Robot) Customer order at risk.,Quality,High,Material,Shielding gas contamination and moisture in wire spool,"Replace gas cylinder and wire spool, re-weld and re-test affected parts",Store wire in dry cabinet; gas purity check on cylinder receipt,Meena Iyer,Closed,8.0
INC-1142,2025-03-08 05:27,Operator A. Raj,CMP-01,Utilities,Operator minor injury,FYI - operator minor injury - slipped near CMP-01 (Air Compressor) on spilled coolant Started after lunch break. Output down slightly.,Safety,Medium,Environment,Coolant/oil leak not cleaned promptly; no drip tray and housekeeping gap,"Clean area, fit drip tray, fix source of leak, place warning signage",Housekeeping checklist each shift; leak detection in daily round,Ravi Kumar,Closed,16.3
INC-1143,2025-03-08 06:42,Line Lead A. Swathi,ASM-01,Line-E,Customer complaint: scratch marks on finished parts from ASM-01 (Assembly Statio,FYI - customer complaint: scratch marks on finished parts from ASM-01 (Assembly Station) line Seen 2 times today. Big scrap pile building up.,Quality,Medium,Method,Parts contacting each other during handling due to missing separators in trolley,"Sort and rework affected lot, add separators to trolley",Update handling work instruction; add visual check at station exit,Meena Iyer,Closed,20.1
INC-1144,2025-03-08 11:22,Line Lead A. Swathi,PRS-02,Line-B,PLC fault code on PRS-02 (Stamping Press),"PLC fault code on PRS-02 (Stamping Press), program halted Not first time. Customer order at risk.",Automation,High,Machine,Firmware mismatch after last update and weak network cable between HMI and PLC,"Reflash correct firmware, replace network cable, verify communication",Change-control for firmware updates with rollback plan; periodic network health test,Shivani,Closed,6.1
INC-1145,2025-03-08 14:42,Operator M. Pooja,ASM-01,Line-E,ASM-01 (Assembly Station) bearing sounds rough,"URGENT: ASM-01 (Assembly Station) bearing sounds rough, temperature rising near motor end Started after lunch break. Machine stopped, no backup available.",Mechanical,Critical,Machine,Bearing wear due to inadequate lubrication over multiple shifts,"Replace worn bearing, re-grease and realign shaft, run 30-min trial",Add bearing lubrication to weekly PM checklist; install vibration sensor with alert threshold,Ravi Kumar,Closed,4.0
INC-1146,2025-03-08 23:42,Operator T. Mary,PNT-01,Line-E,Weak weld joints detected in destructive test,"Pls check: weak weld joints detected in destructive test, PNT-01 (Paint Booth) Seen 2 times today. Line stopped intermittently.",Quality,High,Material,Shielding gas contamination and moisture in wire spool,"Replace gas cylinder and wire spool, re-weld and re-test affected parts",Store wire in dry cabinet; gas purity check on cylinder receipt,Meena Iyer,Closed,6.8
INC-1147,2025-03-09 13:05,Line Lead A. Swathi,CNV-01,Line-C,CNV-01 (Conveyor Belt) belt slipping and product jerking on the line,CNV-01 (Conveyor Belt) belt slipping and product jerking on the line Please check asap. Some rework needed.,Mechanical,Medium,Method,Belt tension not checked after last maintenance; no standard tension procedure,"Re-tension and align belt, replace frayed section",Create SOP with tension measurement values; add post-maintenance verification step,Divya S,Closed,23.9
INC-1148,2025-03-09 21:03,Operator M. Pooja,ASM-01,Line-E,Interlock on ASM-01 (Assembly Station) door bypassed with tape,interlock on ASM-01 (Assembly Station) door bypassed with tape Happened during night shift. Production affected.,Safety,Medium,Man,Guard removed during maintenance and not refitted; no sign-off before restart,"Refit guard, restore interlock, retest e-stop, counsel involved personnel",Lockout-tagout with restart sign-off checklist; periodic safety audit and retraining,Sneha Patil,Closed,15.7
INC-1149,2025-03-10 09:55,Operator S. Lakshmi,PNT-01,Line-E,Unusual vibration and high-pitched noise on PNT-01 (Paint Booth) during run,"FYI - unusual vibration and high-pitched noise on PNT-01 (Paint Booth) during run Please check asap. Shipment on hold, customer escalation.",Mechanical,Critical,Machine,Bearing wear due to inadequate lubrication over multiple shifts,"Replace worn bearing, re-grease and realign shaft, run 30-min trial",Add bearing lubrication to weekly PM checklist; install vibration sensor with alert threshold,Shivani,Closed,2.5
INC-1150,2025-03-10 11:44,Operator M. Pooja,PKG-01,Line-F,Proximity sensor on PKG-01 (Packaging Unit) giving intermittent signal,FYI - proximity sensor on PKG-01 (Packaging Unit) giving intermittent signal Please check asap. Line is running at reduced speed.,Electrical,Medium,Machine,Loose connector and damaged cable insulation at sensor due to vibration,"Re-terminate connector, replace damaged cable, secure with clamps",Use vibration-rated connectors; add cable routing check to monthly inspection,Anita Sharma,Closed,18.4
INC-1151,2025-03-10 13:05,Supervisor R. Kavitha,ASM-01,Line-E,Slip hazard reported around ASM-01 (Assembly Station),"FYI - slip hazard reported around ASM-01 (Assembly Station), floor wet and oily Please check asap. Big scrap pile building up.",Safety,High,Environment,Coolant/oil leak not cleaned promptly; no drip tray and housekeeping gap,"Clean area, fit drip tray, fix source of leak, place warning signage",Housekeeping checklist each shift; leak detection in daily round,Ravi Kumar,Closed,5.9
INC-1152,2025-03-11 01:23,Line Lead A. Swathi,CNV-01,Line-C,Robot on CNV-01 (Conveyor Belt) positioning drift,"FYI - robot on CNV-01 (Conveyor Belt) positioning drift, parts picked off-centre Started after lunch break.",Automation,Critical,Method,Robot TCP not re-calibrated after collision/e-stop recovery; no recovery procedure,"Re-teach TCP and vision calibration, validate with test pieces",Document post-e-stop recovery SOP; add calibration check to start-of-shift routine,Anita Sharma,Closed,6.5
INC-1153,2025-03-11 13:12,Operator S. Lakshmi,CNV-02,Line-C,Barcode scanner at CNV-02 (Conveyor Belt) failing to read labels,URGENT: barcode scanner at CNV-02 (Conveyor Belt) failing to read labels Started after lunch break. Production affected.,Automation,Medium,Measurement,Gateway service stopped after server patching; scanner lens dirty,"Restart and auto-enable gateway service, clean scanner, backfill missed counts",Service health monitoring with alerts; scanner cleaning in daily checklist,Deepa Nair,Closed,21.3
INC-1154,2025-03-11 18:27,Line Lead A. Swathi,CNV-02,Line-C,Control panel of CNV-02 (Conveyor Belt) shows undervoltage alarm,FYI - control panel of CNV-02 (Conveyor Belt) shows undervoltage alarm Happened during night shift. Line stopped intermittently.,Electrical,High,Environment,Unstable supply voltage during peak load; no voltage stabilizer on control circuit,"Install stabilizer/UPS on control circuit, tighten incoming terminals",Power quality monitoring on feeder; load balancing across shifts,Deepa Nair,Closed,7.0
INC-1155,2025-03-11 18:47,Operator A. Raj,ASM-01,Line-E,Calibration lost on ASM-01 (Assembly Station) robot after emergency stop,"Pls check: calibration lost on ASM-01 (Assembly Station) robot after emergency stop Started after lunch break. Person injured, first aid given.",Automation,High,Method,Robot TCP not re-calibrated after collision/e-stop recovery; no recovery procedure,"Re-teach TCP and vision calibration, validate with test pieces",Document post-e-stop recovery SOP; add calibration check to start-of-shift routine,Deepa Nair,Closed,4.9
INC-1156,2025-03-12 07:07,Operator S. Revathi,CNV-01,Line-C,Customer complaint: scratch marks on finished parts from CNV-01 (Conveyor Belt) ,Reported by operator: customer complaint: scratch marks on finished parts from cnv-01 (conveyor belt) line Some rework needed.,Quality,Medium,Method,Parts contacting each other during handling due to missing separators in trolley,"Sort and rework affected lot, add separators to trolley",Update handling work instruction; add visual check at station exit,Meena Iyer,Closed,20.0
INC-1157,2025-03-13 00:30,Shift In-charge R. Nandini,CNV-01,Line-C,Line stopped at CNV-01 (Conveyor Belt),line stopped at CNV-01 (Conveyor Belt) - material not delivered on time Seen 2 times today.,Process,Low,Material,Kanban signal missed and supplier delivery schedule not aligned with production plan,"Expedite material, verify grade before loading",Revise reorder points; weekly supplier delivery review; incoming grade check,Priya Menon,Closed,38.2
INC-1158,2025-03-13 16:33,Operator S. Revathi,CNC-02,Line-A,Surface scratches found on products from CNC-02 (CNC Lathe),"surface scratches found on products from CNC-02 (CNC Lathe) Started after lunch break. Minor, running normally.",Quality,Medium,Method,Parts contacting each other during handling due to missing separators in trolley,"Sort and rework affected lot, add separators to trolley",Update handling work instruction; add visual check at station exit,Meena Iyer,Closed,14.1
INC-1159,2025-03-13 21:25,Operator M. Pooja,PKG-01,Line-F,Overheating cable observed at PKG-01 (Packaging Unit),"FYI - overheating cable observed at PKG-01 (Packaging Unit), insulation discoloured Seen 2 times today. Entire line down.",Safety,Critical,Machine,Undersized cable and loose lug causing overheating under load,"Isolate power, replace cable with correct rating, tighten and torque-mark lugs",Thermography survey of panels every quarter; cable sizing review on any load addition,Sneha Patil,Closed,4.1
INC-1160,2025-03-14 06:04,Supervisor R. Kavitha,WLD-02,Line-D,Motor of WLD-02 (Welding Robot) keeps tripping breaker after 10 minutes of runni,Pls check: motor of WLD-02 (Welding Robot) keeps tripping breaker after 10 minutes of running Happened during night shift. Throughput down by half.,Electrical,High,Machine,Motor winding insulation degraded causing high current draw,"Replace motor, verify current draw within rated limits",Quarterly insulation resistance test; thermal imaging scan in PM schedule,Divya S,Closed,9.5
INC-1161,2025-03-14 18:19,Shift In-charge R. Nandini,WLD-02,Line-D,Overcurrent fault on WLD-02 (Welding Robot) drive,"Pls check: overcurrent fault on WLD-02 (Welding Robot) drive, restart fails Some rework needed.",Electrical,Medium,Machine,Motor winding insulation degraded causing high current draw,"Replace motor, verify current draw within rated limits",Quarterly insulation resistance test; thermal imaging scan in PM schedule,Deepa Nair,Closed,11.8
INC-1162,2025-03-14 19:38,Operator M. Pooja,PRS-02,Line-B,Overcurrent fault on PRS-02 (Stamping Press) drive,"URGENT: overcurrent fault on PRS-02 (Stamping Press) drive, restart fails Started after lunch break. Big scrap pile building up.",Electrical,High,Machine,Motor winding insulation degraded causing high current draw,"Replace motor, verify current draw within rated limits",Quarterly insulation resistance test; thermal imaging scan in PM schedule,Deepa Nair,Closed,3.0
INC-1163,2025-03-15 09:56,Operator M. Pooja,CNC-02,Line-A,Raw material shortage at CNC-02 (CNC Lathe),"Pls check: raw material shortage at CNC-02 (CNC Lathe), line waiting for feed Not first time. Shipment on hold, customer escalation.",Process,Critical,Material,Kanban signal missed and supplier delivery schedule not aligned with production plan,"Expedite material, verify grade before loading",Revise reorder points; weekly supplier delivery review; incoming grade check,Meena Iyer,Closed,4.9
INC-1164,2025-03-15 18:11,Operator S. Lakshmi,CNC-01,Line-A,Near miss: operator slipped on oil near CNC-01 (CNC Milling Machine),"near miss: operator slipped on oil near CNC-01 (CNC Milling Machine) Started after lunch break. Person injured, first aid given.",Safety,Critical,Environment,Coolant/oil leak not cleaned promptly; no drip tray and housekeeping gap,"Clean area, fit drip tray, fix source of leak, place warning signage",Housekeeping checklist each shift; leak detection in daily round,Sneha Patil,Closed,4.8
INC-1165,2025-03-16 11:53,Shift In-charge R. Nandini,WLD-01,Line-D,Unusual vibration and high-pitched noise on WLD-01 (Welding Robot) during run,URGENT: unusual vibration and high-pitched noise on WLD-01 (Welding Robot) during run Please check asap.,Mechanical,Low,Machine,Bearing wear due to inadequate lubrication over multiple shifts,"Replace worn bearing, re-grease and realign shaft, run 30-min trial",Add bearing lubrication to weekly PM checklist; install vibration sensor with alert threshold,Ravi Kumar,Closed,19.7
INC-1166,2025-03-16 14:14,Operator T. Mary,PRS-02,Line-B,Power supply voltage fluctuation,"FYI - power supply voltage fluctuation, PRS-02 (Stamping Press) control panel resetting Not first time. Line is running at reduced speed.",Electrical,Medium,Environment,Unstable supply voltage during peak load; no voltage stabilizer on control circuit,"Install stabilizer/UPS on control circuit, tighten incoming terminals",Power quality monitoring on feeder; load balancing across shifts,Anita Sharma,Closed,20.8
INC-1167,2025-03-16 15:30,Operator S. Revathi,PNT-01,Line-E,PNT-01 (Paint Booth) coating uneven,"PNT-01 (Paint Booth) coating uneven, orange peel texture on panels Production affected.",Process,Medium,Environment,Booth humidity and temperature outside spec; filter clogged,"Replace filters, adjust HVAC setpoints, re-coat affected parts",Add humidity/temperature alarm; filter change interval in PM plan,Shivani,Closed,17.4
INC-1168,2025-03-16 23:19,Operator M. Pooja,CNC-02,Line-A,Robot on CNC-02 (CNC Lathe) positioning drift,"URGENT: robot on CNC-02 (CNC Lathe) positioning drift, parts picked off-centre Happened during night shift. Output down slightly.",Automation,Medium,Method,Robot TCP not re-calibrated after collision/e-stop recovery; no recovery procedure,"Re-teach TCP and vision calibration, validate with test pieces",Document post-e-stop recovery SOP; add calibration check to start-of-shift routine,Anita Sharma,Closed,14.8
INC-1169,2025-03-17 01:15,Supervisor R. Kavitha,PNT-01,Line-E,Visual defect,Pls check: visual defect - scratches and dents on parts after PNT-01 (Paint Booth) Throughput down by half.,Quality,High,Method,Parts contacting each other during handling due to missing separators in trolley,"Sort and rework affected lot, add separators to trolley",Update handling work instruction; add visual check at station exit,Sneha Patil,Closed,8.9
INC-1170,2025-03-17 01:57,Supervisor R. Kavitha,PKG-01,Line-F,High rejection rate at PKG-01 (Packaging Unit),FYI - high rejection rate at PKG-01 (Packaging Unit) - dimensional mismatch found at inspection Seen 2 times today. Big scrap pile building up.,Quality,High,Measurement,Gauge out of calibration and tool offset not updated after tool change,"Recalibrate gauge, reset tool offset, re-inspect last batch and quarantine suspects",Calibration schedule tracked in system; mandatory first-piece inspection after tool change,Shivani,Closed,3.2
INC-1171,2025-03-17 11:14,Operator T. Mary,ASM-01,Line-E,Metal grinding sound coming from ASM-01 (Assembly Station) drive section,metal grinding sound coming from ASM-01 (Assembly Station) drive section Started after lunch break. Line is running at reduced speed.,Mechanical,Medium,Machine,Bearing wear due to inadequate lubrication over multiple shifts,"Replace worn bearing, re-grease and realign shaft, run 30-min trial",Add bearing lubrication to weekly PM checklist; install vibration sensor with alert threshold,Ravi Kumar,Closed,23.3
INC-1172,2025-03-18 01:12,Operator A. Raj,PNT-01,Line-E,Power supply voltage fluctuation,"power supply voltage fluctuation, PNT-01 (Paint Booth) control panel resetting Seen 2 times today. Some rework needed.",Electrical,Medium,Environment,Unstable supply voltage during peak load; no voltage stabilizer on control circuit,"Install stabilizer/UPS on control circuit, tighten incoming terminals",Power quality monitoring on feeder; load balancing across shifts,Divya S,Closed,18.0
INC-1173,2025-03-19 00:07,Operator A. Raj,PRS-01,Line-B,Metal grinding sound coming from PRS-01 (Hydraulic Press) drive section,"metal grinding sound coming from PRS-01 (Hydraulic Press) drive section Minor, running normally.",Mechanical,Low,Machine,Bearing wear due to inadequate lubrication over multiple shifts,"Replace worn bearing, re-grease and realign shaft, run 30-min trial",Add bearing lubrication to weekly PM checklist; install vibration sensor with alert threshold,Divya S,Closed,44.5
INC-1174,2025-03-19 08:09,Operator A. Raj,CMP-01,Utilities,Wrong material grade supplied to CMP-01 (Air Compressor),wrong material grade supplied to CMP-01 (Air Compressor) Not first time. Entire line down.,Process,High,Material,Kanban signal missed and supplier delivery schedule not aligned with production plan,"Expedite material, verify grade before loading",Revise reorder points; weekly supplier delivery review; incoming grade check,Deepa Nair,Closed,11.7
INC-1175,2025-03-19 17:35,Operator A. Raj,CNC-01,Line-A,Smoke smell and slight sparks near CNC-01 (CNC Milling Machine) panel,Pls check: smoke smell and slight sparks near CNC-01 (CNC Milling Machine) panel Happened during night shift. Entire line down.,Safety,Critical,Machine,Undersized cable and loose lug causing overheating under load,"Isolate power, replace cable with correct rating, tighten and torque-mark lugs",Thermography survey of panels every quarter; cable sizing review on any load addition,Ravi Kumar,Closed,5.3
INC-1176,2025-03-20 04:43,Shift In-charge R. Nandini,PRS-01,Line-B,Paint thickness inconsistent on parts from PRS-01 (Hydraulic Press),Reported by operator: paint thickness inconsistent on parts from PRS-01 (Hydraulic Press) Not first time. Line is running at reduced speed.,Process,Medium,Environment,Booth humidity and temperature outside spec; filter clogged,"Replace filters, adjust HVAC setpoints, re-coat affected parts",Add humidity/temperature alarm; filter change interval in PM plan,Meena Iyer,Closed,14.1
INC-1177,2025-03-20 20:46,Operator M. Pooja,WLD-02,Line-D,WLD-02 (Welding Robot) making loud grinding noise from spindle area,wld-02 (welding robot) making loud grinding noise from spindle area Please check asap. Big scrap pile building up.,Mechanical,High,Machine,Bearing wear due to inadequate lubrication over multiple shifts,"Replace worn bearing, re-grease and realign shaft, run 30-min trial",Add bearing lubrication to weekly PM checklist; install vibration sensor with alert threshold,Ravi Kumar,Closed,9.9
INC-1178,2025-03-21 01:09,Operator T. Mary,CMP-01,Utilities,Customer complaint: scratch marks on finished parts from CMP-01 (Air Compressor),"customer complaint: scratch marks on finished parts from CMP-01 (Air Compressor) line Minor, running normally.",Quality,Medium,Method,Parts contacting each other during handling due to missing separators in trolley,"Sort and rework affected lot, add separators to trolley",Update handling work instruction; add visual check at station exit,Meena Iyer,Closed,14.3
INC-1179,2025-03-21 07:55,Shift In-charge R. Nandini,CNC-02,Line-A,Surface scratches found on products from CNC-02 (CNC Lathe),"surface scratches found on products from CNC-02 (CNC Lathe) Minor, running normally.",Quality,Low,Method,Parts contacting each other during handling due to missing separators in trolley,"Sort and rework affected lot, add separators to trolley",Update handling work instruction; add visual check at station exit,Meena Iyer,Closed,22.4
INC-1180,2025-03-22 01:13,Supervisor R. Kavitha,CNV-02,Line-C,Proximity sensor on CNV-02 (Conveyor Belt) giving intermittent signal,proximity sensor on CNV-02 (Conveyor Belt) giving intermittent signal Customer order at risk.,Electrical,High,Machine,Loose connector and damaged cable insulation at sensor due to vibration,"Re-terminate connector, replace damaged cable, secure with clamps",Use vibration-rated connectors; add cable routing check to monthly inspection,Divya S,Closed,9.3
INC-1181,2025-03-22 20:34,Operator M. Pooja,WLD-01,Line-D,Customer complaint: scratch marks on finished parts from WLD-01 (Welding Robot) ,customer complaint: scratch marks on finished parts from WLD-01 (Welding Robot) line Please check asap. Line is running at reduced speed.,Quality,Medium,Method,Parts contacting each other during handling due to missing separators in trolley,"Sort and rework affected lot, add separators to trolley",Update handling work instruction; add visual check at station exit,Shivani,Closed,23.0
INC-1182,2025-03-23 07:08,Operator S. Revathi,PRS-02,Line-B,High rejection rate at PRS-02 (Stamping Press),high rejection rate at PRS-02 (Stamping Press) - dimensional mismatch found at inspection Happened during night shift. Line stopped intermittently.,Quality,High,Measurement,Gauge out of calibration and tool offset not updated after tool change,"Recalibrate gauge, reset tool offset, re-inspect last batch and quarantine suspects",Calibration schedule tracked in system; mandatory first-piece inspection after tool change,Meena Iyer,Closed,8.2
INC-1183,2025-03-23 08:57,Operator S. Lakshmi,PKG-01,Line-F,Line stopped at PKG-01 (Packaging Unit),line stopped at PKG-01 (Packaging Unit) - material not delivered on time Line stopped intermittently.,Process,High,Material,Kanban signal missed and supplier delivery schedule not aligned with production plan,"Expedite material, verify grade before loading",Revise reorder points; weekly supplier delivery review; incoming grade check,Sneha Patil,Closed,6.4
INC-1184,2025-03-24 05:03,Shift In-charge R. Nandini,WLD-02,Line-D,Overheating cable observed at WLD-02 (Welding Robot),"URGENT: overheating cable observed at WLD-02 (Welding Robot), insulation discoloured Please check asap. Entire line down.",Safety,Critical,Machine,Undersized cable and loose lug causing overheating under load,"Isolate power, replace cable with correct rating, tighten and torque-mark lugs",Thermography survey of panels every quarter; cable sizing review on any load addition,Sneha Patil,Closed,3.6
INC-1185,2025-03-24 13:23,Line Lead A. Swathi,ASM-01,Line-E,ASM-01 (Assembly Station) drive belt tension low,"ASM-01 (Assembly Station) drive belt tension low, intermittent stops Not first time. Output down slightly.",Mechanical,Medium,Method,Belt tension not checked after last maintenance; no standard tension procedure,"Re-tension and align belt, replace frayed section",Create SOP with tension measurement values; add post-maintenance verification step,Priya Menon,Closed,13.5
INC-1186,2025-03-25 20:09,Supervisor R. Kavitha,PKG-01,Line-F,PKG-01 (Packaging Unit) tripped on overload,"Pls check: pkg-01 (packaging unit) tripped on overload, motor hot to touch Seen 2 times today. Line is running at reduced speed.",Electrical,Medium,Machine,Motor winding insulation degraded causing high current draw,"Replace motor, verify current draw within rated limits",Quarterly insulation resistance test; thermal imaging scan in PM schedule,Deepa Nair,Closed,18.2
INC-1187,2025-03-26 01:38,Operator S. Revathi,CMP-01,Utilities,CMP-01 (Air Compressor) sensor not detecting parts,"URGENT: CMP-01 (Air Compressor) sensor not detecting parts, line stops randomly Workaround in place, low urgency.",Electrical,Low,Machine,Loose connector and damaged cable insulation at sensor due to vibration,"Re-terminate connector, replace damaged cable, secure with clamps",Use vibration-rated connectors; add cable routing check to monthly inspection,Divya S,Closed,38.1
INC-1188,2025-03-26 10:09,Operator S. Lakshmi,PKG-01,Line-F,Overheating cable observed at PKG-01 (Packaging Unit),"URGENT: overheating cable observed at PKG-01 (Packaging Unit), insulation discoloured Seen 2 times today. Person injured, first aid given.",Safety,High,Machine,Undersized cable and loose lug causing overheating under load,"Isolate power, replace cable with correct rating, tighten and torque-mark lugs",Thermography survey of panels every quarter; cable sizing review on any load addition,Sneha Patil,Closed,5.7
INC-1189,2025-03-27 06:19,Operator A. Raj,PNT-01,Line-E,Barcode scanner at PNT-01 (Paint Booth) failing to read labels,"FYI - barcode scanner at PNT-01 (Paint Booth) failing to read labels Not first time. Cosmetic only, can wait for planned maintenance.",Automation,Low,Measurement,Gateway service stopped after server patching; scanner lens dirty,"Restart and auto-enable gateway service, clean scanner, backfill missed counts",Service health monitoring with alerts; scanner cleaning in daily checklist,Deepa Nair,Closed,29.6
INC-1190,2025-03-28 20:00,Operator M. Pooja,CNV-02,Line-C,False stop on CNV-02 (Conveyor Belt),"FYI - false stop on CNV-02 (Conveyor Belt) - sensor flickering, wiring looks loose Please check asap.",Electrical,Medium,Machine,Loose connector and damaged cable insulation at sensor due to vibration,"Re-terminate connector, replace damaged cable, secure with clamps",Use vibration-rated connectors; add cable routing check to monthly inspection,Divya S,Closed,13.0
INC-1191,2025-03-29 15:43,Operator S. Lakshmi,WLD-01,Line-D,Weak weld joints detected in destructive test,"weak weld joints detected in destructive test, WLD-01 (Welding Robot) Please check asap. Production affected.",Quality,Medium,Material,Shielding gas contamination and moisture in wire spool,"Replace gas cylinder and wire spool, re-weld and re-test affected parts",Store wire in dry cabinet; gas purity check on cylinder receipt,Shivani,Closed,20.8
INC-1192,2025-03-30 15:28,Operator A. Raj,PKG-01,Line-F,Raw material shortage at PKG-01 (Packaging Unit),"raw material shortage at PKG-01 (Packaging Unit), line waiting for feed Line is running at reduced speed.",Process,Medium,Material,Kanban signal missed and supplier delivery schedule not aligned with production plan,"Expedite material, verify grade before loading",Revise reorder points; weekly supplier delivery review; incoming grade check,Shivani,Closed,26.6
INC-1193,2025-03-31 00:54,Operator M. Pooja,WLD-01,Line-D,Near miss: operator slipped on oil near WLD-01 (Welding Robot),Pls check: near miss: operator slipped on oil near WLD-01 (Welding Robot) Please check asap. Throughput down by half.,Safety,High,Environment,Coolant/oil leak not cleaned promptly; no drip tray and housekeeping gap,"Clean area, fit drip tray, fix source of leak, place warning signage",Housekeeping checklist each shift; leak detection in daily round,Ravi Kumar,Closed,10.5
INC-1194,2025-03-31 09:51,Operator M. Pooja,CNC-02,Line-A,Surface scratches found on products from CNC-02 (CNC Lathe),Pls check: surface scratches found on products from CNC-02 (CNC Lathe) Not first time.,Quality,Low,Method,Parts contacting each other during handling due to missing separators in trolley,"Sort and rework affected lot, add separators to trolley",Update handling work instruction; add visual check at station exit,Shivani,Closed,41.2
INC-1195,2025-04-01 01:55,Line Lead A. Swathi,CNC-01,Line-A,Weld spatter and incomplete fusion seen on parts from CNC-01 (CNC Milling Machin,URGENT: weld spatter and incomplete fusion seen on parts from CNC-01 (CNC Milling Machine) Happened during night shift. Production affected.,Quality,Medium,Material,Shielding gas contamination and moisture in wire spool,"Replace gas cylinder and wire spool, re-weld and re-test affected parts",Store wire in dry cabinet; gas purity check on cylinder receipt,Shivani,Closed,15.6
INC-1196,2025-04-01 13:36,Shift In-charge R. Nandini,WLD-02,Line-D,Wrong material grade supplied to WLD-02 (Welding Robot),"wrong material grade supplied to WLD-02 (Welding Robot) Cosmetic only, can wait for planned maintenance.",Process,Low,Material,Kanban signal missed and supplier delivery schedule not aligned with production plan,"Expedite material, verify grade before loading",Revise reorder points; weekly supplier delivery review; incoming grade check,Shivani,Closed,38.7
INC-1197,2025-04-01 20:14,Operator A. Raj,WLD-01,Line-D,WLD-01 (Welding Robot) output dropped,"WLD-01 (Welding Robot) output dropped, takt time not being met Not first time. Output down slightly.",Process,Medium,Method,Changeover steps not standardized; operators using different sequences,Time-study the sequence and publish standard work for changeover,SMED workshop; visual work instruction at station; monthly process audit,Priya Menon,Closed,27.3
INC-1198,2025-04-01 23:57,Supervisor R. Kavitha,WLD-02,Line-D,WLD-02 (Welding Robot) vision system rejecting good parts,WLD-02 (Welding Robot) vision system rejecting good parts Line stopped intermittently.,Automation,Critical,Method,Robot TCP not re-calibrated after collision/e-stop recovery; no recovery procedure,"Re-teach TCP and vision calibration, validate with test pieces",Document post-e-stop recovery SOP; add calibration check to start-of-shift routine,Deepa Nair,Closed,2.3
INC-1199,2025-04-02 02:18,Operator S. Lakshmi,WLD-02,Line-D,WLD-02 (Welding Robot) HMI shows communication error with PLC,Reported by operator: WLD-02 (Welding Robot) HMI shows communication error with PLC Seen 2 times today. Production affected.,Automation,Medium,Machine,Firmware mismatch after last update and weak network cable between HMI and PLC,"Reflash correct firmware, replace network cable, verify communication",Change-control for firmware updates with rollback plan; periodic network health test,Ravi Kumar,Closed,16.3
INC-1200,2025-04-02 06:17,Supervisor R. Kavitha,PRS-01,Line-B,Robot on PRS-01 (Hydraulic Press) stopped with servo alarm,Pls check: robot on PRS-01 (Hydraulic Press) stopped with servo alarm Customer order at risk.,Automation,High,Machine,Firmware mismatch after last update and weak network cable between HMI and PLC,"Reflash correct firmware, replace network cable, verify communication",Change-control for firmware updates with rollback plan; periodic network health test,Anita Sharma,Closed,9.7
INC-1201,2025-04-02 11:38,Shift In-charge R. Nandini,CMP-01,Utilities,Motor of CMP-01 (Air Compressor) keeps tripping breaker after 10 minutes of runn,motor of CMP-01 (Air Compressor) keeps tripping breaker after 10 minutes of running Please check asap.,Electrical,High,Machine,Motor winding insulation degraded causing high current draw,"Replace motor, verify current draw within rated limits",Quarterly insulation resistance test; thermal imaging scan in PM schedule,Divya S,Closed,7.4
INC-1202,2025-04-03 02:33,Operator M. Pooja,CNV-02,Line-C,Belt on CNV-02 (Conveyor Belt) misaligned and edge fraying,"Reported by operator: belt on CNV-02 (Conveyor Belt) misaligned and edge fraying Happened during night shift. Minor, running normally.",Mechanical,Low,Method,Belt tension not checked after last maintenance; no standard tension procedure,"Re-tension and align belt, replace frayed section",Create SOP with tension measurement values; add post-maintenance verification step,Ravi Kumar,Closed,42.1
INC-1203,2025-04-03 12:29,Operator M. Pooja,CMP-01,Utilities,Emergency stop on CMP-01 (Air Compressor) not responding during test,emergency stop on CMP-01 (Air Compressor) not responding during test,Safety,Critical,Man,Guard removed during maintenance and not refitted; no sign-off before restart,"Refit guard, restore interlock, retest e-stop, counsel involved personnel",Lockout-tagout with restart sign-off checklist; periodic safety audit and retraining,Ravi Kumar,Closed,4.7
INC-1204,2025-04-03 16:46,Operator S. Revathi,WLD-01,Line-D,Line stopped at WLD-01 (Welding Robot),Pls check: line stopped at WLD-01 (Welding Robot) - material not delivered on time Seen 2 times today. Line is running at reduced speed.,Process,Medium,Material,Kanban signal missed and supplier delivery schedule not aligned with production plan,"Expedite material, verify grade before loading",Revise reorder points; weekly supplier delivery review; incoming grade check,Priya Menon,Closed,12.0
INC-1205,2025-04-04 14:48,Operator M. Pooja,WLD-02,Line-D,Operator minor injury,FYI - operator minor injury - slipped near WLD-02 (Welding Robot) on spilled coolant Please check asap.,Safety,High,Environment,Coolant/oil leak not cleaned promptly; no drip tray and housekeeping gap,"Clean area, fit drip tray, fix source of leak, place warning signage",Housekeeping checklist each shift; leak detection in daily round,Ravi Kumar,Closed,6.7
INC-1206,2025-04-04 22:17,Operator A. Raj,CNV-01,Line-C,False stop on CNV-01 (Conveyor Belt),"URGENT: false stop on CNV-01 (Conveyor Belt) - sensor flickering, wiring looks loose Please check asap. Person injured, first aid given.",Electrical,High,Machine,Loose connector and damaged cable insulation at sensor due to vibration,"Re-terminate connector, replace damaged cable, secure with clamps",Use vibration-rated connectors; add cable routing check to monthly inspection,Meena Iyer,Closed,5.0
INC-1207,2025-04-05 08:43,Supervisor R. Kavitha,CMP-01,Utilities,Weld spatter and incomplete fusion seen on parts from CMP-01 (Air Compressor),weld spatter and incomplete fusion seen on parts from CMP-01 (Air Compressor),Quality,Medium,Material,Shielding gas contamination and moisture in wire spool,"Replace gas cylinder and wire spool, re-weld and re-test affected parts",Store wire in dry cabinet; gas purity check on cylinder receipt,Shivani,Closed,18.4
INC-1208,2025-04-07 00:07,Shift In-charge R. Nandini,CNV-02,Line-C,CNV-02 (Conveyor Belt) pressure dropping,"Reported by operator: CNV-02 (Conveyor Belt) pressure dropping, oil seen near cylinder Started after lunch break. Line stopped intermittently.",Mechanical,High,Material,Hydraulic seal degraded due to age and use of non-spec seal material,"Replace seal and hose with OEM-spec parts, top up and bleed hydraulic oil",Define seal replacement interval; stock only OEM-approved spares; add leak inspection to daily round,Divya S,Closed,4.4
INC-1209,2025-04-07 07:57,Operator M. Pooja,CNV-01,Line-C,Weld porosity found in samples from CNV-01 (Conveyor Belt),weld porosity found in samples from CNV-01 (Conveyor Belt) Seen 2 times today. Big scrap pile building up.,Quality,High,Material,Shielding gas contamination and moisture in wire spool,"Replace gas cylinder and wire spool, re-weld and re-test affected parts",Store wire in dry cabinet; gas purity check on cylinder receipt,Shivani,Closed,8.8
INC-1210,2025-04-07 08:06,Operator M. Pooja,CNV-02,Line-C,Wrong material grade supplied to CNV-02 (Conveyor Belt),FYI - wrong material grade supplied to CNV-02 (Conveyor Belt) No impact on output.,Process,Low,Material,Kanban signal missed and supplier delivery schedule not aligned with production plan,"Expedite material, verify grade before loading",Revise reorder points; weekly supplier delivery review; incoming grade check,Priya Menon,Closed,50.0
INC-1211,2025-04-07 20:06,Operator A. Raj,PRS-01,Line-B,Control panel of PRS-01 (Hydraulic Press) shows undervoltage alarm,URGENT: control panel of PRS-01 (Hydraulic Press) shows undervoltage alarm Please check asap. Production affected.,Electrical,Medium,Environment,Unstable supply voltage during peak load; no voltage stabilizer on control circuit,"Install stabilizer/UPS on control circuit, tighten incoming terminals",Power quality monitoring on feeder; load balancing across shifts,Divya S,Closed,29.0
INC-1212,2025-04-08 08:06,Operator T. Mary,PNT-01,Line-E,Hydraulic oil leaking under PNT-01 (Paint Booth),"Pls check: hydraulic oil leaking under pnt-01 (paint booth), puddle on floor Started after lunch break. Line stopped intermittently.",Mechanical,High,Material,Hydraulic seal degraded due to age and use of non-spec seal material,"Replace seal and hose with OEM-spec parts, top up and bleed hydraulic oil",Define seal replacement interval; stock only OEM-approved spares; add leak inspection to daily round,Ravi Kumar,Closed,8.2
INC-1213,2025-04-08 08:24,Supervisor R. Kavitha,CNV-01,Line-C,CNV-01 (Conveyor Belt) output dropped,"URGENT: cnv-01 (conveyor belt) output dropped, takt time not being met Started after lunch break. Line is running at reduced speed.",Process,Medium,Method,Changeover steps not standardized; operators using different sequences,Time-study the sequence and publish standard work for changeover,SMED workshop; visual work instruction at station; monthly process audit,Meena Iyer,Closed,19.2
INC-1214,2025-04-08 19:17,Operator M. Pooja,CNV-01,Line-C,Parts from CNV-01 (Conveyor Belt) out of tolerance,"FYI - parts from CNV-01 (Conveyor Belt) out of tolerance, diameter oversize by 0.05 mm Started after lunch break. Line is running at reduced speed.",Quality,High,Measurement,Gauge out of calibration and tool offset not updated after tool change,"Recalibrate gauge, reset tool offset, re-inspect last batch and quarantine suspects",Calibration schedule tracked in system; mandatory first-piece inspection after tool change,Meena Iyer,Closed,8.3
INC-1215,2025-04-09 09:12,Line Lead A. Swathi,WLD-02,Line-D,Proximity sensor on WLD-02 (Welding Robot) giving intermittent signal,Pls check: proximity sensor on WLD-02 (Welding Robot) giving intermittent signal Happened during night shift. Output down slightly.,Electrical,Medium,Machine,Loose connector and damaged cable insulation at sensor due to vibration,"Re-terminate connector, replace damaged cable, secure with clamps",Use vibration-rated connectors; add cable routing check to monthly inspection,Divya S,Closed,14.0
INC-1216,2025-04-09 12:31,Operator M. Pooja,WLD-02,Line-D,Parts from WLD-02 (Welding Robot) out of tolerance,"parts from WLD-02 (Welding Robot) out of tolerance, diameter oversize by 0.05 mm Seen 2 times today. Some rework needed.",Quality,High,Measurement,Gauge out of calibration and tool offset not updated after tool change,"Recalibrate gauge, reset tool offset, re-inspect last batch and quarantine suspects",Calibration schedule tracked in system; mandatory first-piece inspection after tool change,Shivani,Closed,6.5
INC-1217,2025-04-10 06:15,Operator S. Lakshmi,WLD-01,Line-D,Overheating cable observed at WLD-01 (Welding Robot),"URGENT: overheating cable observed at WLD-01 (Welding Robot), insulation discoloured",Safety,High,Machine,Undersized cable and loose lug causing overheating under load,"Isolate power, replace cable with correct rating, tighten and torque-mark lugs",Thermography survey of panels every quarter; cable sizing review on any load addition,Sneha Patil,Closed,9.1
INC-1218,2025-04-10 06:30,Operator M. Pooja,PNT-01,Line-E,Line stopped at PNT-01 (Paint Booth),"Reported by operator: line stopped at PNT-01 (Paint Booth) - material not delivered on time Seen 2 times today. Minor, running normally.",Process,Low,Material,Kanban signal missed and supplier delivery schedule not aligned with production plan,"Expedite material, verify grade before loading",Revise reorder points; weekly supplier delivery review; incoming grade check,Shivani,Closed,28.6
INC-1219,2025-04-10 07:31,Line Lead A. Swathi,CMP-01,Utilities,False stop on CMP-01 (Air Compressor),"false stop on CMP-01 (Air Compressor) - sensor flickering, wiring looks loose Started after lunch break. Throughput down by half.",Electrical,High,Machine,Loose connector and damaged cable insulation at sensor due to vibration,"Re-terminate connector, replace damaged cable, secure with clamps",Use vibration-rated connectors; add cable routing check to monthly inspection,Anita Sharma,Closed,6.1
INC-1220,2025-04-12 00:11,Shift In-charge R. Nandini,CNC-01,Line-A,Safety guard missing on CNC-01 (CNC Milling Machine),"safety guard missing on CNC-01 (CNC Milling Machine), operator noticed during start of shift Please check asap. Line stopped intermittently.",Safety,Critical,Man,Guard removed during maintenance and not refitted; no sign-off before restart,"Refit guard, restore interlock, retest e-stop, counsel involved personnel",Lockout-tagout with restart sign-off checklist; periodic safety audit and retraining,Sneha Patil,Closed,3.4
INC-1221,2025-04-12 06:47,Operator M. Pooja,PRS-01,Line-B,Interlock on PRS-01 (Hydraulic Press) door bypassed with tape,"URGENT: interlock on PRS-01 (Hydraulic Press) door bypassed with tape Machine stopped, no backup available.",Safety,Critical,Man,Guard removed during maintenance and not refitted; no sign-off before restart,"Refit guard, restore interlock, retest e-stop, counsel involved personnel",Lockout-tagout with restart sign-off checklist; periodic safety audit and retraining,Sneha Patil,Closed,4.1
INC-1222,2025-04-12 19:30,Operator A. Raj,CNC-01,Line-A,MES not receiving production count from CNC-01 (CNC Milling Machine),Reported by operator: MES not receiving production count from CNC-01 (CNC Milling Machine) Production affected.,Automation,Medium,Measurement,Gateway service stopped after server patching; scanner lens dirty,"Restart and auto-enable gateway service, clean scanner, backfill missed counts",Service health monitoring with alerts; scanner cleaning in daily checklist,Deepa Nair,Closed,33.8
INC-1223,2025-04-13 04:39,Operator M. Pooja,WLD-01,Line-D,Safety guard missing on WLD-01 (Welding Robot),"safety guard missing on WLD-01 (Welding Robot), operator noticed during start of shift",Safety,Critical,Man,Guard removed during maintenance and not refitted; no sign-off before restart,"Refit guard, restore interlock, retest e-stop, counsel involved personnel",Lockout-tagout with restart sign-off checklist; periodic safety audit and retraining,Ravi Kumar,Closed,3.2
INC-1224,2025-04-13 06:30,Operator M. Pooja,CNC-02,Line-A,CNC-02 (CNC Lathe) bearing sounds rough,"Reported by operator: CNC-02 (CNC Lathe) bearing sounds rough, temperature rising near motor end Not first time. Machine stopped, no backup available.",Mechanical,Critical,Machine,Bearing wear due to inadequate lubrication over multiple shifts,"Replace worn bearing, re-grease and realign shaft, run 30-min trial",Add bearing lubrication to weekly PM checklist; install vibration sensor with alert threshold,Divya S,Closed,4.1
INC-1225,2025-04-13 12:02,Supervisor R. Kavitha,CNV-02,Line-C,Belt on CNV-02 (Conveyor Belt) misaligned and edge fraying,belt on CNV-02 (Conveyor Belt) misaligned and edge fraying Not first time. Some rework needed.,Mechanical,Medium,Method,Belt tension not checked after last maintenance; no standard tension procedure,"Re-tension and align belt, replace frayed section",Create SOP with tension measurement values; add post-maintenance verification step,Ravi Kumar,Closed,13.8
INC-1226,2025-04-14 02:44,Operator S. Revathi,CNV-02,Line-C,Burning smell from electrical panel of CNV-02 (Conveyor Belt),"burning smell from electrical panel of CNV-02 (Conveyor Belt) Started after lunch break. Machine stopped, no backup available.",Safety,Critical,Machine,Undersized cable and loose lug causing overheating under load,"Isolate power, replace cable with correct rating, tighten and torque-mark lugs",Thermography survey of panels every quarter; cable sizing review on any load addition,Sneha Patil,Closed,3.1
INC-1227,2025-04-14 12:48,Supervisor R. Kavitha,ASM-01,Line-E,Customer complaint: scratch marks on finished parts from ASM-01 (Assembly Statio,"customer complaint: scratch marks on finished parts from ASM-01 (Assembly Station) line Please check asap. Cosmetic only, can wait for planned maintenance.",Quality,Low,Method,Parts contacting each other during handling due to missing separators in trolley,"Sort and rework affected lot, add separators to trolley",Update handling work instruction; add visual check at station exit,Meena Iyer,Closed,25.7
INC-1228,2025-04-14 17:00,Operator S. Lakshmi,PRS-02,Line-B,Overcurrent fault on PRS-02 (Stamping Press) drive,"overcurrent fault on PRS-02 (Stamping Press) drive, restart fails Not first time. Throughput down by half.",Electrical,High,Machine,Motor winding insulation degraded causing high current draw,"Replace motor, verify current draw within rated limits",Quarterly insulation resistance test; thermal imaging scan in PM schedule,Deepa Nair,Closed,9.7
INC-1229,2025-04-14 21:04,Operator M. Pooja,PRS-01,Line-B,Slip hazard reported around PRS-01 (Hydraulic Press),"slip hazard reported around PRS-01 (Hydraulic Press), floor wet and oily Please check asap. Throughput down by half.",Safety,High,Environment,Coolant/oil leak not cleaned promptly; no drip tray and housekeeping gap,"Clean area, fit drip tray, fix source of leak, place warning signage",Housekeeping checklist each shift; leak detection in daily round,Sneha Patil,Closed,9.2
INC-1230,2025-04-15 06:10,Shift In-charge R. Nandini,CNC-01,Line-A,Production slow at CNC-01 (CNC Milling Machine),"Pls check: production slow at CNC-01 (CNC Milling Machine), frequent waiting between steps Big scrap pile building up.",Process,High,Method,Changeover steps not standardized; operators using different sequences,Time-study the sequence and publish standard work for changeover,SMED workshop; visual work instruction at station; monthly process audit,Priya Menon,Closed,5.8
INC-1231,2025-04-15 10:49,Supervisor R. Kavitha,CMP-01,Utilities,Wrong material grade supplied to CMP-01 (Air Compressor),wrong material grade supplied to CMP-01 (Air Compressor) Happened during night shift. Some rework needed.,Process,Medium,Material,Kanban signal missed and supplier delivery schedule not aligned with production plan,"Expedite material, verify grade before loading",Revise reorder points; weekly supplier delivery review; incoming grade check,Sneha Patil,Closed,12.0
INC-1232,2025-04-15 20:35,Operator S. Revathi,CNC-01,Line-A,Weld porosity found in samples from CNC-01 (CNC Milling Machine),weld porosity found in samples from CNC-01 (CNC Milling Machine) Line stopped intermittently.,Quality,High,Material,Shielding gas contamination and moisture in wire spool,"Replace gas cylinder and wire spool, re-weld and re-test affected parts",Store wire in dry cabinet; gas purity check on cylinder receipt,Meena Iyer,Closed,10.2
INC-1233,2025-04-16 06:04,Line Lead A. Swathi,WLD-01,Line-D,Data from WLD-01 (Welding Robot) missing on dashboard since morning,FYI - data from wld-01 (welding robot) missing on dashboard since morning Please check asap. Output down slightly.,Automation,Medium,Measurement,Gateway service stopped after server patching; scanner lens dirty,"Restart and auto-enable gateway service, clean scanner, backfill missed counts",Service health monitoring with alerts; scanner cleaning in daily checklist,Deepa Nair,Closed,14.4
INC-1234,2025-04-16 08:15,Operator M. Pooja,CMP-01,Utilities,Control panel of CMP-01 (Air Compressor) shows undervoltage alarm,control panel of CMP-01 (Air Compressor) shows undervoltage alarm Seen 2 times today. Entire line down.,Electrical,Critical,Environment,Unstable supply voltage during peak load; no voltage stabilizer on control circuit,"Install stabilizer/UPS on control circuit, tighten incoming terminals",Power quality monitoring on feeder; load balancing across shifts,Deepa Nair,Closed,3.7
INC-1235,2025-04-16 11:37,Operator T. Mary,PNT-01,Line-E,Production slow at PNT-01 (Paint Booth),"Reported by operator: production slow at PNT-01 (Paint Booth), frequent waiting between steps Started after lunch break. No impact on output.",Process,Low,Method,Changeover steps not standardized; operators using different sequences,Time-study the sequence and publish standard work for changeover,SMED workshop; visual work instruction at station; monthly process audit,Meena Iyer,Closed,40.0
INC-1236,2025-04-17 20:15,Shift In-charge R. Nandini,WLD-02,Line-D,WLD-02 (Welding Robot) drive belt tension low,"WLD-02 (Welding Robot) drive belt tension low, intermittent stops Started after lunch break. Production affected.",Mechanical,Medium,Method,Belt tension not checked after last maintenance; no standard tension procedure,"Re-tension and align belt, replace frayed section",Create SOP with tension measurement values; add post-maintenance verification step,Ravi Kumar,Closed,24.9
INC-1237,2025-04-18 00:50,Operator M. Pooja,CNC-02,Line-A,Metal grinding sound coming from CNC-02 (CNC Lathe) drive section,"URGENT: metal grinding sound coming from CNC-02 (CNC Lathe) drive section Machine stopped, no backup available.",Mechanical,High,Machine,Bearing wear due to inadequate lubrication over multiple shifts,"Replace worn bearing, re-grease and realign shaft, run 30-min trial",Add bearing lubrication to weekly PM checklist; install vibration sensor with alert threshold,Ravi Kumar,Closed,5.6
INC-1238,2025-04-18 07:31,Operator S. Lakshmi,WLD-02,Line-D,WLD-02 (Welding Robot) drive belt tension low,"WLD-02 (Welding Robot) drive belt tension low, intermittent stops",Mechanical,High,Method,Belt tension not checked after last maintenance; no standard tension procedure,"Re-tension and align belt, replace frayed section",Create SOP with tension measurement values; add post-maintenance verification step,Priya Menon,Closed,4.1
INC-1239,2025-04-18 09:46,Operator S. Revathi,PRS-02,Line-B,Belt on PRS-02 (Stamping Press) misaligned and edge fraying,belt on PRS-02 (Stamping Press) misaligned and edge fraying Please check asap. Line is running at reduced speed.,Mechanical,Medium,Method,Belt tension not checked after last maintenance; no standard tension procedure,"Re-tension and align belt, replace frayed section",Create SOP with tension measurement values; add post-maintenance verification step,Divya S,Closed,13.8
INC-1240,2025-04-18 10:06,Operator S. Lakshmi,CMP-01,Utilities,Smoke smell and slight sparks near CMP-01 (Air Compressor) panel,smoke smell and slight sparks near CMP-01 (Air Compressor) panel Throughput down by half.,Safety,High,Machine,Undersized cable and loose lug causing overheating under load,"Isolate power, replace cable with correct rating, tighten and torque-mark lugs",Thermography survey of panels every quarter; cable sizing review on any load addition,Sneha Patil,Closed,14.6
INC-1241,2025-04-18 22:56,Supervisor R. Kavitha,PKG-01,Line-F,PKG-01 (Packaging Unit) HMI shows communication error with PLC,PKG-01 (Packaging Unit) HMI shows communication error with PLC Seen 2 times today. Production affected.,Automation,Medium,Machine,Firmware mismatch after last update and weak network cable between HMI and PLC,"Reflash correct firmware, replace network cable, verify communication",Change-control for firmware updates with rollback plan; periodic network health test,Anita Sharma,Closed,18.2
INC-1242,2025-04-18 22:58,Operator T. Mary,WLD-01,Line-D,False stop on WLD-01 (Welding Robot),"false stop on WLD-01 (Welding Robot) - sensor flickering, wiring looks loose Happened during night shift. Some rework needed.",Electrical,Medium,Machine,Loose connector and damaged cable insulation at sensor due to vibration,"Re-terminate connector, replace damaged cable, secure with clamps",Use vibration-rated connectors; add cable routing check to monthly inspection,Deepa Nair,Closed,8.7
INC-1243,2025-04-19 06:58,Operator T. Mary,WLD-01,Line-D,WLD-01 (Welding Robot) bearing sounds rough,"FYI - WLD-01 (Welding Robot) bearing sounds rough, temperature rising near motor end Not first time. Line is running at reduced speed.",Mechanical,Medium,Machine,Bearing wear due to inadequate lubrication over multiple shifts,"Replace worn bearing, re-grease and realign shaft, run 30-min trial",Add bearing lubrication to weekly PM checklist; install vibration sensor with alert threshold,Priya Menon,Closed,22.7
INC-1244,2025-04-19 13:11,Operator A. Raj,CNV-02,Line-C,Dimension rejection from CNV-02 (Conveyor Belt) batch,"dimension rejection from CNV-02 (Conveyor Belt) batch, gauge reading above limit Please check asap. Line stopped intermittently.",Quality,Medium,Measurement,Gauge out of calibration and tool offset not updated after tool change,"Recalibrate gauge, reset tool offset, re-inspect last batch and quarantine suspects",Calibration schedule tracked in system; mandatory first-piece inspection after tool change,Anita Sharma,Closed,18.3
INC-1245,2025-04-21 08:47,Shift In-charge R. Nandini,CNV-01,Line-C,Operator minor injury,"operator minor injury - slipped near CNV-01 (Conveyor Belt) on spilled coolant Seen 2 times today. Shipment on hold, customer escalation.",Safety,Critical,Environment,Coolant/oil leak not cleaned promptly; no drip tray and housekeeping gap,"Clean area, fit drip tray, fix source of leak, place warning signage",Housekeeping checklist each shift; leak detection in daily round,Ravi Kumar,Closed,4.8
INC-1246,2025-04-21 17:29,Operator T. Mary,WLD-01,Line-D,MES not receiving production count from WLD-01 (Welding Robot),Pls check: MES not receiving production count from WLD-01 (Welding Robot) Line is running at reduced speed.,Automation,Low,Measurement,Gateway service stopped after server patching; scanner lens dirty,"Restart and auto-enable gateway service, clean scanner, backfill missed counts",Service health monitoring with alerts; scanner cleaning in daily checklist,Anita Sharma,Closed,51.1
INC-1247,2025-04-22 01:19,Operator M. Pooja,CNC-02,Line-A,Safety guard missing on CNC-02 (CNC Lathe),"safety guard missing on CNC-02 (CNC Lathe), operator noticed during start of shift Seen 2 times today. Line stopped intermittently.",Safety,High,Man,Guard removed during maintenance and not refitted; no sign-off before restart,"Refit guard, restore interlock, retest e-stop, counsel involved personnel",Lockout-tagout with restart sign-off checklist; periodic safety audit and retraining,Sneha Patil,Closed,12.5
INC-1248,2025-04-23 02:15,Operator M. Pooja,ASM-01,Line-E,High rejection rate at ASM-01 (Assembly Station),high rejection rate at ASM-01 (Assembly Station) - dimensional mismatch found at inspection Please check asap. Production affected.,Quality,Medium,Measurement,Gauge out of calibration and tool offset not updated after tool change,"Recalibrate gauge, reset tool offset, re-inspect last batch and quarantine suspects",Calibration schedule tracked in system; mandatory first-piece inspection after tool change,Shivani,Closed,14.2
INC-1249,2025-04-23 03:33,Operator A. Raj,CNC-01,Line-A,Overcurrent fault on CNC-01 (CNC Milling Machine) drive,"URGENT: overcurrent fault on CNC-01 (CNC Milling Machine) drive, restart fails Please check asap. Line stopped intermittently.",Electrical,High,Machine,Motor winding insulation degraded causing high current draw,"Replace motor, verify current draw within rated limits",Quarterly insulation resistance test; thermal imaging scan in PM schedule,Deepa Nair,Closed,5.5
INC-1250,2025-04-24 08:15,Operator S. Revathi,PRS-02,Line-B,Safety guard missing on PRS-02 (Stamping Press),"FYI - safety guard missing on PRS-02 (Stamping Press), operator noticed during start of shift Line stopped intermittently.",Safety,Critical,Man,Guard removed during maintenance and not refitted; no sign-off before restart,"Refit guard, restore interlock, retest e-stop, counsel involved personnel",Lockout-tagout with restart sign-off checklist; periodic safety audit and retraining,Ravi Kumar,Closed,3.7
INC-1251,2025-04-24 13:31,Operator S. Revathi,PNT-01,Line-E,Robot on PNT-01 (Paint Booth) positioning drift,"robot on PNT-01 (Paint Booth) positioning drift, parts picked off-centre Not first time. Big scrap pile building up.",Automation,High,Method,Robot TCP not re-calibrated after collision/e-stop recovery; no recovery procedure,"Re-teach TCP and vision calibration, validate with test pieces",Document post-e-stop recovery SOP; add calibration check to start-of-shift routine,Deepa Nair,Closed,10.1
INC-1252,2025-04-24 23:35,Operator A. Raj,WLD-02,Line-D,WLD-02 (Welding Robot) HMI shows communication error with PLC,"WLD-02 (Welding Robot) HMI shows communication error with PLC Machine stopped, no backup available.",Automation,Critical,Machine,Firmware mismatch after last update and weak network cable between HMI and PLC,"Reflash correct firmware, replace network cable, verify communication",Change-control for firmware updates with rollback plan; periodic network health test,Anita Sharma,Closed,1.2
INC-1253,2025-04-25 10:46,Supervisor R. Kavitha,ASM-01,Line-E,Motor of ASM-01 (Assembly Station) keeps tripping breaker after 10 minutes of ru,Reported by operator: motor of ASM-01 (Assembly Station) keeps tripping breaker after 10 minutes of running Seen 2 times today. Big scrap pile building up.,Electrical,High,Machine,Motor winding insulation degraded causing high current draw,"Replace motor, verify current draw within rated limits",Quarterly insulation resistance test; thermal imaging scan in PM schedule,Deepa Nair,Closed,5.7
INC-1254,2025-04-25 15:01,Line Lead A. Swathi,CNC-01,Line-A,Safety guard missing on CNC-01 (CNC Milling Machine),"FYI - safety guard missing on CNC-01 (CNC Milling Machine), operator noticed during start of shift Started after lunch break. Machine stopped, no backup available.",Safety,Critical,Man,Guard removed during maintenance and not refitted; no sign-off before restart,"Refit guard, restore interlock, retest e-stop, counsel involved personnel",Lockout-tagout with restart sign-off checklist; periodic safety audit and retraining,Sneha Patil,Closed,5.3
INC-1255,2025-04-25 15:50,Operator M. Pooja,WLD-01,Line-D,Interlock on WLD-01 (Welding Robot) door bypassed with tape,"interlock on WLD-01 (Welding Robot) door bypassed with tape Not first time. Machine stopped, no backup available.",Safety,Critical,Man,Guard removed during maintenance and not refitted; no sign-off before restart,"Refit guard, restore interlock, retest e-stop, counsel involved personnel",Lockout-tagout with restart sign-off checklist; periodic safety audit and retraining,Sneha Patil,Closed,5.2
INC-1256,2025-04-25 17:00,Operator T. Mary,CNC-01,Line-A,Paint finish defect on CNC-01 (CNC Milling Machine),"FYI - paint finish defect on cnc-01 (cnc milling machine), run marks visible Please check asap. Production affected.",Process,Medium,Environment,Booth humidity and temperature outside spec; filter clogged,"Replace filters, adjust HVAC setpoints, re-coat affected parts",Add humidity/temperature alarm; filter change interval in PM plan,Anita Sharma,Closed,16.7
INC-1257,2025-04-26 08:28,Line Lead A. Swathi,PNT-01,Line-E,Belt on PNT-01 (Paint Booth) misaligned and edge fraying,"belt on pnt-01 (paint booth) misaligned and edge fraying Please check asap. Minor, running normally.",Mechanical,Low,Method,Belt tension not checked after last maintenance; no standard tension procedure,"Re-tension and align belt, replace frayed section",Create SOP with tension measurement values; add post-maintenance verification step,Priya Menon,Closed,52.5
INC-1258,2025-04-27 05:36,Shift In-charge R. Nandini,WLD-02,Line-D,WLD-02 (Welding Robot) sensor not detecting parts,"Reported by operator: WLD-02 (Welding Robot) sensor not detecting parts, line stops randomly Not first time. Some rework needed.",Electrical,Medium,Machine,Loose connector and damaged cable insulation at sensor due to vibration,"Re-terminate connector, replace damaged cable, secure with clamps",Use vibration-rated connectors; add cable routing check to monthly inspection,Divya S,Closed,11.4
INC-1259,2025-04-27 05:45,Operator S. Lakshmi,CMP-01,Utilities,CMP-01 (Air Compressor) bearing sounds rough,"cmp-01 (air compressor) bearing sounds rough, temperature rising near motor end Not first time. Big scrap pile building up.",Mechanical,High,Machine,Bearing wear due to inadequate lubrication over multiple shifts,"Replace worn bearing, re-grease and realign shaft, run 30-min trial",Add bearing lubrication to weekly PM checklist; install vibration sensor with alert threshold,Divya S,Closed,6.9
INC-1260,2025-04-27 15:44,Shift In-charge R. Nandini,ASM-01,Line-E,Dimension rejection from ASM-01 (Assembly Station) batch,"Pls check: dimension rejection from ASM-01 (Assembly Station) batch, gauge reading above limit",Quality,High,Measurement,Gauge out of calibration and tool offset not updated after tool change,"Recalibrate gauge, reset tool offset, re-inspect last batch and quarantine suspects",Calibration schedule tracked in system; mandatory first-piece inspection after tool change,Deepa Nair,Closed,9.7
INC-1261,2025-04-28 12:37,Supervisor R. Kavitha,PRS-02,Line-B,Oil leak at hose joint of PRS-02 (Stamping Press),"URGENT: oil leak at hose joint of PRS-02 (Stamping Press), machine slow to respond Entire line down.",Mechanical,Critical,Material,Hydraulic seal degraded due to age and use of non-spec seal material,"Replace seal and hose with OEM-spec parts, top up and bleed hydraulic oil",Define seal replacement interval; stock only OEM-approved spares; add leak inspection to daily round,Priya Menon,Closed,3.6
INC-1262,2025-04-28 20:47,Line Lead A. Swathi,ASM-01,Line-E,Control panel of ASM-01 (Assembly Station) shows undervoltage alarm,"Reported by operator: control panel of ASM-01 (Assembly Station) shows undervoltage alarm Seen 2 times today. Workaround in place, low urgency.",Electrical,Low,Environment,Unstable supply voltage during peak load; no voltage stabilizer on control circuit,"Install stabilizer/UPS on control circuit, tighten incoming terminals",Power quality monitoring on feeder; load balancing across shifts,Anita Sharma,Closed,33.5
INC-1263,2025-04-29 10:35,Line Lead A. Swathi,WLD-01,Line-D,Robot on WLD-01 (Welding Robot) stopped with servo alarm,FYI - robot on WLD-01 (Welding Robot) stopped with servo alarm Please check asap. Line stopped intermittently.,Automation,High,Machine,Firmware mismatch after last update and weak network cable between HMI and PLC,"Reflash correct firmware, replace network cable, verify communication",Change-control for firmware updates with rollback plan; periodic network health test,Anita Sharma,Closed,7.5
INC-1264,2025-04-30 06:04,Operator S. Lakshmi,CNV-01,Line-C,CNV-01 (Conveyor Belt) output dropped,"FYI - CNV-01 (Conveyor Belt) output dropped, takt time not being met Output down slightly.",Process,Medium,Method,Changeover steps not standardized; operators using different sequences,Time-study the sequence and publish standard work for changeover,SMED workshop; visual work instruction at station; monthly process audit,Sneha Patil,Closed,21.4
INC-1265,2025-04-30 06:54,Supervisor R. Kavitha,WLD-01,Line-D,Calibration lost on WLD-01 (Welding Robot) robot after emergency stop,calibration lost on WLD-01 (Welding Robot) robot after emergency stop Seen 2 times today. Some rework needed.,Automation,Medium,Method,Robot TCP not re-calibrated after collision/e-stop recovery; no recovery procedure,"Re-teach TCP and vision calibration, validate with test pieces",Document post-e-stop recovery SOP; add calibration check to start-of-shift routine,Deepa Nair,Closed,18.7
INC-1266,2025-04-30 22:36,Operator T. Mary,ASM-01,Line-E,Production slow at ASM-01 (Assembly Station),"production slow at ASM-01 (Assembly Station), frequent waiting between steps Minor, running normally.",Process,Low,Method,Changeover steps not standardized; operators using different sequences,Time-study the sequence and publish standard work for changeover,SMED workshop; visual work instruction at station; monthly process audit,Priya Menon,Closed,59.4
INC-1267,2025-05-01 04:19,Supervisor R. Kavitha,WLD-01,Line-D,Weld spatter and incomplete fusion seen on parts from WLD-01 (Welding Robot),Reported by operator: weld spatter and incomplete fusion seen on parts from WLD-01 (Welding Robot) Output down slightly.,Quality,Medium,Material,Shielding gas contamination and moisture in wire spool,"Replace gas cylinder and wire spool, re-weld and re-test affected parts",Store wire in dry cabinet; gas purity check on cylinder receipt,Shivani,Closed,18.8
INC-1268,2025-05-01 10:18,Operator M. Pooja,WLD-01,Line-D,Weld spatter and incomplete fusion seen on parts from WLD-01 (Welding Robot),"URGENT: weld spatter and incomplete fusion seen on parts from wld-01 (welding robot) Not first time. Shipment on hold, customer escalation.",Quality,Critical,Material,Shielding gas contamination and moisture in wire spool,"Replace gas cylinder and wire spool, re-weld and re-test affected parts",Store wire in dry cabinet; gas purity check on cylinder receipt,Shivani,Closed,5.7
INC-1269,2025-05-02 07:32,Operator T. Mary,ASM-01,Line-E,ASM-01 (Assembly Station) making loud grinding noise from spindle area,ASM-01 (Assembly Station) making loud grinding noise from spindle area Started after lunch break. Entire line down.,Mechanical,High,Machine,Bearing wear due to inadequate lubrication over multiple shifts,"Replace worn bearing, re-grease and realign shaft, run 30-min trial",Add bearing lubrication to weekly PM checklist; install vibration sensor with alert threshold,Priya Menon,Closed,6.8
INC-1270,2025-05-02 09:07,Supervisor R. Kavitha,PKG-01,Line-F,Safety guard missing on PKG-01 (Packaging Unit),"URGENT: safety guard missing on PKG-01 (Packaging Unit), operator noticed during start of shift Please check asap. Throughput down by half.",Safety,Critical,Man,Guard removed during maintenance and not refitted; no sign-off before restart,"Refit guard, restore interlock, retest e-stop, counsel involved personnel",Lockout-tagout with restart sign-off checklist; periodic safety audit and retraining,Ravi Kumar,Closed,4.1
INC-1271,2025-05-02 19:27,Operator A. Raj,PKG-01,Line-F,Surface scratches found on products from PKG-01 (Packaging Unit),Pls check: surface scratches found on products from pkg-01 (packaging unit) Not first time. Output down slightly.,Quality,Medium,Method,Parts contacting each other during handling due to missing separators in trolley,"Sort and rework affected lot, add separators to trolley",Update handling work instruction; add visual check at station exit,Meena Iyer,Closed,24.6
INC-1272,2025-05-03 15:15,Operator A. Raj,PRS-02,Line-B,Production slow at PRS-02 (Stamping Press),"Reported by operator: production slow at PRS-02 (Stamping Press), frequent waiting between steps Please check asap.",Process,Medium,Method,Changeover steps not standardized; operators using different sequences,Time-study the sequence and publish standard work for changeover,SMED workshop; visual work instruction at station; monthly process audit,Shivani,Closed,6.0
INC-1273,2025-05-04 20:04,Supervisor R. Kavitha,CNC-02,Line-A,Metal grinding sound coming from CNC-02 (CNC Lathe) drive section,metal grinding sound coming from CNC-02 (CNC Lathe) drive section Started after lunch break. Some rework needed.,Mechanical,Medium,Machine,Bearing wear due to inadequate lubrication over multiple shifts,"Replace worn bearing, re-grease and realign shaft, run 30-min trial",Add bearing lubrication to weekly PM checklist; install vibration sensor with alert threshold,Ravi Kumar,Closed,11.0
INC-1274,2025-05-05 12:14,Operator A. Raj,CMP-01,Utilities,Calibration lost on CMP-01 (Air Compressor) robot after emergency stop,Pls check: calibration lost on cmp-01 (air compressor) robot after emergency stop Seen 2 times today.,Automation,High,Method,Robot TCP not re-calibrated after collision/e-stop recovery; no recovery procedure,"Re-teach TCP and vision calibration, validate with test pieces",Document post-e-stop recovery SOP; add calibration check to start-of-shift routine,Anita Sharma,Closed,8.3
INC-1275,2025-05-07 07:10,Line Lead A. Swathi,PKG-01,Line-F,Belt on PKG-01 (Packaging Unit) misaligned and edge fraying,belt on PKG-01 (Packaging Unit) misaligned and edge fraying Happened during night shift. Line is running at reduced speed.,Mechanical,High,Method,Belt tension not checked after last maintenance; no standard tension procedure,"Re-tension and align belt, replace frayed section",Create SOP with tension measurement values; add post-maintenance verification step,Ravi Kumar,Closed,9.7
INC-1276,2025-05-08 01:47,Line Lead A. Swathi,PKG-01,Line-F,PKG-01 (Packaging Unit) coating uneven,"URGENT: PKG-01 (Packaging Unit) coating uneven, orange peel texture on panels Some rework needed.",Process,Medium,Environment,Booth humidity and temperature outside spec; filter clogged,"Replace filters, adjust HVAC setpoints, re-coat affected parts",Add humidity/temperature alarm; filter change interval in PM plan,Priya Menon,Closed,10.0
INC-1277,2025-05-08 23:06,Supervisor R. Kavitha,PKG-01,Line-F,PKG-01 (Packaging Unit) bearing sounds rough,"URGENT: pkg-01 (packaging unit) bearing sounds rough, temperature rising near motor end Please check asap. Production affected.",Mechanical,Medium,Machine,Bearing wear due to inadequate lubrication over multiple shifts,"Replace worn bearing, re-grease and realign shaft, run 30-min trial",Add bearing lubrication to weekly PM checklist; install vibration sensor with alert threshold,Ravi Kumar,Closed,18.3
INC-1278,2025-05-10 15:30,Shift In-charge R. Nandini,PRS-02,Line-B,Oil leak at hose joint of PRS-02 (Stamping Press),"URGENT: oil leak at hose joint of PRS-02 (Stamping Press), machine slow to respond Customer order at risk.",Mechanical,High,Material,Hydraulic seal degraded due to age and use of non-spec seal material,"Replace seal and hose with OEM-spec parts, top up and bleed hydraulic oil",Define seal replacement interval; stock only OEM-approved spares; add leak inspection to daily round,Priya Menon,Closed,5.6
INC-1279,2025-05-11 01:14,Line Lead A. Swathi,PRS-01,Line-B,Wrong material grade supplied to PRS-01 (Hydraulic Press),wrong material grade supplied to PRS-01 (Hydraulic Press) Not first time. Line stopped intermittently.,Process,High,Material,Kanban signal missed and supplier delivery schedule not aligned with production plan,"Expedite material, verify grade before loading",Revise reorder points; weekly supplier delivery review; incoming grade check,Meena Iyer,Closed,4.9
INC-1280,2025-05-11 07:41,Supervisor R. Kavitha,CNC-01,Line-A,Visual defect,Pls check: visual defect - scratches and dents on parts after CNC-01 (CNC Milling Machine) Started after lunch break. Big scrap pile building up.,Quality,High,Method,Parts contacting each other during handling due to missing separators in trolley,"Sort and rework affected lot, add separators to trolley",Update handling work instruction; add visual check at station exit,Meena Iyer,Closed,4.9
INC-1281,2025-05-11 08:57,Operator S. Revathi,PRS-01,Line-B,Barcode scanner at PRS-01 (Hydraulic Press) failing to read labels,URGENT: barcode scanner at PRS-01 (Hydraulic Press) failing to read labels Output down slightly.,Automation,Medium,Measurement,Gateway service stopped after server patching; scanner lens dirty,"Restart and auto-enable gateway service, clean scanner, backfill missed counts",Service health monitoring with alerts; scanner cleaning in daily checklist,Anita Sharma,Closed,14.1
INC-1282,2025-05-12 11:39,Operator S. Revathi,PNT-01,Line-E,Surface scratches found on products from PNT-01 (Paint Booth),surface scratches found on products from PNT-01 (Paint Booth) Happened during night shift.,Quality,High,Method,Parts contacting each other during handling due to missing separators in trolley,"Sort and rework affected lot, add separators to trolley",Update handling work instruction; add visual check at station exit,Meena Iyer,Closed,5.2
INC-1283,2025-05-13 00:02,Shift In-charge R. Nandini,WLD-01,Line-D,Robot on WLD-01 (Welding Robot) stopped with servo alarm,robot on WLD-01 (Welding Robot) stopped with servo alarm Not first time. Big scrap pile building up.,Automation,High,Machine,Firmware mismatch after last update and weak network cable between HMI and PLC,"Reflash correct firmware, replace network cable, verify communication",Change-control for firmware updates with rollback plan; periodic network health test,Anita Sharma,Closed,9.4
INC-1284,2025-05-13 17:19,Operator T. Mary,CNV-02,Line-C,Power supply voltage fluctuation,"power supply voltage fluctuation, CNV-02 (Conveyor Belt) control panel resetting Line stopped intermittently.",Electrical,High,Environment,Unstable supply voltage during peak load; no voltage stabilizer on control circuit,"Install stabilizer/UPS on control circuit, tighten incoming terminals",Power quality monitoring on feeder; load balancing across shifts,Anita Sharma,Closed,7.7
INC-1285,2025-05-13 23:25,Operator M. Pooja,WLD-02,Line-D,Weld porosity found in samples from WLD-02 (Welding Robot),Reported by operator: weld porosity found in samples from WLD-02 (Welding Robot) Not first time.,Quality,High,Material,Shielding gas contamination and moisture in wire spool,"Replace gas cylinder and wire spool, re-weld and re-test affected parts",Store wire in dry cabinet; gas purity check on cylinder receipt,Meena Iyer,Closed,8.4
INC-1286,2025-05-14 08:30,Operator S. Revathi,CNV-02,Line-C,Oil leak at hose joint of CNV-02 (Conveyor Belt),"oil leak at hose joint of CNV-02 (Conveyor Belt), machine slow to respond Customer order at risk.",Mechanical,High,Material,Hydraulic seal degraded due to age and use of non-spec seal material,"Replace seal and hose with OEM-spec parts, top up and bleed hydraulic oil",Define seal replacement interval; stock only OEM-approved spares; add leak inspection to daily round,Ravi Kumar,Closed,11.8
INC-1287,2025-05-14 09:44,Shift In-charge R. Nandini,WLD-02,Line-D,Oil leak at hose joint of WLD-02 (Welding Robot),"Reported by operator: oil leak at hose joint of WLD-02 (Welding Robot), machine slow to respond Workaround in place, low urgency.",Mechanical,Low,Material,Hydraulic seal degraded due to age and use of non-spec seal material,"Replace seal and hose with OEM-spec parts, top up and bleed hydraulic oil",Define seal replacement interval; stock only OEM-approved spares; add leak inspection to daily round,Meena Iyer,Closed,40.5
INC-1288,2025-05-15 17:26,Supervisor R. Kavitha,CNV-01,Line-C,Safety guard missing on CNV-01 (Conveyor Belt),"safety guard missing on CNV-01 (Conveyor Belt), operator noticed during start of shift Person injured, first aid given.",Safety,Critical,Man,Guard removed during maintenance and not refitted; no sign-off before restart,"Refit guard, restore interlock, retest e-stop, counsel involved personnel",Lockout-tagout with restart sign-off checklist; periodic safety audit and retraining,Ravi Kumar,Closed,4.0
INC-1289,2025-05-16 05:35,Line Lead A. Swathi,ASM-01,Line-E,PLC fault code on ASM-01 (Assembly Station),"Pls check: PLC fault code on ASM-01 (Assembly Station), program halted Started after lunch break. Production affected.",Automation,Medium,Machine,Firmware mismatch after last update and weak network cable between HMI and PLC,"Reflash correct firmware, replace network cable, verify communication",Change-control for firmware updates with rollback plan; periodic network health test,Anita Sharma,Closed,18.4
INC-1290,2025-05-16 14:41,Operator M. Pooja,PRS-02,Line-B,Visual defect,FYI - visual defect - scratches and dents on parts after PRS-02 (Stamping Press) Started after lunch break. Some rework needed.,Quality,Medium,Method,Parts contacting each other during handling due to missing separators in trolley,"Sort and rework affected lot, add separators to trolley",Update handling work instruction; add visual check at station exit,Shivani,Closed,18.2
INC-1291,2025-05-16 20:31,Supervisor R. Kavitha,WLD-02,Line-D,MES not receiving production count from WLD-02 (Welding Robot),"MES not receiving production count from WLD-02 (Welding Robot) Please check asap. Workaround in place, low urgency.",Automation,Low,Measurement,Gateway service stopped after server patching; scanner lens dirty,"Restart and auto-enable gateway service, clean scanner, backfill missed counts",Service health monitoring with alerts; scanner cleaning in daily checklist,Deepa Nair,Closed,50.6
INC-1292,2025-05-16 22:36,Operator A. Raj,PRS-02,Line-B,Power supply voltage fluctuation,"power supply voltage fluctuation, PRS-02 (Stamping Press) control panel resetting",Electrical,Medium,Environment,Unstable supply voltage during peak load; no voltage stabilizer on control circuit,"Install stabilizer/UPS on control circuit, tighten incoming terminals",Power quality monitoring on feeder; load balancing across shifts,Deepa Nair,Closed,14.4
INC-1293,2025-05-17 04:39,Operator T. Mary,CNC-01,Line-A,Line stopped at CNC-01 (CNC Milling Machine),Reported by operator: line stopped at CNC-01 (CNC Milling Machine) - material not delivered on time Happened during night shift. Customer order at risk.,Process,High,Material,Kanban signal missed and supplier delivery schedule not aligned with production plan,"Expedite material, verify grade before loading",Revise reorder points; weekly supplier delivery review; incoming grade check,Sneha Patil,Closed,7.7
INC-1294,2025-05-17 08:04,Line Lead A. Swathi,ASM-01,Line-E,Weld spatter and incomplete fusion seen on parts from ASM-01 (Assembly Station),"Pls check: weld spatter and incomplete fusion seen on parts from ASM-01 (Assembly Station) Cosmetic only, can wait for planned maintenance.",Quality,Low,Material,Shielding gas contamination and moisture in wire spool,"Replace gas cylinder and wire spool, re-weld and re-test affected parts",Store wire in dry cabinet; gas purity check on cylinder receipt,Meena Iyer,Closed,31.1
INC-1295,2025-05-17 09:56,Operator S. Revathi,WLD-02,Line-D,WLD-02 (Welding Robot) belt slipping and product jerking on the line,"WLD-02 (Welding Robot) belt slipping and product jerking on the line Happened during night shift. Workaround in place, low urgency.",Mechanical,Low,Method,Belt tension not checked after last maintenance; no standard tension procedure,"Re-tension and align belt, replace frayed section",Create SOP with tension measurement values; add post-maintenance verification step,Divya S,Closed,30.8
INC-1296,2025-05-18 00:56,Operator M. Pooja,WLD-02,Line-D,Calibration lost on WLD-02 (Welding Robot) robot after emergency stop,Pls check: calibration lost on WLD-02 (Welding Robot) robot after emergency stop Seen 2 times today. Production affected.,Automation,Medium,Method,Robot TCP not re-calibrated after collision/e-stop recovery; no recovery procedure,"Re-teach TCP and vision calibration, validate with test pieces",Document post-e-stop recovery SOP; add calibration check to start-of-shift routine,Deepa Nair,Closed,19.8
INC-1297,2025-05-19 02:29,Operator S. Lakshmi,PRS-01,Line-B,Slip hazard reported around PRS-01 (Hydraulic Press),"Pls check: slip hazard reported around PRS-01 (Hydraulic Press), floor wet and oily Please check asap. Customer order at risk.",Safety,High,Environment,Coolant/oil leak not cleaned promptly; no drip tray and housekeeping gap,"Clean area, fit drip tray, fix source of leak, place warning signage",Housekeeping checklist each shift; leak detection in daily round,Sneha Patil,Closed,7.7
INC-1298,2025-05-19 10:46,Operator S. Lakshmi,CNC-01,Line-A,CNC-01 (CNC Milling Machine) belt slipping and product jerking on the line,CNC-01 (CNC Milling Machine) belt slipping and product jerking on the line Not first time. Some rework needed.,Mechanical,Medium,Method,Belt tension not checked after last maintenance; no standard tension procedure,"Re-tension and align belt, replace frayed section",Create SOP with tension measurement values; add post-maintenance verification step,Divya S,Closed,15.2
INC-1299,2025-05-19 11:35,Operator S. Revathi,PRS-01,Line-B,Weld porosity found in samples from PRS-01 (Hydraulic Press),"Pls check: weld porosity found in samples from PRS-01 (Hydraulic Press) Started after lunch break. Shipment on hold, customer escalation.",Quality,High,Material,Shielding gas contamination and moisture in wire spool,"Replace gas cylinder and wire spool, re-weld and re-test affected parts",Store wire in dry cabinet; gas purity check on cylinder receipt,Shivani,Closed,7.7
INC-1300,2025-05-19 14:55,Operator S. Lakshmi,CMP-01,Utilities,Line stopped at CMP-01 (Air Compressor),line stopped at CMP-01 (Air Compressor) - material not delivered on time Not first time. Some rework needed.,Process,Medium,Material,Kanban signal missed and supplier delivery schedule not aligned with production plan,"Expedite material, verify grade before loading",Revise reorder points; weekly supplier delivery review; incoming grade check,Sneha Patil,Closed,24.1
INC-1301,2025-05-19 18:13,Operator S. Lakshmi,CMP-01,Utilities,Control panel of CMP-01 (Air Compressor) shows undervoltage alarm,control panel of CMP-01 (Air Compressor) shows undervoltage alarm Please check asap. Customer order at risk.,Electrical,High,Environment,Unstable supply voltage during peak load; no voltage stabilizer on control circuit,"Install stabilizer/UPS on control circuit, tighten incoming terminals",Power quality monitoring on feeder; load balancing across shifts,Divya S,Closed,11.6
INC-1302,2025-05-20 22:07,Operator T. Mary,CMP-01,Utilities,False stop on CMP-01 (Air Compressor),"false stop on CMP-01 (Air Compressor) - sensor flickering, wiring looks loose Seen 2 times today.",Electrical,High,Machine,Loose connector and damaged cable insulation at sensor due to vibration,"Re-terminate connector, replace damaged cable, secure with clamps",Use vibration-rated connectors; add cable routing check to monthly inspection,Divya S,Closed,3.9
INC-1303,2025-05-21 02:35,Operator A. Raj,CMP-01,Utilities,Raw material shortage at CMP-01 (Air Compressor),"URGENT: raw material shortage at CMP-01 (Air Compressor), line waiting for feed Cosmetic only, can wait for planned maintenance.",Process,Low,Material,Kanban signal missed and supplier delivery schedule not aligned with production plan,"Expedite material, verify grade before loading",Revise reorder points; weekly supplier delivery review; incoming grade check,Sneha Patil,Closed,35.7
INC-1304,2025-05-21 10:43,Line Lead A. Swathi,PRS-01,Line-B,PRS-01 (Hydraulic Press) drive belt tension low,"PRS-01 (Hydraulic Press) drive belt tension low, intermittent stops Line stopped intermittently.",Mechanical,High,Method,Belt tension not checked after last maintenance; no standard tension procedure,"Re-tension and align belt, replace frayed section",Create SOP with tension measurement values; add post-maintenance verification step,Divya S,Closed,11.7
INC-1305,2025-05-22 00:55,Operator T. Mary,PKG-01,Line-F,Calibration lost on PKG-01 (Packaging Unit) robot after emergency stop,Pls check: calibration lost on PKG-01 (Packaging Unit) robot after emergency stop Customer order at risk.,Automation,High,Method,Robot TCP not re-calibrated after collision/e-stop recovery; no recovery procedure,"Re-teach TCP and vision calibration, validate with test pieces",Document post-e-stop recovery SOP; add calibration check to start-of-shift routine,Priya Menon,Closed,6.6
INC-1306,2025-05-22 04:48,Operator M. Pooja,CNC-01,Line-A,CNC-01 (CNC Milling Machine) HMI shows communication error with PLC,CNC-01 (CNC Milling Machine) HMI shows communication error with PLC Happened during night shift. Some rework needed.,Automation,Medium,Machine,Firmware mismatch after last update and weak network cable between HMI and PLC,"Reflash correct firmware, replace network cable, verify communication",Change-control for firmware updates with rollback plan; periodic network health test,Anita Sharma,Closed,17.0
INC-1307,2025-05-22 05:21,Operator A. Raj,CNV-02,Line-C,Near miss: operator slipped on oil near CNV-02 (Conveyor Belt),"near miss: operator slipped on oil near CNV-02 (Conveyor Belt) Seen 2 times today. Shipment on hold, customer escalation.",Safety,Critical,Environment,Coolant/oil leak not cleaned promptly; no drip tray and housekeeping gap,"Clean area, fit drip tray, fix source of leak, place warning signage",Housekeeping checklist each shift; leak detection in daily round,Ravi Kumar,Closed,4.3
INC-1308,2025-05-22 23:11,Operator S. Revathi,ASM-01,Line-E,Belt on ASM-01 (Assembly Station) misaligned and edge fraying,URGENT: belt on ASM-01 (Assembly Station) misaligned and edge fraying Please check asap. Some rework needed.,Mechanical,Medium,Method,Belt tension not checked after last maintenance; no standard tension procedure,"Re-tension and align belt, replace frayed section",Create SOP with tension measurement values; add post-maintenance verification step,Ravi Kumar,Closed,9.4
INC-1309,2025-05-23 06:13,Line Lead A. Swathi,PRS-02,Line-B,PRS-02 (Stamping Press) output dropped,"Reported by operator: PRS-02 (Stamping Press) output dropped, takt time not being met Not first time. Some rework needed.",Process,Medium,Method,Changeover steps not standardized; operators using different sequences,Time-study the sequence and publish standard work for changeover,SMED workshop; visual work instruction at station; monthly process audit,Shivani,Closed,16.1
INC-1310,2025-05-24 00:04,Operator T. Mary,CNC-02,Line-A,Surface scratches found on products from CNC-02 (CNC Lathe),"surface scratches found on products from CNC-02 (CNC Lathe) Happened during night shift. Minor, running normally.",Quality,Low,Method,Parts contacting each other during handling due to missing separators in trolley,"Sort and rework affected lot, add separators to trolley",Update handling work instruction; add visual check at station exit,Meena Iyer,Closed,38.3
INC-1311,2025-05-24 10:24,Operator T. Mary,CNV-01,Line-C,Dimension rejection from CNV-01 (Conveyor Belt) batch,"FYI - dimension rejection from CNV-01 (Conveyor Belt) batch, gauge reading above limit Entire line down.",Quality,Critical,Measurement,Gauge out of calibration and tool offset not updated after tool change,"Recalibrate gauge, reset tool offset, re-inspect last batch and quarantine suspects",Calibration schedule tracked in system; mandatory first-piece inspection after tool change,Meena Iyer,Closed,3.8
INC-1312,2025-05-26 14:18,Shift In-charge R. Nandini,CNC-01,Line-A,Visual defect,Pls check: visual defect - scratches and dents on parts after CNC-01 (CNC Milling Machine) Output down slightly.,Quality,Medium,Method,Parts contacting each other during handling due to missing separators in trolley,"Sort and rework affected lot, add separators to trolley",Update handling work instruction; add visual check at station exit,Shivani,Closed,19.2
INC-1313,2025-05-27 05:04,Shift In-charge R. Nandini,CNC-01,Line-A,Robot on CNC-01 (CNC Milling Machine) stopped with servo alarm,robot on CNC-01 (CNC Milling Machine) stopped with servo alarm Not first time. Output down slightly.,Automation,Medium,Machine,Firmware mismatch after last update and weak network cable between HMI and PLC,"Reflash correct firmware, replace network cable, verify communication",Change-control for firmware updates with rollback plan; periodic network health test,Anita Sharma,Closed,23.3
INC-1314,2025-05-27 12:44,Shift In-charge R. Nandini,PRS-01,Line-B,PLC fault code on PRS-01 (Hydraulic Press),"Pls check: PLC fault code on PRS-01 (Hydraulic Press), program halted Started after lunch break. Cosmetic only, can wait for planned maintenance.",Automation,Low,Machine,Firmware mismatch after last update and weak network cable between HMI and PLC,"Reflash correct firmware, replace network cable, verify communication",Change-control for firmware updates with rollback plan; periodic network health test,Deepa Nair,Closed,57.2
INC-1315,2025-05-28 12:20,Operator S. Lakshmi,PRS-01,Line-B,Parts from PRS-01 (Hydraulic Press) out of tolerance,"parts from PRS-01 (Hydraulic Press) out of tolerance, diameter oversize by 0.05 mm Seen 2 times today. Output down slightly.",Quality,Medium,Measurement,Gauge out of calibration and tool offset not updated after tool change,"Recalibrate gauge, reset tool offset, re-inspect last batch and quarantine suspects",Calibration schedule tracked in system; mandatory first-piece inspection after tool change,Meena Iyer,Closed,18.4
INC-1316,2025-05-28 13:28,Operator T. Mary,PRS-02,Line-B,Surface scratches found on products from PRS-02 (Stamping Press),"surface scratches found on products from PRS-02 (Stamping Press) Workaround in place, low urgency.",Quality,Low,Method,Parts contacting each other during handling due to missing separators in trolley,"Sort and rework affected lot, add separators to trolley",Update handling work instruction; add visual check at station exit,Meena Iyer,Closed,29.5
INC-1317,2025-05-28 21:35,Operator M. Pooja,CMP-01,Utilities,Data from CMP-01 (Air Compressor) missing on dashboard since morning,"URGENT: data from CMP-01 (Air Compressor) missing on dashboard since morning Person injured, first aid given.",Automation,Critical,Measurement,Gateway service stopped after server patching; scanner lens dirty,"Restart and auto-enable gateway service, clean scanner, backfill missed counts",Service health monitoring with alerts; scanner cleaning in daily checklist,Deepa Nair,Closed,4.6
INC-1318,2025-05-29 02:08,Operator M. Pooja,PRS-01,Line-B,Visual defect,FYI - visual defect - scratches and dents on parts after prs-01 (hydraulic press) Seen 2 times today. Output down slightly.,Quality,Medium,Method,Parts contacting each other during handling due to missing separators in trolley,"Sort and rework affected lot, add separators to trolley",Update handling work instruction; add visual check at station exit,Anita Sharma,Closed,23.3
INC-1319,2025-05-30 01:15,Operator M. Pooja,ASM-01,Line-E,Overheating cable observed at ASM-01 (Assembly Station),"Reported by operator: overheating cable observed at ASM-01 (Assembly Station), insulation discoloured Happened during night shift. Shipment on hold, customer escalation.",Safety,High,Machine,Undersized cable and loose lug causing overheating under load,"Isolate power, replace cable with correct rating, tighten and torque-mark lugs",Thermography survey of panels every quarter; cable sizing review on any load addition,Ravi Kumar,Closed,11.1
INC-1320,2025-05-30 05:22,Operator M. Pooja,PNT-01,Line-E,Surface scratches found on products from PNT-01 (Paint Booth),Pls check: surface scratches found on products from PNT-01 (Paint Booth) Some rework needed.,Quality,Medium,Method,Parts contacting each other during handling due to missing separators in trolley,"Sort and rework affected lot, add separators to trolley",Update handling work instruction; add visual check at station exit,Shivani,Closed,18.8
INC-1321,2025-05-31 08:00,Operator M. Pooja,CNC-01,Line-A,Customer complaint: scratch marks on finished parts from CNC-01 (CNC Milling Mac,customer complaint: scratch marks on finished parts from CNC-01 (CNC Milling Machine) line Production affected.,Quality,Medium,Method,Parts contacting each other during handling due to missing separators in trolley,"Sort and rework affected lot, add separators to trolley",Update handling work instruction; add visual check at station exit,Meena Iyer,Closed,21.9
INC-1322,2025-06-01 03:56,Operator S. Revathi,PRS-02,Line-B,Power supply voltage fluctuation,"Reported by operator: power supply voltage fluctuation, PRS-02 (Stamping Press) control panel resetting Not first time. Line is running at reduced speed.",Electrical,Medium,Environment,Unstable supply voltage during peak load; no voltage stabilizer on control circuit,"Install stabilizer/UPS on control circuit, tighten incoming terminals",Power quality monitoring on feeder; load balancing across shifts,Anita Sharma,Closed,23.5
INC-1323,2025-06-01 05:34,Operator T. Mary,PRS-01,Line-B,Overcurrent fault on PRS-01 (Hydraulic Press) drive,"overcurrent fault on PRS-01 (Hydraulic Press) drive, restart fails Please check asap. Throughput down by half.",Electrical,Medium,Machine,Motor winding insulation degraded causing high current draw,"Replace motor, verify current draw within rated limits",Quarterly insulation resistance test; thermal imaging scan in PM schedule,Deepa Nair,Closed,15.0
INC-1324,2025-06-01 08:54,Operator A. Raj,CNV-01,Line-C,Power supply voltage fluctuation,"power supply voltage fluctuation, CNV-01 (Conveyor Belt) control panel resetting Happened during night shift. Minor, running normally.",Electrical,Low,Environment,Unstable supply voltage during peak load; no voltage stabilizer on control circuit,"Install stabilizer/UPS on control circuit, tighten incoming terminals",Power quality monitoring on feeder; load balancing across shifts,Divya S,Closed,36.3
INC-1325,2025-06-02 14:12,Shift In-charge R. Nandini,CNC-02,Line-A,Power supply voltage fluctuation,"power supply voltage fluctuation, CNC-02 (CNC Lathe) control panel resetting Customer order at risk.",Electrical,High,Environment,Unstable supply voltage during peak load; no voltage stabilizer on control circuit,"Install stabilizer/UPS on control circuit, tighten incoming terminals",Power quality monitoring on feeder; load balancing across shifts,Priya Menon,Closed,4.3
INC-1326,2025-06-03 09:30,Operator T. Mary,PNT-01,Line-E,Visual defect,URGENT: visual defect - scratches and dents on parts after PNT-01 (Paint Booth) Seen 2 times today. Line stopped intermittently.,Quality,Medium,Method,Parts contacting each other during handling due to missing separators in trolley,"Sort and rework affected lot, add separators to trolley",Update handling work instruction; add visual check at station exit,Meena Iyer,Closed,21.1
INC-1327,2025-06-03 10:05,Supervisor R. Kavitha,CMP-01,Utilities,Weld spatter and incomplete fusion seen on parts from CMP-01 (Air Compressor),weld spatter and incomplete fusion seen on parts from CMP-01 (Air Compressor) Started after lunch break. Output down slightly.,Quality,Medium,Material,Shielding gas contamination and moisture in wire spool,"Replace gas cylinder and wire spool, re-weld and re-test affected parts",Store wire in dry cabinet; gas purity check on cylinder receipt,Anita Sharma,Closed,11.5
INC-1328,2025-06-03 19:35,Supervisor R. Kavitha,CNV-02,Line-C,CNV-02 (Conveyor Belt) sensor not detecting parts,"CNV-02 (Conveyor Belt) sensor not detecting parts, line stops randomly Line is running at reduced speed.",Electrical,Medium,Machine,Loose connector and damaged cable insulation at sensor due to vibration,"Re-terminate connector, replace damaged cable, secure with clamps",Use vibration-rated connectors; add cable routing check to monthly inspection,Anita Sharma,Closed,23.2
INC-1329,2025-06-05 07:54,Operator T. Mary,WLD-02,Line-D,Calibration lost on WLD-02 (Welding Robot) robot after emergency stop,calibration lost on WLD-02 (Welding Robot) robot after emergency stop Started after lunch break. Entire line down.,Automation,Critical,Method,Robot TCP not re-calibrated after collision/e-stop recovery; no recovery procedure,"Re-teach TCP and vision calibration, validate with test pieces",Document post-e-stop recovery SOP; add calibration check to start-of-shift routine,Anita Sharma,Closed,3.1
INC-1330,2025-06-06 11:57,Operator T. Mary,ASM-01,Line-E,ASM-01 (Assembly Station) tripped on overload,"Reported by operator: ASM-01 (Assembly Station) tripped on overload, motor hot to touch Happened during night shift. Big scrap pile building up.",Electrical,High,Machine,Motor winding insulation degraded causing high current draw,"Replace motor, verify current draw within rated limits",Quarterly insulation resistance test; thermal imaging scan in PM schedule,Deepa Nair,Closed,5.2
INC-1331,2025-06-06 15:09,Operator A. Raj,PRS-01,Line-B,Control panel of PRS-01 (Hydraulic Press) shows undervoltage alarm,URGENT: control panel of PRS-01 (Hydraulic Press) shows undervoltage alarm Big scrap pile building up.,Electrical,High,Environment,Unstable supply voltage during peak load; no voltage stabilizer on control circuit,"Install stabilizer/UPS on control circuit, tighten incoming terminals",Power quality monitoring on feeder; load balancing across shifts,Ravi Kumar,Closed,11.9
INC-1332,2025-06-06 16:27,Operator S. Revathi,CNC-01,Line-A,Operator minor injury,operator minor injury - slipped near CNC-01 (CNC Milling Machine) on spilled coolant Some rework needed.,Safety,Medium,Environment,Coolant/oil leak not cleaned promptly; no drip tray and housekeeping gap,"Clean area, fit drip tray, fix source of leak, place warning signage",Housekeeping checklist each shift; leak detection in daily round,Sneha Patil,Closed,14.2
INC-1333,2025-06-07 02:15,Supervisor R. Kavitha,PRS-01,Line-B,Burning smell from electrical panel of PRS-01 (Hydraulic Press),"FYI - burning smell from electrical panel of PRS-01 (Hydraulic Press) Happened during night shift. Shipment on hold, customer escalation.",Safety,Critical,Machine,Undersized cable and loose lug causing overheating under load,"Isolate power, replace cable with correct rating, tighten and torque-mark lugs",Thermography survey of panels every quarter; cable sizing review on any load addition,Ravi Kumar,Closed,5.5
INC-1334,2025-06-07 12:11,Operator M. Pooja,CMP-01,Utilities,Overheating cable observed at CMP-01 (Air Compressor),"URGENT: overheating cable observed at CMP-01 (Air Compressor), insulation discoloured Seen 2 times today. Big scrap pile building up.",Safety,High,Machine,Undersized cable and loose lug causing overheating under load,"Isolate power, replace cable with correct rating, tighten and torque-mark lugs",Thermography survey of panels every quarter; cable sizing review on any load addition,Ravi Kumar,Closed,9.2
INC-1335,2025-06-07 14:50,Operator S. Lakshmi,PRS-01,Line-B,PRS-01 (Hydraulic Press) pressure dropping,"FYI - PRS-01 (Hydraulic Press) pressure dropping, oil seen near cylinder Started after lunch break.",Mechanical,High,Material,Hydraulic seal degraded due to age and use of non-spec seal material,"Replace seal and hose with OEM-spec parts, top up and bleed hydraulic oil",Define seal replacement interval; stock only OEM-approved spares; add leak inspection to daily round,Priya Menon,Closed,9.0
INC-1336,2025-06-08 04:44,Supervisor R. Kavitha,CNC-01,Line-A,Overcurrent fault on CNC-01 (CNC Milling Machine) drive,"FYI - overcurrent fault on CNC-01 (CNC Milling Machine) drive, restart fails Throughput down by half.",Electrical,High,Machine,Motor winding insulation degraded causing high current draw,"Replace motor, verify current draw within rated limits",Quarterly insulation resistance test; thermal imaging scan in PM schedule,Divya S,Closed,10.0
INC-1337,2025-06-08 07:10,Line Lead A. Swathi,PNT-01,Line-E,Overheating cable observed at PNT-01 (Paint Booth),"Reported by operator: overheating cable observed at PNT-01 (Paint Booth), insulation discoloured Started after lunch break. Machine stopped, no backup available.",Safety,High,Machine,Undersized cable and loose lug causing overheating under load,"Isolate power, replace cable with correct rating, tighten and torque-mark lugs",Thermography survey of panels every quarter; cable sizing review on any load addition,Ravi Kumar,Closed,7.1
INC-1338,2025-06-08 10:45,Line Lead A. Swathi,PRS-02,Line-B,Wrong material grade supplied to PRS-02 (Stamping Press),wrong material grade supplied to PRS-02 (Stamping Press) Happened during night shift. Throughput down by half.,Process,Medium,Material,Kanban signal missed and supplier delivery schedule not aligned with production plan,"Expedite material, verify grade before loading",Revise reorder points; weekly supplier delivery review; incoming grade check,Shivani,Closed,12.2
INC-1339,2025-06-08 12:54,Operator A. Raj,CNC-02,Line-A,CNC-02 (CNC Lathe) PLC rebooting randomly,"URGENT: CNC-02 (CNC Lathe) PLC rebooting randomly, panel lights flicker Happened during night shift. Production affected.",Electrical,Medium,Environment,Unstable supply voltage during peak load; no voltage stabilizer on control circuit,"Install stabilizer/UPS on control circuit, tighten incoming terminals",Power quality monitoring on feeder; load balancing across shifts,Anita Sharma,Closed,22.2
INC-1340,2025-06-09 05:50,Operator M. Pooja,PRS-02,Line-B,Power supply voltage fluctuation,"power supply voltage fluctuation, PRS-02 (Stamping Press) control panel resetting Happened during night shift. Entire line down.",Electrical,Critical,Environment,Unstable supply voltage during peak load; no voltage stabilizer on control circuit,"Install stabilizer/UPS on control circuit, tighten incoming terminals",Power quality monitoring on feeder; load balancing across shifts,Divya S,Closed,5.4
INC-1341,2025-06-09 18:48,Shift In-charge R. Nandini,CNC-02,Line-A,PLC fault code on CNC-02 (CNC Lathe),"PLC fault code on CNC-02 (CNC Lathe), program halted Please check asap. Line is running at reduced speed.",Automation,Medium,Machine,Firmware mismatch after last update and weak network cable between HMI and PLC,"Reflash correct firmware, replace network cable, verify communication",Change-control for firmware updates with rollback plan; periodic network health test,Anita Sharma,Closed,19.8
INC-1342,2025-06-11 10:32,Operator M. Pooja,PNT-01,Line-E,Weak weld joints detected in destructive test,"URGENT: weak weld joints detected in destructive test, PNT-01 (Paint Booth) Please check asap. Customer order at risk.",Quality,High,Material,Shielding gas contamination and moisture in wire spool,"Replace gas cylinder and wire spool, re-weld and re-test affected parts",Store wire in dry cabinet; gas purity check on cylinder receipt,Sneha Patil,Closed,7.3
INC-1343,2025-06-11 20:37,Operator S. Lakshmi,CNC-02,Line-A,Production slow at CNC-02 (CNC Lathe),"Reported by operator: production slow at CNC-02 (CNC Lathe), frequent waiting between steps Please check asap. Cosmetic only, can wait for planned maintenance.",Process,Low,Method,Changeover steps not standardized; operators using different sequences,Time-study the sequence and publish standard work for changeover,SMED workshop; visual work instruction at station; monthly process audit,Sneha Patil,Closed,55.0
INC-1344,2025-06-11 21:29,Operator A. Raj,PNT-01,Line-E,Oil leak at hose joint of PNT-01 (Paint Booth),"Reported by operator: oil leak at hose joint of pnt-01 (paint booth), machine slow to respond Seen 2 times today. Customer order at risk.",Mechanical,High,Material,Hydraulic seal degraded due to age and use of non-spec seal material,"Replace seal and hose with OEM-spec parts, top up and bleed hydraulic oil",Define seal replacement interval; stock only OEM-approved spares; add leak inspection to daily round,Divya S,Closed,9.2
INC-1345,2025-06-12 15:32,Operator T. Mary,PRS-02,Line-B,Visual defect,"URGENT: visual defect - scratches and dents on parts after prs-02 (stamping press) Happened during night shift. Cosmetic only, can wait for planned maintenance.",Quality,Low,Method,Parts contacting each other during handling due to missing separators in trolley,"Sort and rework affected lot, add separators to trolley",Update handling work instruction; add visual check at station exit,Meena Iyer,Closed,29.7
INC-1346,2025-06-12 20:39,Shift In-charge R. Nandini,CNV-01,Line-C,Proximity sensor on CNV-01 (Conveyor Belt) giving intermittent signal,"proximity sensor on CNV-01 (Conveyor Belt) giving intermittent signal Happened during night shift. Workaround in place, low urgency.",Electrical,Low,Machine,Loose connector and damaged cable insulation at sensor due to vibration,"Re-terminate connector, replace damaged cable, secure with clamps",Use vibration-rated connectors; add cable routing check to monthly inspection,Anita Sharma,Closed,35.9
INC-1347,2025-06-12 22:37,Shift In-charge R. Nandini,PRS-01,Line-B,Parts from PRS-01 (Hydraulic Press) out of tolerance,"FYI - parts from PRS-01 (Hydraulic Press) out of tolerance, diameter oversize by 0.05 mm Line stopped intermittently.",Quality,Medium,Measurement,Gauge out of calibration and tool offset not updated after tool change,"Recalibrate gauge, reset tool offset, re-inspect last batch and quarantine suspects",Calibration schedule tracked in system; mandatory first-piece inspection after tool change,Meena Iyer,Closed,13.1
INC-1348,2025-06-12 23:43,Supervisor R. Kavitha,WLD-02,Line-D,Production slow at WLD-02 (Welding Robot),"FYI - production slow at WLD-02 (Welding Robot), frequent waiting between steps Seen 2 times today. Customer order at risk.",Process,High,Method,Changeover steps not standardized; operators using different sequences,Time-study the sequence and publish standard work for changeover,SMED workshop; visual work instruction at station; monthly process audit,Priya Menon,Closed,4.9
INC-1349,2025-06-13 17:40,Operator A. Raj,PRS-01,Line-B,Operator minor injury,Pls check: opertor minor injury - slipped near PRS-01 (Hydraulic Press) on spilled coolant Happened during night shift. Throughput down by half.,Safety,Medium,Environment,Coolant/oil leak not cleaned promptly; no drip tray and housekeeping gap,"Clean area, fit drip tray, fix source of leak, place warning signage",Housekeeping checklist each shift; leak detection in daily round,Ravi Kumar,Closed,11.3
INC-1350,2025-06-13 17:46,Operator S. Revathi,PNT-01,Line-E,PNT-01 (Paint Booth) sensor not detecting parts,"URGENT: PNT-01 (Paint Booth) sensor not detecting parts, line stops randomly Production affected.",Electrical,Medium,Machine,Loose connector and damaged cable insulation at sensor due to vibration,"Re-terminate connector, replace damaged cable, secure with clamps",Use vibration-rated connectors; add cable routing check to monthly inspection,Divya S,Closed,14.8
INC-1351,2025-06-13 23:27,Operator S. Revathi,PKG-01,Line-F,PKG-01 (Packaging Unit) drive belt tension low,"FYI - PKG-01 (Packaging Unit) drive belt tension low, intermittent stops Please check asap. Line is running at reduced speed.",Mechanical,Medium,Method,Belt tension not checked after last maintenance; no standard tension procedure,"Re-tension and align belt, replace frayed section",Create SOP with tension measurement values; add post-maintenance verification step,Divya S,Closed,6.9
INC-1352,2025-06-13 23:52,Supervisor R. Kavitha,PRS-02,Line-B,False stop on PRS-02 (Stamping Press),"false stop on PRS-02 (Stamping Press) - sensor flickering, wiring looks loose Shipment on hold, customer escalation.",Electrical,Critical,Machine,Loose connector and damaged cable insulation at sensor due to vibration,"Re-terminate connector, replace damaged cable, secure with clamps",Use vibration-rated connectors; add cable routing check to monthly inspection,Divya S,Closed,2.7
INC-1353,2025-06-14 22:00,Shift In-charge R. Nandini,PRS-02,Line-B,Barcode scanner at PRS-02 (Stamping Press) failing to read labels,"barcode scanner at PRS-02 (Stamping Press) failing to read labels Minor, running normally.",Automation,Low,Measurement,Gateway service stopped after server patching; scanner lens dirty,"Restart and auto-enable gateway service, clean scanner, backfill missed counts",Service health monitoring with alerts; scanner cleaning in daily checklist,Ravi Kumar,Closed,21.5
INC-1354,2025-06-14 23:44,Supervisor R. Kavitha,PRS-02,Line-B,Near miss: operator slipped on oil near PRS-02 (Stamping Press),Reported by operator: near miss: operator slipped on oil near PRS-02 (Stamping Press) Not first time. Throughput down by half.,Safety,High,Environment,Coolant/oil leak not cleaned promptly; no drip tray and housekeeping gap,"Clean area, fit drip tray, fix source of leak, place warning signage",Housekeeping checklist each shift; leak detection in daily round,Shivani,Closed,8.6
INC-1355,2025-06-15 03:43,Supervisor R. Kavitha,PRS-02,Line-B,PRS-02 (Stamping Press) tripped on overload,"PRS-02 (Stamping Press) tripped on overload, motor hot to touch Started after lunch break. Big scrap pile building up.",Electrical,High,Machine,Motor winding insulation degraded causing high current draw,"Replace motor, verify current draw within rated limits",Quarterly insulation resistance test; thermal imaging scan in PM schedule,Divya S,Closed,5.0
INC-1356,2025-06-15 16:55,Operator T. Mary,PNT-01,Line-E,Overheating cable observed at PNT-01 (Paint Booth),"overheating cable observed at PNT-01 (Paint Booth), insulation discoloured Not first time. Shipment on hold, customer escalation.",Safety,Critical,Machine,Undersized cable and loose lug causing overheating under load,"Isolate power, replace cable with correct rating, tighten and torque-mark lugs",Thermography survey of panels every quarter; cable sizing review on any load addition,Sneha Patil,Closed,4.7
INC-1357,2025-06-16 05:42,Operator S. Lakshmi,PRS-01,Line-B,Line stopped at PRS-01 (Hydraulic Press),Reported by operator: line stopped at PRS-01 (Hydraulic Press) - material not delivered on time,Process,Medium,Material,Kanban signal missed and supplier delivery schedule not aligned with production plan,"Expedite material, verify grade before loading",Revise reorder points; weekly supplier delivery review; incoming grade check,Priya Menon,Closed,24.5
INC-1358,2025-06-16 13:24,Supervisor R. Kavitha,ASM-01,Line-E,ASM-01 (Assembly Station) output dropped,"ASM-01 (Assembly Station) output dropped, takt time not being met Seen 2 times today. Some rework needed.",Process,Medium,Method,Changeover steps not standardized; operators using different sequences,Time-study the sequence and publish standard work for changeover,SMED workshop; visual work instruction at station; monthly process audit,Meena Iyer,Closed,14.4
INC-1359,2025-06-16 14:58,Operator T. Mary,CMP-01,Utilities,Cycle time on CMP-01 (Air Compressor) increased by 15 percent this week,URGENT: cycle time on CMP-01 (Air Compressor) increased by 15 percent this week Started after lunch break. Customer order at risk.,Process,High,Method,Changeover steps not standardized; operators using different sequences,Time-study the sequence and publish standard work for changeover,SMED workshop; visual work instruction at station; monthly process audit,Meena Iyer,Closed,7.8
INC-1360,2025-06-17 13:11,Line Lead A. Swathi,CNV-02,Line-C,Oil leak at hose joint of CNV-02 (Conveyor Belt),"oil leak at hose joint of CNV-02 (Conveyor Belt), machine slow to respond Seen 2 times today. Throughput down by half.",Mechanical,Critical,Material,Hydraulic seal degraded due to age and use of non-spec seal material,"Replace seal and hose with OEM-spec parts, top up and bleed hydraulic oil",Define seal replacement interval; stock only OEM-approved spares; add leak inspection to daily round,Divya S,Closed,4.7
INC-1361,2025-06-18 03:08,Operator A. Raj,PKG-01,Line-F,Safety guard missing on PKG-01 (Packaging Unit),"safety guard missing on PKG-01 (Packaging Unit), operator noticed during start of shift Line stopped intermittently.",Safety,Critical,Man,Guard removed during maintenance and not refitted; no sign-off before restart,"Refit guard, restore interlock, retest e-stop, counsel involved personnel",Lockout-tagout with restart sign-off checklist; periodic safety audit and retraining,Sneha Patil,Closed,4.0
INC-1362,2025-06-18 11:59,Line Lead A. Swathi,CNV-02,Line-C,CNV-02 (Conveyor Belt) HMI shows communication error with PLC,Reported by operator: CNV-02 (Conveyor Belt) HMI shows communication error with PLC Not first time. Line is running at reduced speed.,Automation,Medium,Machine,Firmware mismatch after last update and weak network cable between HMI and PLC,"Reflash correct firmware, replace network cable, verify communication",Change-control for firmware updates with rollback plan; periodic network health test,Anita Sharma,Closed,24.0
INC-1363,2025-06-19 05:09,Shift In-charge R. Nandini,CMP-01,Utilities,Production slow at CMP-01 (Air Compressor),"FYI - production slow at CMP-01 (Air Compressor), frequent waiting between steps Seen 2 times today. Line stopped intermittently.",Process,High,Method,Changeover steps not standardized; operators using different sequences,Time-study the sequence and publish standard work for changeover,SMED workshop; visual work instruction at station; monthly process audit,Shivani,Closed,4.3
INC-1364,2025-06-19 11:43,Operator S. Lakshmi,PKG-01,Line-F,Data from PKG-01 (Packaging Unit) missing on dashboard since morning,Pls check: data from PKG-01 (Packaging Unit) missing on dashboard since morning Happened during night shift. Some rework needed.,Automation,Medium,Measurement,Gateway service stopped after server patching; scanner lens dirty,"Restart and auto-enable gateway service, clean scanner, backfill missed counts",Service health monitoring with alerts; scanner cleaning in daily checklist,Deepa Nair,Closed,20.7
INC-1365,2025-06-19 16:14,Shift In-charge R. Nandini,WLD-01,Line-D,MES not receiving production count from WLD-01 (Welding Robot),FYI - MES not receiving production count from WLD-01 (Welding Robot) Not first time. Some rework needed.,Automation,Medium,Measurement,Gateway service stopped after server patching; scanner lens dirty,"Restart and auto-enable gateway service, clean scanner, backfill missed counts",Service health monitoring with alerts; scanner cleaning in daily checklist,Anita Sharma,Closed,11.7
INC-1366,2025-06-19 22:11,Operator S. Lakshmi,PRS-02,Line-B,Dimension rejection from PRS-02 (Stamping Press) batch,"URGENT: dimension rejection from PRS-02 (Stamping Press) batch, gauge reading above limit Started after lunch break. Production affected.",Quality,Medium,Measurement,Gauge out of calibration and tool offset not updated after tool change,"Recalibrate gauge, reset tool offset, re-inspect last batch and quarantine suspects",Calibration schedule tracked in system; mandatory first-piece inspection after tool change,Shivani,Closed,15.3
INC-1367,2025-06-20 02:57,Supervisor R. Kavitha,CNC-01,Line-A,CNC-01 (CNC Milling Machine) pressure dropping,"URGENT: CNC-01 (CNC Milling Machine) pressure dropping, oil seen near cylinder Started after lunch break. Some rework needed.",Mechanical,Low,Material,Hydraulic seal degraded due to age and use of non-spec seal material,"Replace seal and hose with OEM-spec parts, top up and bleed hydraulic oil",Define seal replacement interval; stock only OEM-approved spares; add leak inspection to daily round,Ravi Kumar,Closed,65.4
INC-1368,2025-06-20 16:50,Line Lead A. Swathi,WLD-02,Line-D,MES not receiving production count from WLD-02 (Welding Robot),"MES not receiving production count from WLD-02 (Welding Robot) Please check asap. Workaround in place, low urgency.",Automation,Low,Measurement,Gateway service stopped after server patching; scanner lens dirty,"Restart and auto-enable gateway service, clean scanner, backfill missed counts",Service health monitoring with alerts; scanner cleaning in daily checklist,Deepa Nair,Closed,39.2
INC-1369,2025-06-21 08:44,Shift In-charge R. Nandini,CNV-02,Line-C,Customer complaint: scratch marks on finished parts from CNV-02 (Conveyor Belt) ,URGENT: customer complaint: scratch marks on finished parts from CNV-02 (Conveyor Belt) line Not first time. Some rework needed.,Quality,Medium,Method,Parts contacting each other during handling due to missing separators in trolley,"Sort and rework affected lot, add separators to trolley",Update handling work instruction; add visual check at station exit,Shivani,Closed,17.9
INC-1370,2025-06-21 12:42,Operator S. Lakshmi,PKG-01,Line-F,Wrong material grade supplied to PKG-01 (Packaging Unit),URGENT: wrong material grade supplied to PKG-01 (Packaging Unit) Happened during night shift. Some rework needed.,Process,Medium,Material,Kanban signal missed and supplier delivery schedule not aligned with production plan,"Expedite material, verify grade before loading",Revise reorder points; weekly supplier delivery review; incoming grade check,Sneha Patil,Closed,15.8
INC-1371,2025-06-21 12:46,Operator S. Lakshmi,CNV-01,Line-C,Interlock on CNV-01 (Conveyor Belt) door bypassed with tape,Reported by operator: interlock on CNV-01 (Conveyor Belt) door bypassed with tape Throughput down by half.,Safety,High,Man,Guard removed during maintenance and not refitted; no sign-off before restart,"Refit guard, restore interlock, retest e-stop, counsel involved personnel",Lockout-tagout with restart sign-off checklist; periodic safety audit and retraining,Ravi Kumar,Closed,4.6
INC-1372,2025-06-21 17:18,Operator T. Mary,CNV-01,Line-C,CNV-01 (Conveyor Belt) sensor not detecting parts,"CNV-01 (Conveyor Belt) sensor not detecting parts, line stops randomly Not first time.",Electrical,Medium,Machine,Loose connector and damaged cable insulation at sensor due to vibration,"Re-terminate connector, replace damaged cable, secure with clamps",Use vibration-rated connectors; add cable routing check to monthly inspection,Anita Sharma,Closed,14.6
INC-1373,2025-06-21 23:13,Operator A. Raj,PRS-01,Line-B,PRS-01 (Hydraulic Press) pressure dropping,"Pls check: PRS-01 (Hydraulic Press) pressure dropping, oil seen near cylinder Started after lunch break. Output down slightly.",Mechanical,Medium,Material,Hydraulic seal degraded due to age and use of non-spec seal material,"Replace seal and hose with OEM-spec parts, top up and bleed hydraulic oil",Define seal replacement interval; stock only OEM-approved spares; add leak inspection to daily round,Priya Menon,Closed,15.2
INC-1374,2025-06-22 03:19,Line Lead A. Swathi,CNV-02,Line-C,Weld porosity found in samples from CNV-02 (Conveyor Belt),weld porosity found in samples from CNV-02 (Conveyor Belt) Production affected.,Quality,Medium,Material,Shielding gas contamination and moisture in wire spool,"Replace gas cylinder and wire spool, re-weld and re-test affected parts",Store wire in dry cabinet; gas purity check on cylinder receipt,Divya S,Closed,14.9
INC-1375,2025-06-23 07:27,Operator T. Mary,CNV-01,Line-C,Smoke smell and slight sparks near CNV-01 (Conveyor Belt) panel,FYI - smoke smell and slight sparks near CNV-01 (Conveyor Belt) panel Started after lunch break.,Safety,Critical,Machine,Undersized cable and loose lug causing overheating under load,"Isolate power, replace cable with correct rating, tighten and torque-mark lugs",Thermography survey of panels every quarter; cable sizing review on any load addition,Sneha Patil,Closed,3.9
INC-1376,2025-06-23 17:37,Operator M. Pooja,PRS-01,Line-B,Parts from PRS-01 (Hydraulic Press) out of tolerance,"FYI - parts from PRS-01 (Hydraulic Press) out of tolerance, diameter oversize by 0.05 mm Please check asap. Line stopped intermittently.",Quality,High,Measurement,Gauge out of calibration and tool offset not updated after tool change,"Recalibrate gauge, reset tool offset, re-inspect last batch and quarantine suspects",Calibration schedule tracked in system; mandatory first-piece inspection after tool change,Meena Iyer,Closed,10.2
INC-1377,2025-06-23 21:48,Shift In-charge R. Nandini,PRS-01,Line-B,Robot on PRS-01 (Hydraulic Press) positioning drift,"robot on PRS-01 (Hydraulic Press) positioning drift, parts picked off-centre Please check asap. Person injured, first aid given.",Automation,High,Method,Robot TCP not re-calibrated after collision/e-stop recovery; no recovery procedure,"Re-teach TCP and vision calibration, validate with test pieces",Document post-e-stop recovery SOP; add calibration check to start-of-shift routine,Anita Sharma,Closed,7.0
INC-1378,2025-06-24 00:33,Operator S. Revathi,PRS-02,Line-B,PRS-02 (Stamping Press) coating uneven,"Reported by operator: PRS-02 (Stamping Press) coating uneven, orange peel texture on panels Please check asap. Line is running at reduced speed.",Process,High,Environment,Booth humidity and temperature outside spec; filter clogged,"Replace filters, adjust HVAC setpoints, re-coat affected parts",Add humidity/temperature alarm; filter change interval in PM plan,Shivani,Closed,13.5
INC-1379,2025-06-24 02:05,Operator M. Pooja,WLD-02,Line-D,Robot on WLD-02 (Welding Robot) stopped with servo alarm,FYI - robot on WLD-02 (Welding Robot) stopped with servo alarm Please check asap. Line stopped intermittently.,Automation,Critical,Machine,Firmware mismatch after last update and weak network cable between HMI and PLC,"Reflash correct firmware, replace network cable, verify communication",Change-control for firmware updates with rollback plan; periodic network health test,Deepa Nair,Closed,7.0
INC-1380,2025-06-24 03:25,Operator A. Raj,PKG-01,Line-F,Paint thickness inconsistent on parts from PKG-01 (Packaging Unit),paint thickness inconsistent on parts from PKG-01 (Packaging Unit) No impact on output.,Process,Medium,Environment,Booth humidity and temperature outside spec; filter clogged,"Replace filters, adjust HVAC setpoints, re-coat affected parts",Add humidity/temperature alarm; filter change interval in PM plan,Priya Menon,Closed,17.0
INC-1381,2025-06-24 04:34,Operator S. Lakshmi,CNC-02,Line-A,CNC-02 (CNC Lathe) belt slipping and product jerking on the line,"Reported by operator: CNC-02 (CNC Lathe) belt slipping and product jerking on the line Seen 2 times today. Workaround in place, low urgency.",Mechanical,Low,Method,Belt tension not checked after last maintenance; no standard tension procedure,"Re-tension and align belt, replace frayed section",Create SOP with tension measurement values; add post-maintenance verification step,Ravi Kumar,Closed,21.9
INC-1382,2025-06-24 11:41,Line Lead A. Swathi,PRS-01,Line-B,Control panel of PRS-01 (Hydraulic Press) shows undervoltage alarm,control panel of PRS-01 (Hydraulic Press) shows undervoltage alarm Not first time.,Electrical,Medium,Environment,Unstable supply voltage during peak load; no voltage stabilizer on control circuit,"Install stabilizer/UPS on control circuit, tighten incoming terminals",Power quality monitoring on feeder; load balancing across shifts,Divya S,Closed,22.5
INC-1383,2025-06-24 16:22,Operator S. Revathi,ASM-01,Line-E,Power supply voltage fluctuation,"Pls check: power supply voltage fluctuation, asm-01 (assembly station) control panel resetting Shipment on hold, customer escalation.",Electrical,Critical,Environment,Unstable supply voltage during peak load; no voltage stabilizer on control circuit,"Install stabilizer/UPS on control circuit, tighten incoming terminals",Power quality monitoring on feeder; load balancing across shifts,Anita Sharma,Closed,4.9
INC-1384,2025-06-25 12:55,Operator A. Raj,CMP-01,Utilities,CMP-01 (Air Compressor) making loud grinding noise from spindle area,URGENT: CMP-01 (Air Compressor) making loud grinding noise from spindle area Started after lunch break. Customer order at risk.,Mechanical,High,Machine,Bearing wear due to inadequate lubrication over multiple shifts,"Replace worn bearing, re-grease and realign shaft, run 30-min trial",Add bearing lubrication to weekly PM checklist; install vibration sensor with alert threshold,Divya S,Closed,5.4
INC-1385,2025-06-26 00:11,Supervisor R. Kavitha,CNC-01,Line-A,Surface scratches found on products from CNC-01 (CNC Milling Machine),Reported by operator: surface scratches found on products from cnc-01 (cnc milling machine) Big scrap pile building up.,Quality,High,Method,Parts contacting each other during handling due to missing separators in trolley,"Sort and rework affected lot, add separators to trolley",Update handling work instruction; add visual check at station exit,Meena Iyer,Closed,9.3
INC-1386,2025-06-26 00:18,Operator S. Revathi,CNC-02,Line-A,CNC-02 (CNC Lathe) HMI shows communication error with PLC,URGENT: CNC-02 (CNC Lathe) HMI shows communication error with PLC Throughput down by half.,Automation,High,Machine,Firmware mismatch after last update and weak network cable between HMI and PLC,"Reflash correct firmware, replace network cable, verify communication",Change-control for firmware updates with rollback plan; periodic network health test,Deepa Nair,Closed,5.3
INC-1387,2025-06-26 08:36,Operator S. Lakshmi,PNT-01,Line-E,PNT-01 (Paint Booth) output dropped,"FYI - pnt-01 (paint booth) output dropped, takt time not being met Started after lunch break. Output down slightly.",Process,Medium,Method,Changeover steps not standardized; operators using different sequences,Time-study the sequence and publish standard work for changeover,SMED workshop; visual work instruction at station; monthly process audit,Meena Iyer,Closed,14.4
INC-1388,2025-06-26 08:40,Operator S. Revathi,CNC-02,Line-A,Surface scratches found on products from CNC-02 (CNC Lathe),"surface scratches found on products from CNC-02 (CNC Lathe) Minor, running normally.",Quality,Low,Method,Parts contacting each other during handling due to missing separators in trolley,"Sort and rework affected lot, add separators to trolley",Update handling work instruction; add visual check at station exit,Priya Menon,Closed,46.9
INC-1389,2025-06-27 00:48,Operator S. Revathi,CNC-01,Line-A,False stop on CNC-01 (CNC Milling Machine),"URGENT: false stop on CNC-01 (CNC Milling Machine) - sensor flickering, wiring looks loose Machine stopped, no backup available.",Electrical,High,Machine,Loose connector and damaged cable insulation at sensor due to vibration,"Re-terminate connector, replace damaged cable, secure with clamps",Use vibration-rated connectors; add cable routing check to monthly inspection,Deepa Nair,Closed,8.0
INC-1390,2025-06-27 06:53,Operator S. Lakshmi,CNC-02,Line-A,Visual defect,"visual defect - scratches and dents on parts after CNC-02 (CNC Lathe) Seen 2 times today. Minor, running normally.",Quality,Low,Method,Parts contacting each other during handling due to missing separators in trolley,"Sort and rework affected lot, add separators to trolley",Update handling work instruction; add visual check at station exit,Meena Iyer,Closed,43.1
INC-1391,2025-06-27 07:50,Operator M. Pooja,CNC-02,Line-A,Motor of CNC-02 (CNC Lathe) keeps tripping breaker after 10 minutes of running,FYI - motor of CNC-02 (CNC Lathe) keeps tripping breaker after 10 minutes of running Happened during night shift. Production affected.,Electrical,Medium,Machine,Motor winding insulation degraded causing high current draw,"Replace motor, verify current draw within rated limits",Quarterly insulation resistance test; thermal imaging scan in PM schedule,Anita Sharma,Closed,16.3
INC-1392,2025-06-27 11:23,Operator T. Mary,PNT-01,Line-E,Raw material shortage at PNT-01 (Paint Booth),"Pls check: raw material shortage at pnt-01 (paint booth), line waiting for feed Not first time. Workaround in place, low urgency.",Process,Medium,Material,Kanban signal missed and supplier delivery schedule not aligned with production plan,"Expedite material, verify grade before loading",Revise reorder points; weekly supplier delivery review; incoming grade check,Priya Menon,Closed,12.9
INC-1393,2025-06-28 00:45,Line Lead A. Swathi,PRS-01,Line-B,Parts from PRS-01 (Hydraulic Press) out of tolerance,"parts from PRS-01 (Hydraulic Press) out of tolerance, diameter oversize by 0.05 mm Started after lunch break. Customer order at risk.",Quality,High,Measurement,Gauge out of calibration and tool offset not updated after tool change,"Recalibrate gauge, reset tool offset, re-inspect last batch and quarantine suspects",Calibration schedule tracked in system; mandatory first-piece inspection after tool change,Meena Iyer,Closed,7.9
INC-1394,2025-06-28 00:58,Line Lead A. Swathi,PKG-01,Line-F,Dimension rejection from PKG-01 (Packaging Unit) batch,"dimension rejection from PKG-01 (Packaging Unit) batch, gauge reading above limit Seen 2 times today. Big scrap pile building up.",Quality,High,Measurement,Gauge out of calibration and tool offset not updated after tool change,"Recalibrate gauge, reset tool offset, re-inspect last batch and quarantine suspects",Calibration schedule tracked in system; mandatory first-piece inspection after tool change,Meena Iyer,Closed,8.5
INC-1395,2025-06-28 08:36,Operator S. Revathi,CMP-01,Utilities,Proximity sensor on CMP-01 (Air Compressor) giving intermittent signal,URGENT: proximity sensor on CMP-01 (Air Compressor) giving intermittent signal Happened during night shift. Production affected.,Electrical,Medium,Machine,Loose connector and damaged cable insulation at sensor due to vibration,"Re-terminate connector, replace damaged cable, secure with clamps",Use vibration-rated connectors; add cable routing check to monthly inspection,Deepa Nair,Closed,17.8
INC-1396,2025-06-28 17:28,Operator T. Mary,PRS-02,Line-B,PRS-02 (Stamping Press) PLC rebooting randomly,"PRS-02 (Stamping Press) PLC rebooting randomly, panel lights flicker Seen 2 times today. Throughput down by half.",Electrical,Critical,Environment,Unstable supply voltage during peak load; no voltage stabilizer on control circuit,"Install stabilizer/UPS on control circuit, tighten incoming terminals",Power quality monitoring on feeder; load balancing across shifts,Divya S,Closed,4.7
INC-1397,2025-06-29 02:30,Operator M. Pooja,PRS-01,Line-B,Calibration lost on PRS-01 (Hydraulic Press) robot after emergency stop,"Reported by operator: calibration lost on PRS-01 (Hydraulic Press) robot after emergency stop Please check asap. Person injured, first aid given.",Automation,High,Method,Robot TCP not re-calibrated after collision/e-stop recovery; no recovery procedure,"Re-teach TCP and vision calibration, validate with test pieces",Document post-e-stop recovery SOP; add calibration check to start-of-shift routine,Anita Sharma,Closed,9.5
INC-1398,2025-06-29 03:44,Shift In-charge R. Nandini,CMP-01,Utilities,PLC fault code on CMP-01 (Air Compressor),"FYI - PLC fault code on CMP-01 (Air Compressor), program halted Line is running at reduced speed.",Automation,Medium,Machine,Firmware mismatch after last update and weak network cable between HMI and PLC,"Reflash correct firmware, replace network cable, verify communication",Change-control for firmware updates with rollback plan; periodic network health test,Anita Sharma,Closed,11.1
INC-1399,2025-06-29 13:42,Operator S. Lakshmi,CNV-01,Line-C,Weld porosity found in samples from CNV-01 (Conveyor Belt),"weld porosity found in samples from CNV-01 (Conveyor Belt) Person injured, first aid given.",Quality,Critical,Material,Shielding gas contamination and moisture in wire spool,"Replace gas cylinder and wire spool, re-weld and re-test affected parts",Store wire in dry cabinet; gas purity check on cylinder receipt,Meena Iyer,Closed,5.5
INC-1400,2025-06-29 14:43,Operator A. Raj,PRS-01,Line-B,PRS-01 (Hydraulic Press) PLC rebooting randomly,"PRS-01 (Hydraulic Press) PLC rebooting randomly, panel lights flicker Production affected.",Electrical,Medium,Environment,Unstable supply voltage during peak load; no voltage stabilizer on control circuit,"Install stabilizer/UPS on control circuit, tighten incoming terminals",Power quality monitoring on feeder; load balancing across shifts,Divya S,Closed,22.4
INC-1401,2025-06-30 03:35,Shift In-charge R. Nandini,PKG-01,Line-F,PKG-01 (Packaging Unit) sensor not detecting parts,"Pls check: PKG-01 (Packaging Unit) sensor not detecting parts, line stops randomly Please check asap. Person injured, first aid given.",Electrical,Critical,Machine,Loose connector and damaged cable insulation at sensor due to vibration,"Re-terminate connector, replace damaged cable, secure with clamps",Use vibration-rated connectors; add cable routing check to monthly inspection,Anita Sharma,Closed,3.8
INC-1402,2025-06-30 21:39,Operator A. Raj,PRS-02,Line-B,Weld porosity found in samples from PRS-02 (Stamping Press),Pls check: weld porosity found in samples from PRS-02 (Stamping Press) Seen 2 times today. Production affected.,Quality,Medium,Material,Shielding gas contamination and moisture in wire spool,"Replace gas cylinder and wire spool, re-weld and re-test affected parts",Store wire in dry cabinet; gas purity check on cylinder receipt,Shivani,Closed,18.2
INC-1403,2025-07-01 18:44,Operator S. Revathi,PRS-01,Line-B,Proximity sensor on PRS-01 (Hydraulic Press) giving intermittent signal,URGENT: proximity sensor on PRS-01 (Hydraulic Press) giving intermittent signal Started after lunch break. Line is running at reduced speed.,Electrical,Medium,Machine,Loose connector and damaged cable insulation at sensor due to vibration,"Re-terminate connector, replace damaged cable, secure with clamps",Use vibration-rated connectors; add cable routing check to monthly inspection,Deepa Nair,Closed,18.5
INC-1404,2025-07-02 07:01,Shift In-charge R. Nandini,CNC-01,Line-A,False stop on CNC-01 (CNC Milling Machine),"FYI - false stop on CNC-01 (CNC Milling Machine) - sensor flickering, wiring looks loose Not first time. Production affected.",Electrical,Medium,Machine,Loose connector and damaged cable insulation at sensor due to vibration,"Re-terminate connector, replace damaged cable, secure with clamps",Use vibration-rated connectors; add cable routing check to monthly inspection,Anita Sharma,Closed,3.2
INC-1405,2025-07-02 17:56,Operator M. Pooja,CNC-02,Line-A,Overheating cable observed at CNC-02 (CNC Lathe),"overheating cable observed at CNC-02 (CNC Lathe), insulation discoloured Please check asap. Customer order at risk.",Safety,High,Machine,Undersized cable and loose lug causing overheating under load,"Isolate power, replace cable with correct rating, tighten and torque-mark lugs",Thermography survey of panels every quarter; cable sizing review on any load addition,Sneha Patil,Closed,8.0
INC-1406,2025-07-03 19:50,Operator S. Lakshmi,CNC-01,Line-A,PLC fault code on CNC-01 (CNC Milling Machine),"PLC fault code on CNC-01 (CNC Milling Machine), program halted Cosmetic only, can wait for planned maintenance.",Automation,Medium,Machine,Firmware mismatch after last update and weak network cable between HMI and PLC,"Reflash correct firmware, replace network cable, verify communication",Change-control for firmware updates with rollback plan; periodic network health test,Deepa Nair,Closed,17.2
INC-1407,2025-07-03 22:40,Line Lead A. Swathi,PKG-01,Line-F,Weak weld joints detected in destructive test,"FYI - weak weld joints detected in destructive test, PKG-01 (Packaging Unit) Please check asap. Big scrap pile building up.",Quality,High,Material,Shielding gas contamination and moisture in wire spool,"Replace gas cylinder and wire spool, re-weld and re-test affected parts",Store wire in dry cabinet; gas purity check on cylinder receipt,Shivani,Closed,6.9
INC-1408,2025-07-04 18:51,Operator T. Mary,PRS-02,Line-B,PRS-02 (Stamping Press) PLC rebooting randomly,"PRS-02 (Stamping Press) PLC rebooting randomly, panel lights flicker Not first time. Production affected.",Electrical,Medium,Environment,Unstable supply voltage during peak load; no voltage stabilizer on control circuit,"Install stabilizer/UPS on control circuit, tighten incoming terminals",Power quality monitoring on feeder; load balancing across shifts,Deepa Nair,Closed,13.5
INC-1409,2025-07-05 14:50,Operator A. Raj,CMP-01,Utilities,Barcode scanner at CMP-01 (Air Compressor) failing to read labels,Pls check: barcode scanner at CMP-01 (Air Compressor) failing to read labels Not first time. No impact on output.,Automation,Low,Measurement,Gateway service stopped after server patching; scanner lens dirty,"Restart and auto-enable gateway service, clean scanner, backfill missed counts",Service health monitoring with alerts; scanner cleaning in daily checklist,Anita Sharma,Closed,43.1
INC-1410,2025-07-06 15:35,Operator S. Revathi,ASM-01,Line-E,ASM-01 (Assembly Station) output dropped,"URGENT: ASM-01 (Assembly Station) output dropped, takt time not being met Workaround in place, low urgency.",Process,Low,Method,Changeover steps not standardized; operators using different sequences,Time-study the sequence and publish standard work for changeover,SMED workshop; visual work instruction at station; monthly process audit,Sneha Patil,Closed,23.2
INC-1411,2025-07-07 19:13,Shift In-charge R. Nandini,PRS-02,Line-B,Paint thickness inconsistent on parts from PRS-02 (Stamping Press),URGENT: paint thickness inconsistent on parts from PRS-02 (Stamping Press) Seen 2 times today. Big scrap pile building up.,Process,High,Environment,Booth humidity and temperature outside spec; filter clogged,"Replace filters, adjust HVAC setpoints, re-coat affected parts",Add humidity/temperature alarm; filter change interval in PM plan,Meena Iyer,Closed,6.4
INC-1412,2025-07-08 05:18,Supervisor R. Kavitha,ASM-01,Line-E,ASM-01 (Assembly Station) vision system rejecting good parts,URGENT: ASM-01 (Assembly Station) vision system rejecting good parts Started after lunch break.,Automation,Medium,Method,Robot TCP not re-calibrated after collision/e-stop recovery; no recovery procedure,"Re-teach TCP and vision calibration, validate with test pieces",Document post-e-stop recovery SOP; add calibration check to start-of-shift routine,Anita Sharma,Closed,17.0
INC-1413,2025-07-08 11:33,Operator M. Pooja,CNV-01,Line-C,Raw material shortage at CNV-01 (Conveyor Belt),"raw material shortage at CNV-01 (Conveyor Belt), line waiting for feed Some rework needed.",Process,Medium,Material,Kanban signal missed and supplier delivery schedule not aligned with production plan,"Expedite material, verify grade before loading",Revise reorder points; weekly supplier delivery review; incoming grade check,Meena Iyer,Closed,22.8
INC-1414,2025-07-09 07:31,Shift In-charge R. Nandini,PRS-01,Line-B,Weld porosity found in samples from PRS-01 (Hydraulic Press),weld porosity found in samples from PRS-01 (Hydraulic Press) Started after lunch break.,Quality,Critical,Material,Shielding gas contamination and moisture in wire spool,"Replace gas cylinder and wire spool, re-weld and re-test affected parts",Store wire in dry cabinet; gas purity check on cylinder receipt,Meena Iyer,Closed,4.3
INC-1415,2025-07-09 10:07,Operator A. Raj,PNT-01,Line-E,Dimension rejection from PNT-01 (Paint Booth) batch,"Reported by operator: dimension rejection from PNT-01 (Paint Booth) batch, gauge reading above limit Customer order at risk.",Quality,Medium,Measurement,Gauge out of calibration and tool offset not updated after tool change,"Recalibrate gauge, reset tool offset, re-inspect last batch and quarantine suspects",Calibration schedule tracked in system; mandatory first-piece inspection after tool change,Shivani,Closed,16.3
INC-1416,2025-07-09 19:15,Operator S. Lakshmi,CNV-02,Line-C,Safety guard missing on CNV-02 (Conveyor Belt),"safety guard missing on CNV-02 (Conveyor Belt), operator noticed during start of shift Seen 2 times today. Entire line down.",Safety,Critical,Man,Guard removed during maintenance and not refitted; no sign-off before restart,"Refit guard, restore interlock, retest e-stop, counsel involved personnel",Lockout-tagout with restart sign-off checklist; periodic safety audit and retraining,Ravi Kumar,Closed,2.9
INC-1417,2025-07-09 21:23,Operator S. Lakshmi,WLD-02,Line-D,Power supply voltage fluctuation,"FYI - power supply voltage fluctuation, WLD-02 (Welding Robot) control panel resetting Happened during night shift. Line stopped intermittently.",Electrical,High,Environment,Unstable supply voltage during peak load; no voltage stabilizer on control circuit,"Install stabilizer/UPS on control circuit, tighten incoming terminals",Power quality monitoring on feeder; load balancing across shifts,Anita Sharma,Closed,5.2
INC-1418,2025-07-10 04:52,Operator A. Raj,PRS-02,Line-B,Production slow at PRS-02 (Stamping Press),"FYI - production slow at PRS-02 (Stamping Press), frequent waiting between steps Started after lunch break. Cosmetic only, can wait for planned maintenance.",Process,Low,Method,Changeover steps not standardized; operators using different sequences,Time-study the sequence and publish standard work for changeover,SMED workshop; visual work instruction at station; monthly process audit,Anita Sharma,Closed,19.7
INC-1419,2025-07-10 06:03,Shift In-charge R. Nandini,CNC-02,Line-A,Barcode scanner at CNC-02 (CNC Lathe) failing to read labels,FYI - barcode scanner at CNC-02 (CNC Lathe) failing to read labels Line is running at reduced speed.,Automation,Medium,Measurement,Gateway service stopped after server patching; scanner lens dirty,"Restart and auto-enable gateway service, clean scanner, backfill missed counts",Service health monitoring with alerts; scanner cleaning in daily checklist,Anita Sharma,Closed,7.2
INC-1420,2025-07-10 11:13,Operator S. Lakshmi,WLD-01,Line-D,WLD-01 (Welding Robot) making loud grinding noise from spindle area,"Reported by operator: WLD-01 (Welding Robot) making loud grinding noise from spindle area Seen 2 times today. Cosmetic only, can wait for planned maintenance.",Mechanical,Low,Machine,Bearing wear due to inadequate lubrication over multiple shifts,"Replace worn bearing, re-grease and realign shaft, run 30-min trial",Add bearing lubrication to weekly PM checklist; install vibration sensor with alert threshold,Ravi Kumar,Closed,38.2
INC-1421,2025-07-10 19:31,Line Lead A. Swathi,ASM-01,Line-E,Parts from ASM-01 (Assembly Station) out of tolerance,"FYI - parts from ASM-01 (Assembly Station) out of tolerance, diameter oversize by 0.05 mm Happened during night shift. Production affected.",Quality,Medium,Measurement,Gauge out of calibration and tool offset not updated after tool change,"Recalibrate gauge, reset tool offset, re-inspect last batch and quarantine suspects",Calibration schedule tracked in system; mandatory first-piece inspection after tool change,Meena Iyer,Closed,21.3
INC-1422,2025-07-11 04:48,Operator T. Mary,WLD-01,Line-D,Hydraulic oil leaking under WLD-01 (Welding Robot),"FYI - hydraulic oil leaking under wld-01 (welding robot), puddle on floor Shipment on hold, customer escalation.",Mechanical,Critical,Material,Hydraulic seal degraded due to age and use of non-spec seal material,"Replace seal and hose with OEM-spec parts, top up and bleed hydraulic oil",Define seal replacement interval; stock only OEM-approved spares; add leak inspection to daily round,Divya S,Closed,4.5
INC-1423,2025-07-13 13:14,Shift In-charge R. Nandini,ASM-01,Line-E,Cycle time on ASM-01 (Assembly Station) increased by 15 percent this week,cycle time on ASM-01 (Assembly Station) increased by 15 percent this week Happened during night shift. Big scrap pile building up.,Process,High,Method,Changeover steps not standardized; operators using different sequences,Time-study the sequence and publish standard work for changeover,SMED workshop; visual work instruction at station; monthly process audit,Shivani,Closed,8.9
INC-1424,2025-07-13 16:49,Operator S. Lakshmi,CNC-01,Line-A,CNC-01 (CNC Milling Machine) sensor not detecting parts,"FYI - cnc-01 (cnc milling machine) senser not detecting parts, line stops randomly Happened during night shift. Production affected.",Electrical,Medium,Machine,Loose connector and damaged cable insulation at sensor due to vibration,"Re-terminate connector, replace damaged cable, secure with clamps",Use vibration-rated connectors; add cable routing check to monthly inspection,Anita Sharma,Closed,8.7
INC-1425,2025-07-13 18:56,Shift In-charge R. Nandini,PRS-01,Line-B,Parts from PRS-01 (Hydraulic Press) out of tolerance,"parts from PRS-01 (Hydraulic Press) out of tolerance, diameter oversize by 0.05 mm Seen 2 times today. Line stopped intermittently.",Quality,High,Measurement,Gauge out of calibration and tool offset not updated after tool change,"Recalibrate gauge, reset tool offset, re-inspect last batch and quarantine suspects",Calibration schedule tracked in system; mandatory first-piece inspection after tool change,Shivani,Closed,8.5
INC-1426,2025-07-13 21:18,Line Lead A. Swathi,CNV-01,Line-C,Wrong material grade supplied to CNV-01 (Conveyor Belt),URGENT: wrong material grade supplied to CNV-01 (Conveyor Belt) Not first time.,Process,Medium,Material,Kanban signal missed and supplier delivery schedule not aligned with production plan,"Expedite material, verify grade before loading",Revise reorder points; weekly supplier delivery review; incoming grade check,Meena Iyer,Closed,2.0
INC-1427,2025-07-14 05:53,Operator A. Raj,WLD-02,Line-D,Near miss: operator slipped on oil near WLD-02 (Welding Robot),"near miss: operator slipped on oil near WLD-02 (Welding Robot) Cosmetic only, can wait for planned maintenance.",Safety,Medium,Environment,Coolant/oil leak not cleaned promptly; no drip tray and housekeeping gap,"Clean area, fit drip tray, fix source of leak, place warning signage",Housekeeping checklist each shift; leak detection in daily round,Ravi Kumar,Closed,16.1
INC-1428,2025-07-14 10:59,Operator T. Mary,CNV-01,Line-C,Interlock on CNV-01 (Conveyor Belt) door bypassed with tape,Pls check: interlock on CNV-01 (Conveyor Belt) door bypassed with tape Not first time. Big scrap pile building up.,Safety,High,Man,Guard removed during maintenance and not refitted; no sign-off before restart,"Refit guard, restore interlock, retest e-stop, counsel involved personnel",Lockout-tagout with restart sign-off checklist; periodic safety audit and retraining,Ravi Kumar,Closed,6.5
INC-1429,2025-07-15 00:40,Operator M. Pooja,CNV-02,Line-C,Cycle time on CNV-02 (Conveyor Belt) increased by 15 percent this week,"cycle time on CNV-02 (Conveyor Belt) increased by 15 percent this week Minor, running normally.",Process,Low,Method,Changeover steps not standardized; operators using different sequences,Time-study the sequence and publish standard work for changeover,SMED workshop; visual work instruction at station; monthly process audit,Shivani,Closed,23.0
INC-1430,2025-07-15 02:20,Operator S. Lakshmi,CNC-01,Line-A,Proximity sensor on CNC-01 (CNC Milling Machine) giving intermittent signal,URGENT: proximity sensor on CNC-01 (CNC Milling Machine) giving intermittent signal,Electrical,Low,Machine,Loose connector and damaged cable insulation at sensor due to vibration,"Re-terminate connector, replace damaged cable, secure with clamps",Use vibration-rated connectors; add cable routing check to monthly inspection,Anita Sharma,Closed,40.1
INC-1431,2025-07-15 08:44,Operator S. Revathi,PRS-02,Line-B,Data from PRS-02 (Stamping Press) missing on dashboard since morning,FYI - data from PRS-02 (Stamping Press) missing on dashboard since morning Happened during night shift.,Automation,High,Measurement,Gateway service stopped after server patching; scanner lens dirty,"Restart and auto-enable gateway service, clean scanner, backfill missed counts",Service health monitoring with alerts; scanner cleaning in daily checklist,Anita Sharma,Closed,7.6
INC-1432,2025-07-16 08:54,Operator T. Mary,ASM-01,Line-E,Metal grinding sound coming from ASM-01 (Assembly Station) drive section,"URGENT: metal grinding sound coming from ASM-01 (Assembly Station) drive section Please check asap. Shipment on hold, customer escalation.",Mechanical,Critical,Machine,Bearing wear due to inadequate lubrication over multiple shifts,"Replace worn bearing, re-grease and realign shaft, run 30-min trial",Add bearing lubrication to weekly PM checklist; install vibration sensor with alert threshold,Divya S,Closed,3.2
INC-1433,2025-07-16 16:39,Operator S. Lakshmi,PNT-01,Line-E,Belt on PNT-01 (Paint Booth) misaligned and edge fraying,"belt on pnt-01 (paint booth) misaligned and edge fraying Please check asap. Cosmetic only, can wait for planned maintenance.",Mechanical,Medium,Method,Belt tension not checked after last maintenance; no standard tension procedure,"Re-tension and align belt, replace frayed section",Create SOP with tension measurement values; add post-maintenance verification step,Ravi Kumar,Closed,24.7
INC-1434,2025-07-18 11:40,Operator A. Raj,WLD-02,Line-D,Robot on WLD-02 (Welding Robot) stopped with servo alarm,robot on WLD-02 (Welding Robot) stopped with servo alarm Not first time. Customer order at risk.,Automation,High,Machine,Firmware mismatch after last update and weak network cable between HMI and PLC,"Reflash correct firmware, replace network cable, verify communication",Change-control for firmware updates with rollback plan; periodic network health test,Deepa Nair,Closed,9.0
INC-1435,2025-07-19 03:55,Operator S. Revathi,CNC-01,Line-A,Robot on CNC-01 (CNC Milling Machine) stopped with servo alarm,FYI - robot on CNC-01 (CNC Milling Machine) stopped with servo alarm Not first time. Production affected.,Automation,Medium,Machine,Firmware mismatch after last update and weak network cable between HMI and PLC,"Reflash correct firmware, replace network cable, verify communication",Change-control for firmware updates with rollback plan; periodic network health test,Deepa Nair,Closed,14.5
INC-1436,2025-07-20 08:04,Operator A. Raj,CMP-01,Utilities,CMP-01 (Air Compressor) pressure dropping,"FYI - CMP-01 (Air Compressor) pressure dropping, oil seen near cylinder Please check asap. Customer order at risk.",Mechanical,High,Material,Hydraulic seal degraded due to age and use of non-spec seal material,"Replace seal and hose with OEM-spec parts, top up and bleed hydraulic oil",Define seal replacement interval; stock only OEM-approved spares; add leak inspection to daily round,Ravi Kumar,Closed,4.2
INC-1437,2025-07-20 12:33,Operator S. Revathi,PRS-02,Line-B,Parts from PRS-02 (Stamping Press) out of tolerance,"parts from PRS-02 (Stamping Press) out of tolerance, diameter oversize by 0.05 mm Seen 2 times today. Output down slightly.",Quality,Medium,Measurement,Gauge out of calibration and tool offset not updated after tool change,"Recalibrate gauge, reset tool offset, re-inspect last batch and quarantine suspects",Calibration schedule tracked in system; mandatory first-piece inspection after tool change,Shivani,Closed,27.8
INC-1438,2025-07-20 23:00,Operator S. Lakshmi,CNV-02,Line-C,Paint finish defect on CNV-02 (Conveyor Belt),"Pls check: paint finish defect on CNV-02 (Conveyor Belt), run marks visible Seen 2 times today. Production affected.",Process,Medium,Environment,Booth humidity and temperature outside spec; filter clogged,"Replace filters, adjust HVAC setpoints, re-coat affected parts",Add humidity/temperature alarm; filter change interval in PM plan,Priya Menon,Closed,14.5
INC-1439,2025-07-21 22:21,Supervisor R. Kavitha,WLD-01,Line-D,WLD-01 (Welding Robot) PLC rebooting randomly,"WLD-01 (Welding Robot) PLC rebooting randomly, panel lights flicker Please check asap. Some rework needed.",Electrical,High,Environment,Unstable supply voltage during peak load; no voltage stabilizer on control circuit,"Install stabilizer/UPS on control circuit, tighten incoming terminals",Power quality monitoring on feeder; load balancing across shifts,Divya S,Closed,8.9
INC-1440,2025-07-22 19:50,Shift In-charge R. Nandini,CMP-01,Utilities,Weak weld joints detected in destructive test,"URGENT: weak weld joints detected in destructive test, CMP-01 (Air Compressor) Seen 2 times today. Shipment on hold, customer escalation.",Quality,Critical,Material,Shielding gas contamination and moisture in wire spool,"Replace gas cylinder and wire spool, re-weld and re-test affected parts",Store wire in dry cabinet; gas purity check on cylinder receipt,Shivani,Closed,3.7
INC-1441,2025-07-23 02:21,Operator S. Revathi,WLD-01,Line-D,Wrong material grade supplied to WLD-01 (Welding Robot),"Pls check: wrong material grade supplied to WLD-01 (Welding Robot) Please check asap. Person injured, first aid given.",Process,Critical,Material,Kanban signal missed and supplier delivery schedule not aligned with production plan,"Expedite material, verify grade before loading",Revise reorder points; weekly supplier delivery review; incoming grade check,Shivani,Closed,5.1
INC-1442,2025-07-23 16:17,Shift In-charge R. Nandini,ASM-01,Line-E,ASM-01 (Assembly Station) sensor not detecting parts,"ASM-01 (Assembly Station) sensor not detecting parts, line stops randomly Seen 2 times today. Minor, running normally.",Electrical,Low,Machine,Loose connector and damaged cable insulation at sensor due to vibration,"Re-terminate connector, replace damaged cable, secure with clamps",Use vibration-rated connectors; add cable routing check to monthly inspection,Deepa Nair,Closed,24.7
INC-1443,2025-07-24 09:59,Operator M. Pooja,WLD-02,Line-D,Power supply voltage fluctuation,"URGENT: power supply voltage fluctuation, WLD-02 (Welding Robot) control panel resetting",Electrical,High,Environment,Unstable supply voltage during peak load; no voltage stabilizer on control circuit,"Install stabilizer/UPS on control circuit, tighten incoming terminals",Power quality monitoring on feeder; load balancing across shifts,Anita Sharma,Closed,8.5
INC-1444,2025-07-25 09:46,Operator T. Mary,CNC-02,Line-A,Overheating cable observed at CNC-02 (CNC Lathe),"overheating cable observed at cnc-02 (cnc lathe), insulation discoloured Please check asap. Big scrap pile building up.",Safety,High,Machine,Undersized cable and loose lug causing overheating under load,"Isolate power, replace cable with correct rating, tighten and torque-mark lugs",Thermography survey of panels every quarter; cable sizing review on any load addition,Sneha Patil,Closed,12.3
INC-1445,2025-07-25 09:51,Operator T. Mary,CNC-02,Line-A,Motor of CNC-02 (CNC Lathe) keeps tripping breaker after 10 minutes of running,FYI - motor of CNC-02 (CNC Lathe) keeps tripping breaker after 10 minutes of running Happened during night shift. Throughput down by half.,Electrical,High,Machine,Motor winding insulation degraded causing high current draw,"Replace motor, verify current draw within rated limits",Quarterly insulation resistance test; thermal imaging scan in PM schedule,Deepa Nair,Closed,9.8
INC-1446,2025-07-25 14:05,Operator M. Pooja,WLD-02,Line-D,Paint finish defect on WLD-02 (Welding Robot),"FYI - paint finish defect on WLD-02 (Welding Robot), run marks visible Seen 2 times today.",Process,Medium,Environment,Booth humidity and temperature outside spec; filter clogged,"Replace filters, adjust HVAC setpoints, re-coat affected parts",Add humidity/temperature alarm; filter change interval in PM plan,Sneha Patil,Closed,11.3
INC-1447,2025-07-25 14:28,Supervisor R. Kavitha,WLD-01,Line-D,Parts from WLD-01 (Welding Robot) out of tolerance,"FYI - parts from WLD-01 (Welding Robot) out of tolerance, diameter oversize by 0.05 mm Not first time. Line stopped intermittently.",Quality,High,Measurement,Gauge out of calibration and tool offset not updated after tool change,"Recalibrate gauge, reset tool offset, re-inspect last batch and quarantine suspects",Calibration schedule tracked in system; mandatory first-piece inspection after tool change,Meena Iyer,Closed,11.2
INC-1448,2025-07-26 03:31,Shift In-charge R. Nandini,WLD-01,Line-D,WLD-01 (Welding Robot) output dropped,"WLD-01 (Welding Robot) output dropped, takt time not being met Workaround in place, low urgency.",Process,Low,Method,Changeover steps not standardized; operators using different sequences,Time-study the sequence and publish standard work for changeover,SMED workshop; visual work instruction at station; monthly process audit,Sneha Patil,Closed,40.2
INC-1449,2025-07-26 05:12,Operator S. Lakshmi,WLD-02,Line-D,Emergency stop on WLD-02 (Welding Robot) not responding during test,"emergency stop on WLD-02 (Welding Robot) not responding during test Happened during night shift. Shipment on hold, customer escalation.",Safety,Critical,Man,Guard removed during maintenance and not refitted; no sign-off before restart,"Refit guard, restore interlock, retest e-stop, counsel involved personnel",Lockout-tagout with restart sign-off checklist; periodic safety audit and retraining,Ravi Kumar,Closed,2.7
INC-1450,2025-07-26 23:47,Operator M. Pooja,CNV-02,Line-C,Overheating cable observed at CNV-02 (Conveyor Belt),"overheating cable observed at CNV-02 (Conveyor Belt), insulation discoloured Please check asap. Production affected.",Safety,Medium,Machine,Undersized cable and loose lug causing overheating under load,"Isolate power, replace cable with correct rating, tighten and torque-mark lugs",Thermography survey of panels every quarter; cable sizing review on any load addition,Sneha Patil,Closed,12.1
INC-1451,2025-07-27 01:18,Operator T. Mary,ASM-01,Line-E,Customer complaint: scratch marks on finished parts from ASM-01 (Assembly Statio,"Pls check: customer complaint: scratch marks on finished parts from ASM-01 (Assembly Station) line Happened during night shift. Cosmetic only, can wait for planned maintenance.",Quality,Low,Method,Parts contacting each other during handling due to missing separators in trolley,"Sort and rework affected lot, add separators to trolley",Update handling work instruction; add visual check at station exit,Meena Iyer,Closed,33.0
INC-1452,2025-07-27 02:33,Shift In-charge R. Nandini,ASM-01,Line-E,Barcode scanner at ASM-01 (Assembly Station) failing to read labels,Pls check: barcode scanner at ASM-01 (Assembly Station) failing to read labels Seen 2 times today. Line is running at reduced speed.,Automation,Medium,Measurement,Gateway service stopped after server patching; scanner lens dirty,"Restart and auto-enable gateway service, clean scanner, backfill missed counts",Service health monitoring with alerts; scanner cleaning in daily checklist,Deepa Nair,Closed,7.8
INC-1453,2025-07-27 02:35,Operator S. Lakshmi,PRS-02,Line-B,PRS-02 (Stamping Press) drive belt tension low,"PRS-02 (Stamping Press) drive belt tension low, intermittent stops Happened during night shift. Big scrap pile building up.",Mechanical,High,Method,Belt tension not checked after last maintenance; no standard tension procedure,"Re-tension and align belt, replace frayed section",Create SOP with tension measurement values; add post-maintenance verification step,Ravi Kumar,Closed,5.7
INC-1454,2025-07-27 09:50,Supervisor R. Kavitha,CNC-02,Line-A,CNC-02 (CNC Lathe) coating uneven,"cnc-02 (cnc lathe) coating uneven, orange peel texture on panels Started after lunch break. Customer order at risk.",Process,High,Environment,Booth humidity and temperature outside spec; filter clogged,"Replace filters, adjust HVAC setpoints, re-coat affected parts",Add humidity/temperature alarm; filter change interval in PM plan,Meena Iyer,Closed,7.9
INC-1455,2025-07-27 13:12,Operator M. Pooja,ASM-01,Line-E,Belt on ASM-01 (Assembly Station) misaligned and edge fraying,belt on ASM-01 (Assembly Station) misaligned and edge fraying Happened during night shift. Output down slightly.,Mechanical,Medium,Method,Belt tension not checked after last maintenance; no standard tension procedure,"Re-tension and align belt, replace frayed section",Create SOP with tension measurement values; add post-maintenance verification step,Divya S,Closed,21.4
INC-1456,2025-07-28 14:57,Operator S. Revathi,CNC-02,Line-A,Production slow at CNC-02 (CNC Lathe),"production slow at CNC-02 (CNC Lathe), frequent waiting between steps Started after lunch break. Output down slightly.",Process,Medium,Method,Changeover steps not standardized; operators using different sequences,Time-study the sequence and publish standard work for changeover,SMED workshop; visual work instruction at station; monthly process audit,Shivani,Closed,13.5
INC-1457,2025-07-29 18:54,Operator S. Lakshmi,WLD-01,Line-D,Weld spatter and incomplete fusion seen on parts from WLD-01 (Welding Robot),weld spatter and incomplete fusion seen on parts from WLD-01 (Welding Robot) Started after lunch break.,Quality,High,Material,Shielding gas contamination and moisture in wire spool,"Replace gas cylinder and wire spool, re-weld and re-test affected parts",Store wire in dry cabinet; gas purity check on cylinder receipt,Shivani,Closed,9.4
INC-1458,2025-07-30 05:35,Operator A. Raj,CNC-01,Line-A,Robot on CNC-01 (CNC Milling Machine) stopped with servo alarm,URGENT: robot on CNC-01 (CNC Milling Machine) stopped with servo alarm Line stopped intermittently.,Automation,High,Machine,Firmware mismatch after last update and weak network cable between HMI and PLC,"Reflash correct firmware, replace network cable, verify communication",Change-control for firmware updates with rollback plan; periodic network health test,Deepa Nair,Closed,10.7
INC-1459,2025-07-30 08:28,Shift In-charge R. Nandini,CMP-01,Utilities,Safety guard missing on CMP-01 (Air Compressor),"Reported by operator: safety guard missing on CMP-01 (Air Compressor), operator noticed during start of shift Started after lunch break. Person injured, first aid given.",Safety,Critical,Man,Guard removed during maintenance and not refitted; no sign-off before restart,"Refit guard, restore interlock, retest e-stop, counsel involved personnel",Lockout-tagout with restart sign-off checklist; periodic safety audit and retraining,Sneha Patil,Closed,2.8
INC-1460,2025-07-30 10:10,Operator A. Raj,PRS-02,Line-B,PRS-02 (Stamping Press) sensor not detecting parts,"URGENT: PRS-02 (Stamping Press) sensor not detecting parts, line stops randomly Happened during night shift. Throughput down by half.",Electrical,High,Machine,Loose connector and damaged cable insulation at sensor due to vibration,"Re-terminate connector, replace damaged cable, secure with clamps",Use vibration-rated connectors; add cable routing check to monthly inspection,Divya S,Closed,7.7
INC-1461,2025-07-31 09:15,Operator A. Raj,CMP-01,Utilities,False stop on CMP-01 (Air Compressor),"Pls check: false stop on CMP-01 (Air Compressor) - sensor flickering, wiring looks loose Not first time. Some rework needed.",Electrical,Medium,Machine,Loose connector and damaged cable insulation at sensor due to vibration,"Re-terminate connector, replace damaged cable, secure with clamps",Use vibration-rated connectors; add cable routing check to monthly inspection,Deepa Nair,Closed,22.9
INC-1462,2025-07-31 12:26,Operator M. Pooja,PRS-02,Line-B,Power supply voltage fluctuation,"Pls check: power supply voltage fluctuation, PRS-02 (Stamping Press) control panel resetting Please check asap.",Electrical,High,Environment,Unstable supply voltage during peak load; no voltage stabilizer on control circuit,"Install stabilizer/UPS on control circuit, tighten incoming terminals",Power quality monitoring on feeder; load balancing across shifts,Deepa Nair,Closed,9.9
INC-1463,2025-07-31 17:31,Operator S. Lakshmi,PRS-02,Line-B,Overheating cable observed at PRS-02 (Stamping Press),"overheating cable observed at PRS-02 (Stamping Press), insulation discoloured Please check asap. Customer order at risk.",Safety,High,Machine,Undersized cable and loose lug causing overheating under load,"Isolate power, replace cable with correct rating, tighten and torque-mark lugs",Thermography survey of panels every quarter; cable sizing review on any load addition,Sneha Patil,Closed,12.1
INC-1464,2025-08-01 22:18,Operator T. Mary,ASM-01,Line-E,Paint thickness inconsistent on parts from ASM-01 (Assembly Station),paint thickness inconsistent on parts from ASM-01 (Assembly Station) Line is running at reduced speed.,Process,Medium,Environment,Booth humidity and temperature outside spec; filter clogged,"Replace filters, adjust HVAC setpoints, re-coat affected parts",Add humidity/temperature alarm; filter change interval in PM plan,Shivani,Closed,18.6
INC-1465,2025-08-02 08:53,Line Lead A. Swathi,PRS-01,Line-B,Visual defect,visual defect - scratches and dents on parts after PRS-01 (Hydraulic Press) Happened during night shift. Some rework needed.,Quality,Medium,Method,Parts contacting each other during handling due to missing separators in trolley,"Sort and rework affected lot, add separators to trolley",Update handling work instruction; add visual check at station exit,Shivani,Closed,17.4
INC-1466,2025-08-02 10:45,Operator S. Revathi,PRS-01,Line-B,Overcurrent fault on PRS-01 (Hydraulic Press) drive,"overcurrent fault on prs-01 (hydraulic press) drive, restart fails Please check asap. Entire line down.",Electrical,High,Machine,Motor winding insulation degraded causing high current draw,"Replace motor, verify current draw within rated limits",Quarterly insulation resistance test; thermal imaging scan in PM schedule,Deepa Nair,Closed,4.8
INC-1467,2025-08-02 16:36,Operator M. Pooja,PRS-02,Line-B,Oil leak at hose joint of PRS-02 (Stamping Press),"Pls check: oil leak at hose joint of PRS-02 (Stamping Press), machine slow to respond Some rework needed.",Mechanical,Medium,Material,Hydraulic seal degraded due to age and use of non-spec seal material,"Replace seal and hose with OEM-spec parts, top up and bleed hydraulic oil",Define seal replacement interval; stock only OEM-approved spares; add leak inspection to daily round,Divya S,Closed,17.7
INC-1468,2025-08-02 23:08,Operator T. Mary,CNC-02,Line-A,Data from CNC-02 (CNC Lathe) missing on dashboard since morning,data from CNC-02 (CNC Lathe) missing on dashboard since morning Started after lunch break. Line is running at reduced speed.,Automation,Medium,Measurement,Gateway service stopped after server patching; scanner lens dirty,"Restart and auto-enable gateway service, clean scanner, backfill missed counts",Service health monitoring with alerts; scanner cleaning in daily checklist,Anita Sharma,Closed,23.5
INC-1469,2025-08-02 23:28,Line Lead A. Swathi,CNC-01,Line-A,CNC-01 (CNC Milling Machine) output dropped,"CNC-01 (CNC Milling Machine) output dropped, takt time not being met Some rework needed.",Process,Medium,Method,Changeover steps not standardized; operators using different sequences,Time-study the sequence and publish standard work for changeover,SMED workshop; visual work instruction at station; monthly process audit,Priya Menon,Closed,15.3
INC-1470,2025-08-03 00:51,Shift In-charge R. Nandini,PRS-02,Line-B,Line stopped at PRS-02 (Stamping Press),Pls check: line stopped at PRS-02 (Stamping Press) - material not delivered on time Please check asap. Production affected.,Process,Medium,Material,Kanban signal missed and supplier delivery schedule not aligned with production plan,"Expedite material, verify grade before loading",Revise reorder points; weekly supplier delivery review; incoming grade check,Meena Iyer,Closed,19.5
INC-1471,2025-08-03 06:41,Supervisor R. Kavitha,CMP-01,Utilities,Dimension rejection from CMP-01 (Air Compressor) batch,"Reported by operator: dimension rejection from CMP-01 (Air Compressor) batch, gauge reading above limit Customer order at risk.",Quality,High,Measurement,Gauge out of calibration and tool offset not updated after tool change,"Recalibrate gauge, reset tool offset, re-inspect last batch and quarantine suspects",Calibration schedule tracked in system; mandatory first-piece inspection after tool change,Meena Iyer,Closed,6.3
INC-1472,2025-08-04 03:10,Operator M. Pooja,ASM-01,Line-E,Slip hazard reported around ASM-01 (Assembly Station),"Reported by operator: slip hazard reported around ASM-01 (Assembly Station), floor wet and oily Not first time. Big scrap pile building up.",Safety,High,Environment,Coolant/oil leak not cleaned promptly; no drip tray and housekeeping gap,"Clean area, fit drip tray, fix source of leak, place warning signage",Housekeeping checklist each shift; leak detection in daily round,Sneha Patil,Closed,3.4
INC-1473,2025-08-05 06:42,Operator M. Pooja,PRS-01,Line-B,Power supply voltage fluctuation,"power supply voltage fluctuation, PRS-01 (Hydraulic Press) control panel resetting Seen 2 times today. Throughput down by half.",Electrical,High,Environment,Unstable supply voltage during peak load; no voltage stabilizer on control circuit,"Install stabilizer/UPS on control circuit, tighten incoming terminals",Power quality monitoring on feeder; load balancing across shifts,Deepa Nair,Closed,5.8
INC-1474,2025-08-05 13:15,Shift In-charge R. Nandini,WLD-02,Line-D,WLD-02 (Welding Robot) belt slipping and product jerking on the line,WLD-02 (Welding Robot) belt slipping and product jerking on the line Started after lunch break. Line is running at reduced speed.,Mechanical,Medium,Method,Belt tension not checked after last maintenance; no standard tension procedure,"Re-tension and align belt, replace frayed section",Create SOP with tension measurement values; add post-maintenance verification step,Divya S,Closed,3.5
INC-1475,2025-08-05 13:32,Operator S. Lakshmi,CNC-01,Line-A,Overheating cable observed at CNC-01 (CNC Milling Machine),"URGENT: overheating cable observed at CNC-01 (CNC Milling Machine), insulation discoloured Started after lunch break. Shipment on hold, customer escalation.",Safety,Critical,Machine,Undersized cable and loose lug causing overheating under load,"Isolate power, replace cable with correct rating, tighten and torque-mark lugs",Thermography survey of panels every quarter; cable sizing review on any load addition,Ravi Kumar,Closed,3.0
INC-1476,2025-08-06 06:19,Operator T. Mary,PKG-01,Line-F,PKG-01 (Packaging Unit) sensor not detecting parts,"FYI - PKG-01 (Packaging Unit) sensor not detecting parts, line stops randomly Minor, running normally.",Electrical,Low,Machine,Loose connector and damaged cable insulation at sensor due to vibration,"Re-terminate connector, replace damaged cable, secure with clamps",Use vibration-rated connectors; add cable routing check to monthly inspection,Deepa Nair,Closed,26.0
INC-1477,2025-08-06 13:06,Operator A. Raj,CNV-02,Line-C,CNV-02 (Conveyor Belt) coating uneven,"URGENT: CNV-02 (Conveyor Belt) coating uneven, orange peel texture on panels Seen 2 times today. Line is running at reduced speed.",Process,Medium,Environment,Booth humidity and temperature outside spec; filter clogged,"Replace filters, adjust HVAC setpoints, re-coat affected parts",Add humidity/temperature alarm; filter change interval in PM plan,Meena Iyer,Closed,14.6
INC-1478,2025-08-07 02:13,Operator A. Raj,WLD-02,Line-D,Metal grinding sound coming from WLD-02 (Welding Robot) drive section,Pls check: metal grinding sound coming from WLD-02 (Welding Robot) drive section Started after lunch break. Output down slightly.,Mechanical,Medium,Machine,Bearing wear due to inadequate lubrication over multiple shifts,"Replace worn bearing, re-grease and realign shaft, run 30-min trial",Add bearing lubrication to weekly PM checklist; install vibration sensor with alert threshold,Priya Menon,Closed,18.3
INC-1479,2025-08-07 11:06,Operator M. Pooja,ASM-01,Line-E,ASM-01 (Assembly Station) pressure dropping,"ASM-01 (Assembly Station) pressure dropping, oil seen near cylinder Please check asap. Throughput down by half.",Mechanical,High,Material,Hydraulic seal degraded due to age and use of non-spec seal material,"Replace seal and hose with OEM-spec parts, top up and bleed hydraulic oil",Define seal replacement interval; stock only OEM-approved spares; add leak inspection to daily round,Priya Menon,Closed,11.8
INC-1480,2025-08-08 02:24,Operator S. Lakshmi,CNC-02,Line-A,CNC-02 (CNC Lathe) pressure dropping,"CNC-02 (CNC Lathe) pressure dropping, oil seen near cylinder Happened during night shift. Customer order at risk.",Mechanical,High,Material,Hydraulic seal degraded due to age and use of non-spec seal material,"Replace seal and hose with OEM-spec parts, top up and bleed hydraulic oil",Define seal replacement interval; stock only OEM-approved spares; add leak inspection to daily round,Ravi Kumar,Closed,8.5
INC-1481,2025-08-08 21:14,Supervisor R. Kavitha,CNC-01,Line-A,PLC fault code on CNC-01 (CNC Milling Machine),"Reported by operator: PLC fault code on CNC-01 (CNC Milling Machine), program halted Please check asap. Production affected.",Automation,Medium,Machine,Firmware mismatch after last update and weak network cable between HMI and PLC,"Reflash correct firmware, replace network cable, verify communication",Change-control for firmware updates with rollback plan; periodic network health test,Anita Sharma,Closed,19.3
INC-1482,2025-08-11 16:36,Supervisor R. Kavitha,CNV-02,Line-C,Smoke smell and slight sparks near CNV-02 (Conveyor Belt) panel,Reported by operator: smoke smell and slight sparks near CNV-02 (Conveyor Belt) panel Entire line down.,Safety,Critical,Machine,Undersized cable and loose lug causing overheating under load,"Isolate power, replace cable with correct rating, tighten and torque-mark lugs",Thermography survey of panels every quarter; cable sizing review on any load addition,Sneha Patil,Closed,4.4
INC-1483,2025-08-11 17:26,Operator S. Lakshmi,WLD-02,Line-D,Smoke smell and slight sparks near WLD-02 (Welding Robot) panel,smoke smell and slight sparks near WLD-02 (Welding Robot) panel Not first time. Line stopped intermittently.,Safety,High,Machine,Undersized cable and loose lug causing overheating under load,"Isolate power, replace cable with correct rating, tighten and torque-mark lugs",Thermography survey of panels every quarter; cable sizing review on any load addition,Ravi Kumar,Closed,3.4
INC-1484,2025-08-12 05:57,Operator T. Mary,PRS-01,Line-B,Paint thickness inconsistent on parts from PRS-01 (Hydraulic Press),Pls check: paint thickness inconsistent on parts from PRS-01 (Hydraulic Press) Not first time. Production affected.,Process,Medium,Environment,Booth humidity and temperature outside spec; filter clogged,"Replace filters, adjust HVAC setpoints, re-coat affected parts",Add humidity/temperature alarm; filter change interval in PM plan,Priya Menon,Closed,16.2
INC-1485,2025-08-12 07:52,Shift In-charge R. Nandini,CNV-01,Line-C,MES not receiving production count from CNV-01 (Conveyor Belt),Reported by operator: MES not receiving production count from CNV-01 (Conveyor Belt) Happened during night shift. No impact on output.,Automation,Low,Measurement,Gateway service stopped after server patching; scanner lens dirty,"Restart and auto-enable gateway service, clean scanner, backfill missed counts",Service health monitoring with alerts; scanner cleaning in daily checklist,Anita Sharma,Closed,37.2
INC-1486,2025-08-13 10:48,Operator S. Lakshmi,PRS-01,Line-B,False stop on PRS-01 (Hydraulic Press),"FYI - false stop on PRS-01 (Hydraulic Press) - sensor flickering, wiring looks loose Happened during night shift. Customer order at risk.",Electrical,High,Machine,Loose connector and damaged cable insulation at sensor due to vibration,"Re-terminate connector, replace damaged cable, secure with clamps",Use vibration-rated connectors; add cable routing check to monthly inspection,Anita Sharma,Closed,6.1
INC-1487,2025-08-13 13:10,Operator S. Lakshmi,PRS-02,Line-B,Data from PRS-02 (Stamping Press) missing on dashboard since morning,data from PRS-02 (Stamping Press) missing on dashboard since morning Started after lunch break. Output down slightly.,Automation,Low,Measurement,Gateway service stopped after server patching; scanner lens dirty,"Restart and auto-enable gateway service, clean scanner, backfill missed counts",Service health monitoring with alerts; scanner cleaning in daily checklist,Anita Sharma,Closed,40.5
INC-1488,2025-08-13 15:58,Supervisor R. Kavitha,ASM-01,Line-E,Metal grinding sound coming from ASM-01 (Assembly Station) drive section,"Reported by operator: metal grinding sound coming from ASM-01 (Assembly Station) drive section Cosmetic only, can wait for planned maintenance.",Mechanical,Low,Machine,Bearing wear due to inadequate lubrication over multiple shifts,"Replace worn bearing, re-grease and realign shaft, run 30-min trial",Add bearing lubrication to weekly PM checklist; install vibration sensor with alert threshold,Priya Menon,Closed,35.4
INC-1489,2025-08-14 04:41,Operator S. Revathi,WLD-01,Line-D,Production slow at WLD-01 (Welding Robot),"production slow at wld-01 (welding robot), frequent waiting between steps Output down slightly.",Process,Medium,Method,Changeover steps not standardized; operators using different sequences,Time-study the sequence and publish standard work for changeover,SMED workshop; visual work instruction at station; monthly process audit,Deepa Nair,Closed,27.4
INC-1490,2025-08-14 09:45,Shift In-charge R. Nandini,CNC-02,Line-A,Hydraulic oil leaking under CNC-02 (CNC Lathe),"FYI - hydraulic oil leaking under CNC-02 (CNC Lathe), puddle on floor Started after lunch break. Line is running at reduced speed.",Mechanical,Medium,Material,Hydraulic seal degraded due to age and use of non-spec seal material,"Replace seal and hose with OEM-spec parts, top up and bleed hydraulic oil",Define seal replacement interval; stock only OEM-approved spares; add leak inspection to daily round,Divya S,Closed,19.1
INC-1491,2025-08-14 17:46,Shift In-charge R. Nandini,CNC-01,Line-A,CNC-01 (CNC Milling Machine) drive belt tension low,"URGENT: CNC-01 (CNC Milling Machine) drive belt tension low, intermittent stops Happened during night shift. Line is running at reduced speed.",Mechanical,Medium,Method,Belt tension not checked after last maintenance; no standard tension procedure,"Re-tension and align belt, replace frayed section",Create SOP with tension measurement values; add post-maintenance verification step,Priya Menon,Closed,18.5
INC-1492,2025-08-15 07:50,Operator S. Lakshmi,PNT-01,Line-E,MES not receiving production count from PNT-01 (Paint Booth),MES not receiving production count from PNT-01 (Paint Booth) Customer order at risk.,Automation,High,Measurement,Gateway service stopped after server patching; scanner lens dirty,"Restart and auto-enable gateway service, clean scanner, backfill missed counts",Service health monitoring with alerts; scanner cleaning in daily checklist,Anita Sharma,Closed,6.9
INC-1493,2025-08-15 09:27,Shift In-charge R. Nandini,CNV-02,Line-C,Emergency stop on CNV-02 (Conveyor Belt) not responding during test,Reported by operator: emergency stop on CNV-02 (Conveyor Belt) not responding during test Please check asap. Big scrap pile building up.,Safety,High,Man,Guard removed during maintenance and not refitted; no sign-off before restart,"Refit guard, restore interlock, retest e-stop, counsel involved personnel",Lockout-tagout with restart sign-off checklist; periodic safety audit and retraining,Ravi Kumar,Closed,7.6
INC-1494,2025-08-15 19:56,Shift In-charge R. Nandini,CNV-01,Line-C,Motor of CNV-01 (Conveyor Belt) keeps tripping breaker after 10 minutes of runni,URGENT: motor of CNV-01 (Conveyor Belt) keeps tripping breaker after 10 minutes of running Please check asap. Some rework needed.,Electrical,Medium,Machine,Motor winding insulation degraded causing high current draw,"Replace motor, verify current draw within rated limits",Quarterly insulation resistance test; thermal imaging scan in PM schedule,Divya S,Closed,15.2
INC-1495,2025-08-16 02:53,Operator T. Mary,CNV-02,Line-C,Robot on CNV-02 (Conveyor Belt) stopped with servo alarm,"Pls check: robot on cnv-02 (conveyor belt) stopped with servo alarm Not first time. Machine stopped, no backup available.",Automation,High,Machine,Firmware mismatch after last update and weak network cable between HMI and PLC,"Reflash correct firmware, replace network cable, verify communication",Change-control for firmware updates with rollback plan; periodic network health test,Deepa Nair,Closed,8.1
INC-1496,2025-08-16 12:23,Operator A. Raj,ASM-01,Line-E,Production slow at ASM-01 (Assembly Station),"Pls check: production slow at ASM-01 (Assembly Station), frequent waiting between steps",Process,Medium,Method,Changeover steps not standardized; operators using different sequences,Time-study the sequence and publish standard work for changeover,SMED workshop; visual work instruction at station; monthly process audit,Sneha Patil,Closed,21.8
INC-1497,2025-08-17 01:33,Shift In-charge R. Nandini,WLD-02,Line-D,WLD-02 (Welding Robot) sensor not detecting parts,"URGENT: WLD-02 (Welding Robot) sensor not detecting parts, line stops randomly Happened during night shift.",Electrical,Low,Machine,Loose connector and damaged cable insulation at sensor due to vibration,"Re-terminate connector, replace damaged cable, secure with clamps",Use vibration-rated connectors; add cable routing check to monthly inspection,Anita Sharma,Closed,26.7
INC-1498,2025-08-17 03:10,Shift In-charge R. Nandini,CNC-01,Line-A,Data from CNC-01 (CNC Milling Machine) missing on dashboard since morning,URGENT: data from CNC-01 (CNC Milling Machine) missing on dashboard since morning Some rework needed.,Automation,Medium,Measurement,Gateway service stopped after server patching; scanner lens dirty,"Restart and auto-enable gateway service, clean scanner, backfill missed counts",Service health monitoring with alerts; scanner cleaning in daily checklist,Anita Sharma,Closed,19.3
INC-1499,2025-08-17 05:11,Operator S. Lakshmi,PKG-01,Line-F,Power supply voltage fluctuation,"power supply voltage fluctuation, PKG-01 (Packaging Unit) control panel resetting Started after lunch break. Line stopped intermittently.",Electrical,High,Environment,Unstable supply voltage during peak load; no voltage stabilizer on control circuit,"Install stabilizer/UPS on control circuit, tighten incoming terminals",Power quality monitoring on feeder; load balancing across shifts,Deepa Nair,Closed,7.9
INC-1500,2025-08-17 15:09,Operator T. Mary,PKG-01,Line-F,MES not receiving production count from PKG-01 (Packaging Unit),Reported by operator: MES not receiving production count from PKG-01 (Packaging Unit) Not first time. Output down slightly.,Automation,Low,Measurement,Gateway service stopped after server patching; scanner lens dirty,"Restart and auto-enable gateway service, clean scanner, backfill missed counts",Service health monitoring with alerts; scanner cleaning in daily checklist,Anita Sharma,Closed,17.7
INC-1501,2025-08-17 16:44,Operator T. Mary,PRS-01,Line-B,Calibration lost on PRS-01 (Hydraulic Press) robot after emergency stop,"Reported by operator: calibration lost on PRS-01 (Hydraulic Press) robot after emergency stop Not first time. Minor, running normally.",Automation,Low,Method,Robot TCP not re-calibrated after collision/e-stop recovery; no recovery procedure,"Re-teach TCP and vision calibration, validate with test pieces",Document post-e-stop recovery SOP; add calibration check to start-of-shift routine,Deepa Nair,Closed,44.0
INC-1502,2025-08-18 05:13,Shift In-charge R. Nandini,PKG-01,Line-F,Wrong material grade supplied to PKG-01 (Packaging Unit),wrong material grade supplied to PKG-01 (Packaging Unit) Please check asap. Some rework needed.,Process,Medium,Material,Kanban signal missed and supplier delivery schedule not aligned with production plan,"Expedite material, verify grade before loading",Revise reorder points; weekly supplier delivery review; incoming grade check,Sneha Patil,Closed,19.0
INC-1503,2025-08-18 20:34,Supervisor R. Kavitha,WLD-02,Line-D,WLD-02 (Welding Robot) output dropped,"WLD-02 (Welding Robot) output dropped, takt time not being met Seen 2 times today. Customer order at risk.",Process,High,Method,Changeover steps not standardized; operators using different sequences,Time-study the sequence and publish standard work for changeover,SMED workshop; visual work instruction at station; monthly process audit,Shivani,Closed,6.4
INC-1504,2025-08-19 05:00,Operator M. Pooja,PNT-01,Line-E,Burning smell from electrical panel of PNT-01 (Paint Booth),burning smell from electrical panel of PNT-01 (Paint Booth) Started after lunch break. Throughput down by half.,Safety,High,Machine,Undersized cable and loose lug causing overheating under load,"Isolate power, replace cable with correct rating, tighten and torque-mark lugs",Thermography survey of panels every quarter; cable sizing review on any load addition,Sneha Patil,Closed,4.7
INC-1505,2025-08-20 13:18,Operator T. Mary,CNV-02,Line-C,Safety guard missing on CNV-02 (Conveyor Belt),"FYI - safety guard missing on CNV-02 (Conveyor Belt), operator noticed during start of shift Not first time. Person injured, first aid given.",Safety,Critical,Man,Guard removed during maintenance and not refitted; no sign-off before restart,"Refit guard, restore interlock, retest e-stop, counsel involved personnel",Lockout-tagout with restart sign-off checklist; periodic safety audit and retraining,Ravi Kumar,Closed,5.5
INC-1506,2025-08-21 01:31,Operator S. Revathi,ASM-01,Line-E,Slip hazard reported around ASM-01 (Assembly Station),"slip hazard reported around ASM-01 (Assembly Station), floor wet and oily Please check asap. Shipment on hold, customer escalation.",Safety,High,Environment,Coolant/oil leak not cleaned promptly; no drip tray and housekeeping gap,"Clean area, fit drip tray, fix source of leak, place warning signage",Housekeeping checklist each shift; leak detection in daily round,Sneha Patil,Closed,11.9
INC-1507,2025-08-22 05:53,Operator M. Pooja,CNV-02,Line-C,CNV-02 (Conveyor Belt) belt slipping and product jerking on the line,URGENT: CNV-02 (Conveyor Belt) belt slipping and product jerking on the line Please check asap. Production affected.,Mechanical,Medium,Method,Belt tension not checked after last maintenance; no standard tension procedure,"Re-tension and align belt, replace frayed section",Create SOP with tension measurement values; add post-maintenance verification step,Ravi Kumar,Closed,12.8
INC-1508,2025-08-22 15:33,Operator T. Mary,PNT-01,Line-E,Customer complaint: scratch marks on finished parts from PNT-01 (Paint Booth) li,URGENT: customer complaint: scratch marks on finished parts from PNT-01 (Paint Booth) line Not first time.,Quality,Low,Method,Parts contacting each other during handling due to missing separators in trolley,"Sort and rework affected lot, add separators to trolley",Update handling work instruction; add visual check at station exit,Meena Iyer,Closed,30.9
INC-1509,2025-08-24 14:10,Line Lead A. Swathi,ASM-01,Line-E,ASM-01 (Assembly Station) PLC rebooting randomly,"URGENT: ASM-01 (Assembly Station) PLC rebooting randomly, panel lights flicker Started after lunch break. Entire line down.",Electrical,Critical,Environment,Unstable supply voltage during peak load; no voltage stabilizer on control circuit,"Install stabilizer/UPS on control circuit, tighten incoming terminals",Power quality monitoring on feeder; load balancing across shifts,Deepa Nair,Closed,3.9
INC-1510,2025-08-24 18:56,Operator S. Lakshmi,ASM-01,Line-E,PLC fault code on ASM-01 (Assembly Station),"PLC fault code on ASM-01 (Assembly Station), program halted Happened during night shift. Cosmetic only, can wait for planned maintenance.",Automation,Low,Machine,Firmware mismatch after last update and weak network cable between HMI and PLC,"Reflash correct firmware, replace network cable, verify communication",Change-control for firmware updates with rollback plan; periodic network health test,Anita Sharma,Closed,39.1
INC-1511,2025-08-25 06:39,Operator S. Revathi,CNC-02,Line-A,Hydraulic oil leaking under CNC-02 (CNC Lathe),"URGENT: hydraulic oil leaking under CNC-02 (CNC Lathe), puddle on floor Not first time. Some rework needed.",Mechanical,Medium,Material,Hydraulic seal degraded due to age and use of non-spec seal material,"Replace seal and hose with OEM-spec parts, top up and bleed hydraulic oil",Define seal replacement interval; stock only OEM-approved spares; add leak inspection to daily round,Divya S,Closed,19.2
INC-1512,2025-08-25 07:45,Operator S. Lakshmi,WLD-02,Line-D,Motor of WLD-02 (Welding Robot) keeps tripping breaker after 10 minutes of runni,Pls check: motor of WLD-02 (Welding Robot) keeps tripping breaker after 10 minutes of running,Electrical,Medium,Machine,Motor winding insulation degraded causing high current draw,"Replace motor, verify current draw within rated limits",Quarterly insulation resistance test; thermal imaging scan in PM schedule,Deepa Nair,Closed,19.7
INC-1513,2025-08-26 17:19,Shift In-charge R. Nandini,PRS-01,Line-B,Slip hazard reported around PRS-01 (Hydraulic Press),"slip hazard reported around PRS-01 (Hydraulic Press), floor wet and oily Please check asap. Customer order at risk.",Safety,High,Environment,Coolant/oil leak not cleaned promptly; no drip tray and housekeeping gap,"Clean area, fit drip tray, fix source of leak, place warning signage",Housekeeping checklist each shift; leak detection in daily round,Ravi Kumar,Closed,8.7
INC-1514,2025-08-27 05:18,Operator T. Mary,WLD-01,Line-D,WLD-01 (Welding Robot) tripped on overload,"FYI - WLD-01 (Welding Robot) tripped on overload, motor hot to touch Started after lunch break. Line is running at reduced speed.",Electrical,Medium,Machine,Motor winding insulation degraded causing high current draw,"Replace motor, verify current draw within rated limits",Quarterly insulation resistance test; thermal imaging scan in PM schedule,Deepa Nair,Closed,26.0
INC-1515,2025-08-27 09:35,Operator S. Lakshmi,PNT-01,Line-E,Data from PNT-01 (Paint Booth) missing on dashboard since morning,"data from PNT-01 (Paint Booth) missing on dashboard since morning Workaround in place, low urgency.",Automation,Low,Measurement,Gateway service stopped after server patching; scanner lens dirty,"Restart and auto-enable gateway service, clean scanner, backfill missed counts",Service health monitoring with alerts; scanner cleaning in daily checklist,Deepa Nair,Closed,37.1
INC-1516,2025-08-27 23:21,Line Lead A. Swathi,PRS-02,Line-B,Unusual vibration and high-pitched noise on PRS-02 (Stamping Press) during run,unusual vibration and high-pitched noise on PRS-02 (Stamping Press) during run Please check asap. No impact on output.,Mechanical,Low,Machine,Bearing wear due to inadequate lubrication over multiple shifts,"Replace worn bearing, re-grease and realign shaft, run 30-min trial",Add bearing lubrication to weekly PM checklist; install vibration sensor with alert threshold,Divya S,Closed,49.5
INC-1517,2025-08-28 16:13,Operator S. Revathi,PRS-02,Line-B,False stop on PRS-02 (Stamping Press),"Reported by operator: false stop on PRS-02 (Stamping Press) - sensor flickering, wiring looks loose Please check asap. Output down slightly.",Electrical,Medium,Machine,Loose connector and damaged cable insulation at sensor due to vibration,"Re-terminate connector, replace damaged cable, secure with clamps",Use vibration-rated connectors; add cable routing check to monthly inspection,Divya S,Closed,17.0
INC-1518,2025-08-28 21:45,Operator M. Pooja,PRS-01,Line-B,Weld porosity found in samples from PRS-01 (Hydraulic Press),URGENT: weld porosity found in samples from PRS-01 (Hydraulic Press) Seen 2 times today. Big scrap pile building up.,Quality,High,Material,Shielding gas contamination and moisture in wire spool,"Replace gas cylinder and wire spool, re-weld and re-test affected parts",Store wire in dry cabinet; gas purity check on cylinder receipt,Shivani,Closed,3.7
INC-1519,2025-08-29 01:57,Operator M. Pooja,CMP-01,Utilities,Paint thickness inconsistent on parts from CMP-01 (Air Compressor),URGENT: paint thickness inconsistent on parts from CMP-01 (Air Compressor) Customer order at risk.,Process,High,Environment,Booth humidity and temperature outside spec; filter clogged,"Replace filters, adjust HVAC setpoints, re-coat affected parts",Add humidity/temperature alarm; filter change interval in PM plan,Sneha Patil,Closed,9.0
INC-1520,2025-08-30 16:00,Operator A. Raj,WLD-02,Line-D,WLD-02 (Welding Robot) belt slipping and product jerking on the line,URGENT: wld-02 (welding robot) belt slipping and product jerking on the line Happened during night shift.,Mechanical,Critical,Method,Belt tension not checked after last maintenance; no standard tension procedure,"Re-tension and align belt, replace frayed section",Create SOP with tension measurement values; add post-maintenance verification step,Priya Menon,Closed,4.5
INC-1521,2025-08-30 19:21,Line Lead A. Swathi,WLD-01,Line-D,Customer complaint: scratch marks on finished parts from WLD-01 (Welding Robot) ,Pls check: customer complaint: scratch marks on finished parts from WLD-01 (Welding Robot) line No impact on output.,Quality,Low,Method,Parts contacting each other during handling due to missing separators in trolley,"Sort and rework affected lot, add separators to trolley",Update handling work instruction; add visual check at station exit,Anita Sharma,Closed,30.9
INC-1522,2025-08-31 03:56,Operator S. Revathi,CMP-01,Utilities,Surface scratches found on products from CMP-01 (Air Compressor),"URGENT: surface scratches found on products from CMP-01 (Air Compressor) Started after lunch break. Machine stopped, no backup available.",Quality,Critical,Method,Parts contacting each other during handling due to missing separators in trolley,"Sort and rework affected lot, add separators to trolley",Update handling work instruction; add visual check at station exit,Shivani,Closed,4.9
INC-1523,2025-08-31 23:05,Operator M. Pooja,PKG-01,Line-F,Oil leak at hose joint of PKG-01 (Packaging Unit),"FYI - oil leak at hose joint of PKG-01 (Packaging Unit), machine slow to respond Not first time. Some rework needed.",Mechanical,Medium,Material,Hydraulic seal degraded due to age and use of non-spec seal material,"Replace seal and hose with OEM-spec parts, top up and bleed hydraulic oil",Define seal replacement interval; stock only OEM-approved spares; add leak inspection to daily round,Ravi Kumar,Closed,27.1
INC-1524,2025-09-01 12:40,Operator S. Lakshmi,WLD-01,Line-D,Data from WLD-01 (Welding Robot) missing on dashboard since morning,Reported by operator: data from WLD-01 (Welding Robot) missing on dashboard since morning Started after lunch break.,Automation,Medium,Measurement,Gateway service stopped after server patching; scanner lens dirty,"Restart and auto-enable gateway service, clean scanner, backfill missed counts",Service health monitoring with alerts; scanner cleaning in daily checklist,Meena Iyer,Closed,20.1
INC-1525,2025-09-03 01:41,Supervisor R. Kavitha,CNC-02,Line-A,Paint finish defect on CNC-02 (CNC Lathe),"paint finish defect on CNC-02 (CNC Lathe), run marks visible",Process,Low,Environment,Booth humidity and temperature outside spec; filter clogged,"Replace filters, adjust HVAC setpoints, re-coat affected parts",Add humidity/temperature alarm; filter change interval in PM plan,Meena Iyer,Closed,46.8
INC-1526,2025-09-03 02:28,Operator M. Pooja,CNC-01,Line-A,Wrong material grade supplied to CNC-01 (CNC Milling Machine),FYI - wrong material grade supplied to CNC-01 (CNC Milling Machine) Not first time. Production affected.,Process,Medium,Material,Kanban signal missed and supplier delivery schedule not aligned with production plan,"Expedite material, verify grade before loading",Revise reorder points; weekly supplier delivery review; incoming grade check,Shivani,Closed,20.4
INC-1527,2025-09-03 02:37,Operator M. Pooja,PKG-01,Line-F,Belt on PKG-01 (Packaging Unit) misaligned and edge fraying,Pls check: belt on PKG-01 (Packaging Unit) misaligned and edge fraying Please check asap. Line stopped intermittently.,Mechanical,High,Method,Belt tension not checked after last maintenance; no standard tension procedure,"Re-tension and align belt, replace frayed section",Create SOP with tension measurement values; add post-maintenance verification step,Ravi Kumar,Closed,7.9
INC-1528,2025-09-03 03:55,Operator T. Mary,CNV-01,Line-C,Production slow at CNV-01 (Conveyor Belt),"production slow at CNV-01 (Conveyor Belt), frequent waiting between steps Please check asap. Workaround in place, low urgency.",Process,Low,Method,Changeover steps not standardized; operators using different sequences,Time-study the sequence and publish standard work for changeover,SMED workshop; visual work instruction at station; monthly process audit,Sneha Patil,Closed,27.3
INC-1529,2025-09-03 05:13,Operator M. Pooja,WLD-01,Line-D,False stop on WLD-01 (Welding Robot),"Reported by operator: false stop on WLD-01 (Welding Robot) - sensor flickering, wiring looks loose Seen 2 times today. Throughput down by half.",Electrical,High,Machine,Loose connector and damaged cable insulation at sensor due to vibration,"Re-terminate connector, replace damaged cable, secure with clamps",Use vibration-rated connectors; add cable routing check to monthly inspection,Divya S,Closed,5.4
INC-1530,2025-09-03 05:14,Operator A. Raj,WLD-01,Line-D,Cycle time on WLD-01 (Welding Robot) increased by 15 percent this week,Reported by operator: cycle time on WLD-01 (Welding Robot) increased by 15 percent this week Started after lunch break.,Process,Medium,Method,Changeover steps not standardized; operators using different sequences,Time-study the sequence and publish standard work for changeover,SMED workshop; visual work instruction at station; monthly process audit,Sneha Patil,Closed,21.0
INC-1531,2025-09-04 11:01,Shift In-charge R. Nandini,CNV-01,Line-C,CNV-01 (Conveyor Belt) tripped on overload,"CNV-01 (Conveyor Belt) tripped on overload, motor hot to touch Please check asap. Line stopped intermittently.",Electrical,High,Machine,Motor winding insulation degraded causing high current draw,"Replace motor, verify current draw within rated limits",Quarterly insulation resistance test; thermal imaging scan in PM schedule,Divya S,Closed,10.0
INC-1532,2025-09-04 17:32,Shift In-charge R. Nandini,ASM-01,Line-E,Wrong material grade supplied to ASM-01 (Assembly Station),wrong material grade supplied to ASM-01 (Assembly Station) Please check asap. Customer order at risk.,Process,High,Material,Kanban signal missed and supplier delivery schedule not aligned with production plan,"Expedite material, verify grade before loading",Revise reorder points; weekly supplier delivery review; incoming grade check,Sneha Patil,Closed,6.9
INC-1533,2025-09-06 04:17,Operator S. Revathi,CNC-02,Line-A,Overcurrent fault on CNC-02 (CNC Lathe) drive,"overcurrent fault on CNC-02 (CNC Lathe) drive, restart fails Some rework needed.",Electrical,Medium,Machine,Motor winding insulation degraded causing high current draw,"Replace motor, verify current draw within rated limits",Quarterly insulation resistance test; thermal imaging scan in PM schedule,Divya S,Closed,14.4
INC-1534,2025-09-06 20:23,Operator S. Revathi,CNC-01,Line-A,CNC-01 (CNC Milling Machine) tripped on overload,"CNC-01 (CNC Milling Machine) tripped on overload, motor hot to touch Please check asap. Production affected.",Electrical,Medium,Machine,Motor winding insulation degraded causing high current draw,"Replace motor, verify current draw within rated limits",Quarterly insulation resistance test; thermal imaging scan in PM schedule,Deepa Nair,Closed,11.7
INC-1535,2025-09-07 00:56,Operator S. Revathi,PKG-01,Line-F,Wrong material grade supplied to PKG-01 (Packaging Unit),URGENT: wrong material grade supplied to PKG-01 (Packaging Unit) Seen 2 times today. Big scrap pile building up.,Process,High,Material,Kanban signal missed and supplier delivery schedule not aligned with production plan,"Expedite material, verify grade before loading",Revise reorder points; weekly supplier delivery review; incoming grade check,Priya Menon,Closed,2.1
INC-1536,2025-09-07 21:52,Supervisor R. Kavitha,CNC-02,Line-A,Proximity sensor on CNC-02 (CNC Lathe) giving intermittent signal,URGENT: proximity sensor on CNC-02 (CNC Lathe) giving intermittent signal Started after lunch break. Production affected.,Electrical,Low,Machine,Loose connector and damaged cable insulation at sensor due to vibration,"Re-terminate connector, replace damaged cable, secure with clamps",Use vibration-rated connectors; add cable routing check to monthly inspection,Divya S,Closed,28.3
INC-1537,2025-09-08 22:54,Operator A. Raj,PNT-01,Line-E,PNT-01 (Paint Booth) HMI shows communication error with PLC,URGENT: PNT-01 (Paint Booth) HMI shows communication error with PLC Happened during night shift. Throughput down by half.,Automation,High,Machine,Firmware mismatch after last update and weak network cable between HMI and PLC,"Reflash correct firmware, replace network cable, verify communication",Change-control for firmware updates with rollback plan; periodic network health test,Anita Sharma,Closed,4.8
INC-1538,2025-09-09 06:41,Shift In-charge R. Nandini,PNT-01,Line-E,Cycle time on PNT-01 (Paint Booth) increased by 15 percent this week,cycle time on PNT-01 (Paint Booth) increased by 15 percent this week Line stopped intermittently.,Process,High,Method,Changeover steps not standardized; operators using different sequences,Time-study the sequence and publish standard work for changeover,SMED workshop; visual work instruction at station; monthly process audit,Meena Iyer,Closed,6.1
INC-1539,2025-09-09 06:45,Operator M. Pooja,WLD-02,Line-D,Calibration lost on WLD-02 (Welding Robot) robot after emergency stop,calibration lost on WLD-02 (Welding Robot) robot after emergency stop Please check asap. Big scrap pile building up.,Automation,High,Method,Robot TCP not re-calibrated after collision/e-stop recovery; no recovery procedure,"Re-teach TCP and vision calibration, validate with test pieces",Document post-e-stop recovery SOP; add calibration check to start-of-shift routine,Deepa Nair,Closed,8.0
INC-1540,2025-09-09 06:55,Operator T. Mary,CNC-01,Line-A,CNC-01 (CNC Milling Machine) tripped on overload,"URGENT: CNC-01 (CNC Milling Machine) tripped on overload, motor hot to touch Happened during night shift.",Electrical,High,Machine,Motor winding insulation degraded causing high current draw,"Replace motor, verify current draw within rated limits",Quarterly insulation resistance test; thermal imaging scan in PM schedule,Deepa Nair,Closed,6.8
INC-1541,2025-09-09 07:41,Shift In-charge R. Nandini,WLD-01,Line-D,Burning smell from electrical panel of WLD-01 (Welding Robot),URGENT: burning smell from electrical panel of WLD-01 (Welding Robot) Happened during night shift. Throughput down by half.,Safety,High,Machine,Undersized cable and loose lug causing overheating under load,"Isolate power, replace cable with correct rating, tighten and torque-mark lugs",Thermography survey of panels every quarter; cable sizing review on any load addition,Sneha Patil,Closed,6.9
INC-1542,2025-09-09 17:40,Operator A. Raj,CNV-01,Line-C,Paint finish defect on CNV-01 (Conveyor Belt),"Reported by operator: paint finish defect on CNV-01 (Conveyor Belt), run marks visible Please check asap. Output down slightly.",Process,Medium,Environment,Booth humidity and temperature outside spec; filter clogged,"Replace filters, adjust HVAC setpoints, re-coat affected parts",Add humidity/temperature alarm; filter change interval in PM plan,Sneha Patil,Closed,15.3
INC-1543,2025-09-09 19:46,Operator S. Revathi,CNV-02,Line-C,CNV-02 (Conveyor Belt) drive belt tension low,"CNV-02 (Conveyor Belt) drive belt tension low, intermittent stops Seen 2 times today. Throughput down by half.",Mechanical,Medium,Method,Belt tension not checked after last maintenance; no standard tension procedure,"Re-tension and align belt, replace frayed section",Create SOP with tension measurement values; add post-maintenance verification step,Ravi Kumar,Closed,22.9
INC-1544,2025-09-10 01:39,Shift In-charge R. Nandini,CNV-02,Line-C,Unusual vibration and high-pitched noise on CNV-02 (Conveyor Belt) during run,"Pls check: unusual vibration and high-pitched noise on CNV-02 (Conveyor Belt) during run Seen 2 times today. Workaround in place, low urgency.",Mechanical,Low,Machine,Bearing wear due to inadequate lubrication over multiple shifts,"Replace worn bearing, re-grease and realign shaft, run 30-min trial",Add bearing lubrication to weekly PM checklist; install vibration sensor with alert threshold,Priya Menon,Closed,44.0
INC-1545,2025-09-10 04:31,Supervisor R. Kavitha,WLD-01,Line-D,Wrong material grade supplied to WLD-01 (Welding Robot),wrong material grade supplied to WLD-01 (Welding Robot) Production affected.,Process,Medium,Material,Kanban signal missed and supplier delivery schedule not aligned with production plan,"Expedite material, verify grade before loading",Revise reorder points; weekly supplier delivery review; incoming grade check,Ravi Kumar,Closed,15.3
INC-1546,2025-09-10 12:49,Line Lead A. Swathi,WLD-02,Line-D,Operator minor injury,"FYI - operator minor injury - slipped near WLD-02 (Welding Robot) on spilled coolant Started after lunch break. Machine stopped, no backup available.",Safety,Critical,Environment,Coolant/oil leak not cleaned promptly; no drip tray and housekeeping gap,"Clean area, fit drip tray, fix source of leak, place warning signage",Housekeeping checklist each shift; leak detection in daily round,Priya Menon,Closed,3.5
INC-1547,2025-09-10 14:22,Supervisor R. Kavitha,WLD-01,Line-D,MES not receiving production count from WLD-01 (Welding Robot),URGENT: MES not receiving production count from WLD-01 (Welding Robot) Please check asap. Production affected.,Automation,Medium,Measurement,Gateway service stopped after server patching; scanner lens dirty,"Restart and auto-enable gateway service, clean scanner, backfill missed counts",Service health monitoring with alerts; scanner cleaning in daily checklist,Anita Sharma,Closed,13.8
INC-1548,2025-09-10 19:14,Operator T. Mary,PRS-02,Line-B,Weld porosity found in samples from PRS-02 (Stamping Press),"URGENT: weld porosity found in samples from PRS-02 (Stamping Press) Shipment on hold, customer escalation.",Quality,Critical,Material,Shielding gas contamination and moisture in wire spool,"Replace gas cylinder and wire spool, re-weld and re-test affected parts",Store wire in dry cabinet; gas purity check on cylinder receipt,Shivani,Closed,5.8
INC-1549,2025-09-10 19:45,Line Lead A. Swathi,PRS-01,Line-B,Operator minor injury,operator minor injury - slipped near PRS-01 (Hydraulic Press) on spilled coolant Happened during night shift.,Safety,High,Environment,Coolant/oil leak not cleaned promptly; no drip tray and housekeeping gap,"Clean area, fit drip tray, fix source of leak, place warning signage",Housekeeping checklist each shift; leak detection in daily round,Ravi Kumar,Closed,9.2
INC-1550,2025-09-10 23:32,Operator T. Mary,PNT-01,Line-E,PNT-01 (Paint Booth) sensor not detecting parts,"FYI - PNT-01 (Paint Booth) sensor not detecting parts, line stops randomly Please check asap. Line stopped intermittently.",Electrical,High,Machine,Loose connector and damaged cable insulation at sensor due to vibration,"Re-terminate connector, replace damaged cable, secure with clamps",Use vibration-rated connectors; add cable routing check to monthly inspection,Deepa Nair,Closed,7.1
INC-1551,2025-09-11 03:34,Operator S. Lakshmi,CNC-02,Line-A,Near miss: operator slipped on oil near CNC-02 (CNC Lathe),FYI - near miss: operator slipped on oil near CNC-02 (CNC Lathe) Seen 2 times today. Some rework needed.,Safety,Medium,Environment,Coolant/oil leak not cleaned promptly; no drip tray and housekeeping gap,"Clean area, fit drip tray, fix source of leak, place warning signage",Housekeeping checklist each shift; leak detection in daily round,Ravi Kumar,Closed,14.4
INC-1552,2025-09-12 04:24,Supervisor R. Kavitha,CNC-01,Line-A,Power supply voltage fluctuation,"URGENT: power supply voltage fluctuation, CNC-01 (CNC Milling Machine) control panel resetting Throughput down by half.",Electrical,High,Environment,Unstable supply voltage during peak load; no voltage stabilizer on control circuit,"Install stabilizer/UPS on control circuit, tighten incoming terminals",Power quality monitoring on feeder; load balancing across shifts,Anita Sharma,Closed,6.9
INC-1553,2025-09-12 11:24,Operator A. Raj,PRS-01,Line-B,Line stopped at PRS-01 (Hydraulic Press),line stopped at prs-01 (hydraulic press) - material not delivered on time Throughput down by half.,Process,High,Material,Kanban signal missed and supplier delivery schedule not aligned with production plan,"Expedite material, verify grade before loading",Revise reorder points; weekly supplier delivery review; incoming grade check,Meena Iyer,Closed,9.8
INC-1554,2025-09-12 13:26,Operator A. Raj,WLD-01,Line-D,Emergency stop on WLD-01 (Welding Robot) not responding during test,emergency stop on WLD-01 (Welding Robot) not responding during test Happened during night shift. Throughput down by half.,Safety,High,Man,Guard removed during maintenance and not refitted; no sign-off before restart,"Refit guard, restore interlock, retest e-stop, counsel involved personnel",Lockout-tagout with restart sign-off checklist; periodic safety audit and retraining,Sneha Patil,Closed,11.3
INC-1555,2025-09-12 16:37,Operator A. Raj,WLD-02,Line-D,Interlock on WLD-02 (Welding Robot) door bypassed with tape,Reported by operator: interlock on WLD-02 (Welding Robot) door bypassed with tape Not first time. Throughput down by half.,Safety,High,Man,Guard removed during maintenance and not refitted; no sign-off before restart,"Refit guard, restore interlock, retest e-stop, counsel involved personnel",Lockout-tagout with restart sign-off checklist; periodic safety audit and retraining,Ravi Kumar,Closed,2.6
INC-1556,2025-09-12 22:49,Operator A. Raj,PRS-01,Line-B,PRS-01 (Hydraulic Press) drive belt tension low,"Reported by operator: PRS-01 (Hydraulic Press) drive belt tension low, intermittent stops Output down slightly.",Mechanical,Medium,Method,Belt tension not checked after last maintenance; no standard tension procedure,"Re-tension and align belt, replace frayed section",Create SOP with tension measurement values; add post-maintenance verification step,Shivani,Closed,13.1
INC-1557,2025-09-13 02:52,Operator M. Pooja,CNV-01,Line-C,Customer complaint: scratch marks on finished parts from CNV-01 (Conveyor Belt) ,Pls check: customer complaint: scratch marks on finished parts from CNV-01 (Conveyor Belt) line Seen 2 times today. Some rework needed.,Quality,Medium,Method,Parts contacting each other during handling due to missing separators in trolley,"Sort and rework affected lot, add separators to trolley",Update handling work instruction; add visual check at station exit,Meena Iyer,Closed,13.2
INC-1558,2025-09-13 22:25,Supervisor R. Kavitha,ASM-01,Line-E,Dimension rejection from ASM-01 (Assembly Station) batch,"dimension rejection from ASM-01 (Assembly Station) batch, gauge reading above limit Line is running at reduced speed.",Quality,Medium,Measurement,Gauge out of calibration and tool offset not updated after tool change,"Recalibrate gauge, reset tool offset, re-inspect last batch and quarantine suspects",Calibration schedule tracked in system; mandatory first-piece inspection after tool change,Ravi Kumar,Closed,14.8
INC-1559,2025-09-14 04:05,Line Lead A. Swathi,PNT-01,Line-E,Smoke smell and slight sparks near PNT-01 (Paint Booth) panel,"Pls check: smoke smell and slight sparks near PNT-01 (Paint Booth) panel Not first time. Person injured, first aid given.",Safety,Critical,Machine,Undersized cable and loose lug causing overheating under load,"Isolate power, replace cable with correct rating, tighten and torque-mark lugs",Thermography survey of panels every quarter; cable sizing review on any load addition,Sneha Patil,Closed,3.2
INC-1560,2025-09-15 00:28,Operator S. Revathi,WLD-02,Line-D,Paint finish defect on WLD-02 (Welding Robot),"FYI - paint finish defect on WLD-02 (Welding Robot), run marks visible Started after lunch break. Line stopped intermittently.",Process,High,Environment,Booth humidity and temperature outside spec; filter clogged,"Replace filters, adjust HVAC setpoints, re-coat affected parts",Add humidity/temperature alarm; filter change interval in PM plan,Meena Iyer,Closed,6.4
INC-1561,2025-09-15 17:24,Operator M. Pooja,PRS-02,Line-B,Unusual vibration and high-pitched noise on PRS-02 (Stamping Press) during run,unusual vibration and high-pitched noise on PRS-02 (Stamping Press) during run Seen 2 times today. Line stopped intermittently.,Mechanical,High,Machine,Bearing wear due to inadequate lubrication over multiple shifts,"Replace worn bearing, re-grease and realign shaft, run 30-min trial",Add bearing lubrication to weekly PM checklist; install vibration sensor with alert threshold,Divya S,Closed,4.0
INC-1562,2025-09-16 05:19,Supervisor R. Kavitha,PRS-02,Line-B,Customer complaint: scratch marks on finished parts from PRS-02 (Stamping Press),FYI - customer complaint: scratch marks on finished parts from PRS-02 (Stamping Press) line Output down slightly.,Quality,Medium,Method,Parts contacting each other during handling due to missing separators in trolley,"Sort and rework affected lot, add separators to trolley",Update handling work instruction; add visual check at station exit,Shivani,Closed,14.1
INC-1563,2025-09-16 15:45,Operator T. Mary,CMP-01,Utilities,Raw material shortage at CMP-01 (Air Compressor),"raw material shortage at cmp-01 (air compressor), line waiting for feed Line stopped intermittently.",Process,High,Material,Kanban signal missed and supplier delivery schedule not aligned with production plan,"Expedite material, verify grade before loading",Revise reorder points; weekly supplier delivery review; incoming grade check,Sneha Patil,Closed,8.8
INC-1564,2025-09-17 09:23,Operator A. Raj,WLD-02,Line-D,WLD-02 (Welding Robot) pressure dropping,"URGENT: WLD-02 (Welding Robot) pressure dropping, oil seen near cylinder Line stopped intermittently.",Mechanical,Medium,Material,Hydraulic seal degraded due to age and use of non-spec seal material,"Replace seal and hose with OEM-spec parts, top up and bleed hydraulic oil",Define seal replacement interval; stock only OEM-approved spares; add leak inspection to daily round,Divya S,Closed,23.9
INC-1565,2025-09-17 11:49,Shift In-charge R. Nandini,CNV-02,Line-C,CNV-02 (Conveyor Belt) PLC rebooting randomly,"CNV-02 (Conveyor Belt) PLC rebooting randomly, panel lights flicker Happened during night shift. No impact on output.",Electrical,Medium,Environment,Unstable supply voltage during peak load; no voltage stabilizer on control circuit,"Install stabilizer/UPS on control circuit, tighten incoming terminals",Power quality monitoring on feeder; load balancing across shifts,Deepa Nair,Closed,14.6
INC-1566,2025-09-17 13:04,Operator A. Raj,WLD-02,Line-D,Control panel of WLD-02 (Welding Robot) shows undervoltage alarm,control panel of WLD-02 (Welding Robot) shows undervoltage alarm Production affected.,Electrical,Medium,Environment,Unstable supply voltage during peak load; no voltage stabilizer on control circuit,"Install stabilizer/UPS on control circuit, tighten incoming terminals",Power quality monitoring on feeder; load balancing across shifts,Ravi Kumar,Closed,22.5
INC-1567,2025-09-18 02:00,Operator M. Pooja,ASM-01,Line-E,Control panel of ASM-01 (Assembly Station) shows undervoltage alarm,URGENT: control panel of ASM-01 (Assembly Station) shows undervoltage alarm Happened during night shift. Line is running at reduced speed.,Electrical,Medium,Environment,Unstable supply voltage during peak load; no voltage stabilizer on control circuit,"Install stabilizer/UPS on control circuit, tighten incoming terminals",Power quality monitoring on feeder; load balancing across shifts,Anita Sharma,Closed,20.8
INC-1568,2025-09-18 23:21,Operator A. Raj,CNC-02,Line-A,Paint finish defect on CNC-02 (CNC Lathe),"Reported by operator: paint finish defect on cnc-02 (cnc lathe), run marks visible Please check asap. Big scrap pile building up.",Process,High,Environment,Booth humidity and temperature outside spec; filter clogged,"Replace filters, adjust HVAC setpoints, re-coat affected parts",Add humidity/temperature alarm; filter change interval in PM plan,Meena Iyer,Closed,6.5
INC-1569,2025-09-20 00:29,Supervisor R. Kavitha,CNV-01,Line-C,Unusual vibration and high-pitched noise on CNV-01 (Conveyor Belt) during run,unusual vibration and high-pitched noise on CNV-01 (Conveyor Belt) during run Started after lunch break. Customer order at risk.,Mechanical,High,Machine,Bearing wear due to inadequate lubrication over multiple shifts,"Replace worn bearing, re-grease and realign shaft, run 30-min trial",Add bearing lubrication to weekly PM checklist; install vibration sensor with alert threshold,Shivani,Closed,9.2
INC-1570,2025-09-21 02:36,Supervisor R. Kavitha,CNV-01,Line-C,Line stopped at CNV-01 (Conveyor Belt),line stopped at CNV-01 (Conveyor Belt) - material not delivered on time Happened during night shift. Big scrap pile building up.,Process,High,Material,Kanban signal missed and supplier delivery schedule not aligned with production plan,"Expedite material, verify grade before loading",Revise reorder points; weekly supplier delivery review; incoming grade check,Anita Sharma,Closed,6.4
INC-1571,2025-09-21 08:23,Operator S. Revathi,CNV-02,Line-C,CNV-02 (Conveyor Belt) making loud grinding noise from spindle area,URGENT: CNV-02 (Conveyor Belt) making loud grinding noise from spindle area Not first time. Line is running at reduced speed.,Mechanical,Medium,Machine,Bearing wear due to inadequate lubrication over multiple shifts,"Replace worn bearing, re-grease and realign shaft, run 30-min trial",Add bearing lubrication to weekly PM checklist; install vibration sensor with alert threshold,Ravi Kumar,Closed,15.3
INC-1572,2025-09-21 12:38,Operator S. Lakshmi,PRS-01,Line-B,Slip hazard reported around PRS-01 (Hydraulic Press),"FYI - slip hazard reported around PRS-01 (Hydraulic Press), floor wet and oily Please check asap. Big scrap pile building up.",Safety,High,Environment,Coolant/oil leak not cleaned promptly; no drip tray and housekeeping gap,"Clean area, fit drip tray, fix source of leak, place warning signage",Housekeeping checklist each shift; leak detection in daily round,Sneha Patil,Closed,4.9
INC-1573,2025-09-22 11:51,Supervisor R. Kavitha,CNV-01,Line-C,CNV-01 (Conveyor Belt) tripped on overload,"Pls check: CNV-01 (Conveyor Belt) tripped on overload, motor hot to touch Line stopped intermittently.",Electrical,High,Machine,Motor winding insulation degraded causing high current draw,"Replace motor, verify current draw within rated limits",Quarterly insulation resistance test; thermal imaging scan in PM schedule,Deepa Nair,Closed,7.8
INC-1574,2025-09-22 15:30,Operator A. Raj,PRS-02,Line-B,Data from PRS-02 (Stamping Press) missing on dashboard since morning,Pls check: data from PRS-02 (Stamping Press) missing on dashboard since morning Happened during night shift. Line is running at reduced speed.,Automation,Medium,Measurement,Gateway service stopped after server patching; scanner lens dirty,"Restart and auto-enable gateway service, clean scanner, backfill missed counts",Service health monitoring with alerts; scanner cleaning in daily checklist,Deepa Nair,Closed,12.8
INC-1575,2025-09-23 03:59,Operator A. Raj,PNT-01,Line-E,Interlock on PNT-01 (Paint Booth) door bypassed with tape,URGENT: interlock on PNT-01 (Paint Booth) door bypassed with tape,Safety,Critical,Man,Guard removed during maintenance and not refitted; no sign-off before restart,"Refit guard, restore interlock, retest e-stop, counsel involved personnel",Lockout-tagout with restart sign-off checklist; periodic safety audit and retraining,Sneha Patil,Closed,4.8
INC-1576,2025-09-23 04:58,Shift In-charge R. Nandini,WLD-02,Line-D,Slip hazard reported around WLD-02 (Welding Robot),"slip hazard reported around WLD-02 (Welding Robot), floor wet and oily Happened during night shift.",Safety,Critical,Environment,Coolant/oil leak not cleaned promptly; no drip tray and housekeeping gap,"Clean area, fit drip tray, fix source of leak, place warning signage",Housekeeping checklist each shift; leak detection in daily round,Ravi Kumar,Closed,2.9
INC-1577,2025-09-23 10:41,Operator S. Lakshmi,CNV-01,Line-C,High rejection rate at CNV-01 (Conveyor Belt),Pls check: high rejection rate at CNV-01 (Conveyor Belt) - dimensional mismatch found at inspection Started after lunch break. Line is running at reduced speed.,Quality,Medium,Measurement,Gauge out of calibration and tool offset not updated after tool change,"Recalibrate gauge, reset tool offset, re-inspect last batch and quarantine suspects",Calibration schedule tracked in system; mandatory first-piece inspection after tool change,Shivani,Closed,15.8
INC-1578,2025-09-24 06:06,Operator A. Raj,PNT-01,Line-E,Calibration lost on PNT-01 (Paint Booth) robot after emergency stop,URGENT: calibration lost on PNT-01 (Paint Booth) robot after emergency stop Started after lunch break. Big scrap pile building up.,Automation,High,Method,Robot TCP not re-calibrated after collision/e-stop recovery; no recovery procedure,"Re-teach TCP and vision calibration, validate with test pieces",Document post-e-stop recovery SOP; add calibration check to start-of-shift routine,Anita Sharma,Closed,7.5
INC-1579,2025-09-24 14:35,Operator S. Lakshmi,WLD-01,Line-D,Raw material shortage at WLD-01 (Welding Robot),"raw material shortage at WLD-01 (Welding Robot), line waiting for feed Please check asap. Big scrap pile building up.",Process,High,Material,Kanban signal missed and supplier delivery schedule not aligned with production plan,"Expedite material, verify grade before loading",Revise reorder points; weekly supplier delivery review; incoming grade check,Sneha Patil,Closed,7.4
INC-1580,2025-09-24 15:04,Operator T. Mary,CNV-01,Line-C,Surface scratches found on products from CNV-01 (Conveyor Belt),Pls check: surface scratches found on products from CNV-01 (Conveyor Belt) Happened during night shift. Output down slightly.,Quality,Medium,Method,Parts contacting each other during handling due to missing separators in trolley,"Sort and rework affected lot, add separators to trolley",Update handling work instruction; add visual check at station exit,Shivani,Closed,22.0
INC-1581,2025-09-25 02:54,Operator M. Pooja,CNV-02,Line-C,Burning smell from electrical panel of CNV-02 (Conveyor Belt),"burning smell from electrical panel of CNV-02 (Conveyor Belt) Person injured, first aid given.",Safety,Critical,Machine,Undersized cable and loose lug causing overheating under load,"Isolate power, replace cable with correct rating, tighten and torque-mark lugs",Thermography survey of panels every quarter; cable sizing review on any load addition,Sneha Patil,Closed,4.8
INC-1582,2025-09-26 04:47,Supervisor R. Kavitha,PRS-01,Line-B,Slip hazard reported around PRS-01 (Hydraulic Press),"slip hazard reported around PRS-01 (Hydraulic Press), floor wet and oily Seen 2 times today. Throughput down by half.",Safety,High,Environment,Coolant/oil leak not cleaned promptly; no drip tray and housekeeping gap,"Clean area, fit drip tray, fix source of leak, place warning signage",Housekeeping checklist each shift; leak detection in daily round,Sneha Patil,Closed,5.6
INC-1583,2025-09-26 22:19,Shift In-charge R. Nandini,CNC-01,Line-A,CNC-01 (CNC Milling Machine) PLC rebooting randomly,"Reported by operator: CNC-01 (CNC Milling Machine) PLC rebooting randomly, panel lights flicker Please check asap.",Electrical,High,Environment,Unstable supply voltage during peak load; no voltage stabilizer on control circuit,"Install stabilizer/UPS on control circuit, tighten incoming terminals",Power quality monitoring on feeder; load balancing across shifts,Anita Sharma,Closed,8.6
INC-1584,2025-09-26 23:15,Shift In-charge R. Nandini,WLD-02,Line-D,Metal grinding sound coming from WLD-02 (Welding Robot) drive section,Reported by operator: metal grinding sound coming from WLD-02 (Welding Robot) drive section Seen 2 times today. Throughput down by half.,Mechanical,High,Machine,Bearing wear due to inadequate lubrication over multiple shifts,"Replace worn bearing, re-grease and realign shaft, run 30-min trial",Add bearing lubrication to weekly PM checklist; install vibration sensor with alert threshold,Priya Menon,Closed,4.4
INC-1585,2025-09-27 09:08,Operator S. Revathi,PNT-01,Line-E,Raw material shortage at PNT-01 (Paint Booth),"raw material shortage at PNT-01 (Paint Booth), line waiting for feed Not first time. Line stopped intermittently.",Process,Medium,Material,Kanban signal missed and supplier delivery schedule not aligned with production plan,"Expedite material, verify grade before loading",Revise reorder points; weekly supplier delivery review; incoming grade check,Priya Menon,Closed,10.0
INC-1586,2025-09-27 09:52,Operator S. Lakshmi,WLD-02,Line-D,Robot on WLD-02 (Welding Robot) positioning drift,"Reported by operator: robot on WLD-02 (Welding Robot) positioning drift, parts picked off-centre Seen 2 times today.",Automation,Medium,Method,Robot TCP not re-calibrated after collision/e-stop recovery; no recovery procedure,"Re-teach TCP and vision calibration, validate with test pieces",Document post-e-stop recovery SOP; add calibration check to start-of-shift routine,Deepa Nair,Closed,17.7
INC-1587,2025-09-27 14:03,Operator S. Revathi,PRS-01,Line-B,Smoke smell and slight sparks near PRS-01 (Hydraulic Press) panel,"URGENT: smoke smell and slight sparks near PRS-01 (Hydraulic Press) panel Please check asap. Person injured, first aid given.",Safety,Critical,Machine,Undersized cable and loose lug causing overheating under load,"Isolate power, replace cable with correct rating, tighten and torque-mark lugs",Thermography survey of panels every quarter; cable sizing review on any load addition,Sneha Patil,Closed,4.9
INC-1588,2025-09-27 17:27,Operator M. Pooja,CNC-01,Line-A,Operator minor injury,operator minor injury - slipped near CNC-01 (CNC Milling Machine) on spilled coolant Seen 2 times today.,Safety,High,Environment,Coolant/oil leak not cleaned promptly; no drip tray and housekeeping gap,"Clean area, fit drip tray, fix source of leak, place warning signage",Housekeeping checklist each shift; leak detection in daily round,Sneha Patil,Closed,11.4
INC-1589,2025-09-29 01:25,Line Lead A. Swathi,CNC-02,Line-A,Data from CNC-02 (CNC Lathe) missing on dashboard since morning,FYI - data from cnc-02 (cnc lathe) missing on dashboard since morning Not first time. No impact on output.,Automation,Low,Measurement,Gateway service stopped after server patching; scanner lens dirty,"Restart and auto-enable gateway service, clean scanner, backfill missed counts",Service health monitoring with alerts; scanner cleaning in daily checklist,Deepa Nair,Closed,33.3
INC-1590,2025-09-29 14:39,Shift In-charge R. Nandini,PKG-01,Line-F,Production slow at PKG-01 (Packaging Unit),"production slow at PKG-01 (Packaging Unit), frequent waiting between steps Please check asap. Line is running at reduced speed.",Process,Medium,Method,Changeover steps not standardized; operators using different sequences,Time-study the sequence and publish standard work for changeover,SMED workshop; visual work instruction at station; monthly process audit,Sneha Patil,Closed,23.9
INC-1591,2025-09-29 15:20,Operator A. Raj,CNC-02,Line-A,Robot on CNC-02 (CNC Lathe) positioning drift,"Reported by operator: robot on CNC-02 (CNC Lathe) positioning drift, parts picked off-centre Seen 2 times today. Customer order at risk.",Automation,High,Method,Robot TCP not re-calibrated after collision/e-stop recovery; no recovery procedure,"Re-teach TCP and vision calibration, validate with test pieces",Document post-e-stop recovery SOP; add calibration check to start-of-shift routine,Anita Sharma,Closed,13.7
INC-1592,2025-09-29 23:04,Shift In-charge R. Nandini,CNC-02,Line-A,CNC-02 (CNC Lathe) vision system rejecting good parts,"Reported by operator: CNC-02 (CNC Lathe) vision system rejecting good parts Not first time. Shipment on hold, customer escalation.",Automation,Critical,Method,Robot TCP not re-calibrated after collision/e-stop recovery; no recovery procedure,"Re-teach TCP and vision calibration, validate with test pieces",Document post-e-stop recovery SOP; add calibration check to start-of-shift routine,Deepa Nair,Closed,2.9
INC-1593,2025-09-30 23:05,Operator M. Pooja,CNV-01,Line-C,Near miss: operator slipped on oil near CNV-01 (Conveyor Belt),FYI - near miss: operator slipped on oil near CNV-01 (Conveyor Belt) Seen 2 times today. Big scrap pile building up.,Safety,Medium,Environment,Coolant/oil leak not cleaned promptly; no drip tray and housekeeping gap,"Clean area, fit drip tray, fix source of leak, place warning signage",Housekeeping checklist each shift; leak detection in daily round,Deepa Nair,Closed,21.7
INC-1594,2025-10-01 11:15,Supervisor R. Kavitha,CNC-02,Line-A,Burning smell from electrical panel of CNC-02 (CNC Lathe),URGENT: burning smell from electrical panel of CNC-02 (CNC Lathe) Please check asap. Output down slightly.,Safety,Medium,Machine,Undersized cable and loose lug causing overheating under load,"Isolate power, replace cable with correct rating, tighten and torque-mark lugs",Thermography survey of panels every quarter; cable sizing review on any load addition,Sneha Patil,Closed,11.3
INC-1595,2025-10-01 21:04,Operator T. Mary,PKG-01,Line-F,PKG-01 (Packaging Unit) PLC rebooting randomly,"FYI - PKG-01 (Packaging Unit) PLC rebooting randomly, panel lights flicker Please check asap. Line stopped intermittently.",Electrical,High,Environment,Unstable supply voltage during peak load; no voltage stabilizer on control circuit,"Install stabilizer/UPS on control circuit, tighten incoming terminals",Power quality monitoring on feeder; load balancing across shifts,Anita Sharma,Closed,7.0
INC-1596,2025-10-02 08:17,Operator S. Lakshmi,PRS-01,Line-B,Raw material shortage at PRS-01 (Hydraulic Press),"Reported by operator: raw material shortage at PRS-01 (Hydraulic Press), line waiting for feed Started after lunch break. Production affected.",Process,Medium,Material,Kanban signal missed and supplier delivery schedule not aligned with production plan,"Expedite material, verify grade before loading",Revise reorder points; weekly supplier delivery review; incoming grade check,Sneha Patil,Closed,15.9
INC-1597,2025-10-02 23:28,Shift In-charge R. Nandini,CNV-02,Line-C,Power supply voltage fluctuation,"URGENT: power supply voltage fluctuation, CNV-02 (Conveyor Belt) control panel resetting Shipment on hold, customer escalation.",Electrical,Critical,Environment,Unstable supply voltage during peak load; no voltage stabilizer on control circuit,"Install stabilizer/UPS on control circuit, tighten incoming terminals",Power quality monitoring on feeder; load balancing across shifts,Deepa Nair,Closed,2.4
INC-1598,2025-10-03 13:50,Operator A. Raj,CNC-01,Line-A,Robot on CNC-01 (CNC Milling Machine) stopped with servo alarm,robot on CNC-01 (CNC Milling Machine) stopped with servo alarm Seen 2 times today. Some rework needed.,Automation,Medium,Machine,Firmware mismatch after last update and weak network cable between HMI and PLC,"Reflash correct firmware, replace network cable, verify communication",Change-control for firmware updates with rollback plan; periodic network health test,Anita Sharma,Closed,20.5
INC-1599,2025-10-04 05:50,Operator T. Mary,PRS-02,Line-B,Weak weld joints detected in destructive test,"weak weld joints detected in destructive test, PRS-02 (Stamping Press) Happened during night shift. Minor, running normally.",Quality,Low,Material,Shielding gas contamination and moisture in wire spool,"Replace gas cylinder and wire spool, re-weld and re-test affected parts",Store wire in dry cabinet; gas purity check on cylinder receipt,Meena Iyer,Closed,23.0
INC-1600,2025-10-04 08:54,Operator A. Raj,PNT-01,Line-E,Cycle time on PNT-01 (Paint Booth) increased by 15 percent this week,Pls check: cycle time on PNT-01 (Paint Booth) increased by 15 percent this week Some rework needed.,Process,High,Method,Changeover steps not standardized; operators using different sequences,Time-study the sequence and publish standard work for changeover,SMED workshop; visual work instruction at station; monthly process audit,Priya Menon,Closed,8.6
INC-1601,2025-10-04 20:54,Operator A. Raj,WLD-02,Line-D,WLD-02 (Welding Robot) pressure dropping,"Pls check: WLD-02 (Welding Robot) pressure dropping, oil seen near cylinder Happened during night shift. Throughput down by half.",Mechanical,High,Material,Hydraulic seal degraded due to age and use of non-spec seal material,"Replace seal and hose with OEM-spec parts, top up and bleed hydraulic oil",Define seal replacement interval; stock only OEM-approved spares; add leak inspection to daily round,Ravi Kumar,Closed,8.8
INC-1602,2025-10-05 06:13,Supervisor R. Kavitha,CNV-01,Line-C,Weld spatter and incomplete fusion seen on parts from CNV-01 (Conveyor Belt),FYI - weld spatter and incomplete fusion seen on parts from CNV-01 (Conveyor Belt) Big scrap pile building up.,Quality,High,Material,Shielding gas contamination and moisture in wire spool,"Replace gas cylinder and wire spool, re-weld and re-test affected parts",Store wire in dry cabinet; gas purity check on cylinder receipt,Shivani,Closed,8.9
INC-1603,2025-10-05 11:27,Operator M. Pooja,WLD-02,Line-D,WLD-02 (Welding Robot) belt slipping and product jerking on the line,Pls check: WLD-02 (Welding Robot) belt slipping and product jerking on the line Seen 2 times today. Line is running at reduced speed.,Mechanical,Medium,Method,Belt tension not checked after last maintenance; no standard tension procedure,"Re-tension and align belt, replace frayed section",Create SOP with tension measurement values; add post-maintenance verification step,Divya S,Closed,20.6
INC-1604,2025-10-05 12:41,Operator S. Lakshmi,PKG-01,Line-F,Hydraulic oil leaking under PKG-01 (Packaging Unit),"hydraulic oil leaking under pkg-01 (packaging unit), puddle on floor Seen 2 times today.",Mechanical,High,Material,Hydraulic seal degraded due to age and use of non-spec seal material,"Replace seal and hose with OEM-spec parts, top up and bleed hydraulic oil",Define seal replacement interval; stock only OEM-approved spares; add leak inspection to daily round,Priya Menon,Closed,9.9
INC-1605,2025-10-06 08:32,Operator T. Mary,WLD-02,Line-D,Robot on WLD-02 (Welding Robot) stopped with servo alarm,Reported by operator: robot on WLD-02 (Welding Robot) stopped with servo alarm Line stopped intermittently.,Automation,High,Machine,Firmware mismatch after last update and weak network cable between HMI and PLC,"Reflash correct firmware, replace network cable, verify communication",Change-control for firmware updates with rollback plan; periodic network health test,Anita Sharma,Closed,7.2
INC-1606,2025-10-06 11:53,Supervisor R. Kavitha,CNC-01,Line-A,Smoke smell and slight sparks near CNC-01 (CNC Milling Machine) panel,Pls check: smoke smell and slight sparks near CNC-01 (CNC Milling Machine) panel Not first time. Line stopped intermittently.,Safety,High,Machine,Undersized cable and loose lug causing overheating under load,"Isolate power, replace cable with correct rating, tighten and torque-mark lugs",Thermography survey of panels every quarter; cable sizing review on any load addition,Ravi Kumar,Closed,9.9
INC-1607,2025-10-10 07:27,Operator M. Pooja,PRS-02,Line-B,PRS-02 (Stamping Press) tripped on overload,"PRS-02 (Stamping Press) tripped on overload, motor hot to touch Happened during night shift. Customer order at risk.",Electrical,High,Machine,Motor winding insulation degraded causing high current draw,"Replace motor, verify current draw within rated limits",Quarterly insulation resistance test; thermal imaging scan in PM schedule,Deepa Nair,Closed,8.1
INC-1608,2025-10-10 10:07,Line Lead A. Swathi,ASM-01,Line-E,ASM-01 (Assembly Station) making loud grinding noise from spindle area,URGENT: ASM-01 (Assembly Station) making loud grinding noise from spindle area Please check asap. Customer order at risk.,Mechanical,Medium,Machine,Bearing wear due to inadequate lubrication over multiple shifts,"Replace worn bearing, re-grease and realign shaft, run 30-min trial",Add bearing lubrication to weekly PM checklist; install vibration sensor with alert threshold,Divya S,Closed,16.8
INC-1609,2025-10-10 12:34,Supervisor R. Kavitha,CNC-01,Line-A,Paint thickness inconsistent on parts from CNC-01 (CNC Milling Machine),Pls check: paint thickness inconsistent on parts from CNC-01 (CNC Milling Machine) Not first time. Customer order at risk.,Process,Medium,Environment,Booth humidity and temperature outside spec; filter clogged,"Replace filters, adjust HVAC setpoints, re-coat affected parts",Add humidity/temperature alarm; filter change interval in PM plan,Sneha Patil,Closed,11.1
INC-1610,2025-10-10 12:48,Operator S. Lakshmi,PNT-01,Line-E,Raw material shortage at PNT-01 (Paint Booth),"Pls check: raw material shortage at PNT-01 (Paint Booth), line waiting for feed Please check asap. Production affected.",Process,Medium,Material,Kanban signal missed and supplier delivery schedule not aligned with production plan,"Expedite material, verify grade before loading",Revise reorder points; weekly supplier delivery review; incoming grade check,Priya Menon,Closed,19.9
INC-1611,2025-10-10 16:08,Operator M. Pooja,CNV-02,Line-C,Robot on CNV-02 (Conveyor Belt) stopped with servo alarm,Pls check: robot on CNV-02 (Conveyor Belt) stopped with servo alarm Please check asap. Production affected.,Automation,Medium,Machine,Firmware mismatch after last update and weak network cable between HMI and PLC,"Reflash correct firmware, replace network cable, verify communication",Change-control for firmware updates with rollback plan; periodic network health test,Anita Sharma,Closed,18.2
INC-1612,2025-10-10 17:16,Line Lead A. Swathi,PRS-02,Line-B,Interlock on PRS-02 (Stamping Press) door bypassed with tape,"Reported by operator: interlock on PRS-02 (Stamping Press) door bypassed with tape Machine stopped, no backup available.",Safety,Critical,Man,Guard removed during maintenance and not refitted; no sign-off before restart,"Refit guard, restore interlock, retest e-stop, counsel involved personnel",Lockout-tagout with restart sign-off checklist; periodic safety audit and retraining,Ravi Kumar,Closed,5.5
INC-1613,2025-10-11 02:40,Supervisor R. Kavitha,CNC-02,Line-A,Burning smell from electrical panel of CNC-02 (CNC Lathe),burning smell from electrical panel of CNC-02 (CNC Lathe) Happened during night shift. Entire line down.,Safety,Critical,Machine,Undersized cable and loose lug causing overheating under load,"Isolate power, replace cable with correct rating, tighten and torque-mark lugs",Thermography survey of panels every quarter; cable sizing review on any load addition,Shivani,Closed,3.4
INC-1614,2025-10-11 10:10,Supervisor R. Kavitha,PKG-01,Line-F,Interlock on PKG-01 (Packaging Unit) door bypassed with tape,Pls check: interlock on PKG-01 (Packaging Unit) door bypassed with tape Happened during night shift. Production affected.,Safety,Medium,Man,Guard removed during maintenance and not refitted; no sign-off before restart,"Refit guard, restore interlock, retest e-stop, counsel involved personnel",Lockout-tagout with restart sign-off checklist; periodic safety audit and retraining,Sneha Patil,Closed,18.6
INC-1615,2025-10-11 20:16,Operator T. Mary,CMP-01,Utilities,CMP-01 (Air Compressor) bearing sounds rough,"URGENT: cmp-01 (air compressor) bearing sounds rough, temperature rising near motor end Started after lunch break. Line stopped intermittently.",Mechanical,High,Machine,Bearing wear due to inadequate lubrication over multiple shifts,"Replace worn bearing, re-grease and realign shaft, run 30-min trial",Add bearing lubrication to weekly PM checklist; install vibration sensor with alert threshold,Priya Menon,Closed,9.7
INC-1616,2025-10-11 21:17,Operator M. Pooja,CNC-02,Line-A,Weak weld joints detected in destructive test,"weak weld joints detected in destructive test, CNC-02 (CNC Lathe) Not first time. Big scrap pile building up.",Quality,High,Material,Shielding gas contamination and moisture in wire spool,"Replace gas cylinder and wire spool, re-weld and re-test affected parts",Store wire in dry cabinet; gas purity check on cylinder receipt,Shivani,Closed,8.5
INC-1617,2025-10-12 12:46,Supervisor R. Kavitha,CNC-01,Line-A,Surface scratches found on products from CNC-01 (CNC Milling Machine),surface scratches found on products from CNC-01 (CNC Milling Machine) Seen 2 times today. Line stopped intermittently.,Quality,Medium,Method,Parts contacting each other during handling due to missing separators in trolley,"Sort and rework affected lot, add separators to trolley",Update handling work instruction; add visual check at station exit,Meena Iyer,Closed,25.1
INC-1618,2025-10-13 06:51,Operator A. Raj,CNC-02,Line-A,CNC-02 (CNC Lathe) output dropped,"Reported by operator: CNC-02 (CNC Lathe) output dropped, takt time not being met Happened during night shift.",Process,Low,Method,Changeover steps not standardized; operators using different sequences,Time-study the sequence and publish standard work for changeover,SMED workshop; visual work instruction at station; monthly process audit,Sneha Patil,Closed,27.5
INC-1619,2025-10-14 17:15,Operator A. Raj,ASM-01,Line-E,High rejection rate at ASM-01 (Assembly Station),FYI - high rejection rate at asm-01 (assembly station) - dimensional mismatch found at inspection Please check asap. Big scrap pile building up.,Quality,High,Measurement,Gauge out of calibration and tool offset not updated after tool change,"Recalibrate gauge, reset tool offset, re-inspect last batch and quarantine suspects",Calibration schedule tracked in system; mandatory first-piece inspection after tool change,Meena Iyer,Closed,12.0
INC-1620,2025-10-15 01:54,Operator S. Revathi,PRS-02,Line-B,False stop on PRS-02 (Stamping Press),"Reported by operator: false stop on PRS-02 (Stamping Press) - sensor flickering, wiring looks loose Not first time. Line is running at reduced speed.",Electrical,Medium,Machine,Loose connector and damaged cable insulation at sensor due to vibration,"Re-terminate connector, replace damaged cable, secure with clamps",Use vibration-rated connectors; add cable routing check to monthly inspection,Divya S,Closed,10.9
INC-1621,2025-10-15 19:54,Line Lead A. Swathi,PRS-02,Line-B,High rejection rate at PRS-02 (Stamping Press),high rejection rate at PRS-02 (Stamping Press) - dimensional mismatch found at inspection Line is running at reduced speed.,Quality,Medium,Measurement,Gauge out of calibration and tool offset not updated after tool change,"Recalibrate gauge, reset tool offset, re-inspect last batch and quarantine suspects",Calibration schedule tracked in system; mandatory first-piece inspection after tool change,Meena Iyer,Closed,16.6
INC-1622,2025-10-16 07:46,Operator T. Mary,WLD-02,Line-D,Oil leak at hose joint of WLD-02 (Welding Robot),"FYI - oil leak at hose joint of WLD-02 (Welding Robot), machine slow to respond Person injured, first aid given.",Mechanical,Critical,Material,Hydraulic seal degraded due to age and use of non-spec seal material,"Replace seal and hose with OEM-spec parts, top up and bleed hydraulic oil",Define seal replacement interval; stock only OEM-approved spares; add leak inspection to daily round,Divya S,Closed,4.6
INC-1623,2025-10-16 09:00,Operator S. Revathi,CNC-01,Line-A,Customer complaint: scratch marks on finished parts from CNC-01 (CNC Milling Mac,"customer complaint: scratch marks on finished parts from CNC-01 (CNC Milling Machine) line Not first time. Cosmetic only, can wait for planned maintenance.",Quality,Low,Method,Parts contacting each other during handling due to missing separators in trolley,"Sort and rework affected lot, add separators to trolley",Update handling work instruction; add visual check at station exit,Shivani,Closed,43.2
INC-1624,2025-10-16 14:47,Shift In-charge R. Nandini,PRS-02,Line-B,Line stopped at PRS-02 (Stamping Press),"line stopped at PRS-02 (Stamping Press) - material not delivered on time Please check asap. Machine stopped, no backup available.",Process,Critical,Material,Kanban signal missed and supplier delivery schedule not aligned with production plan,"Expedite material, verify grade before loading",Revise reorder points; weekly supplier delivery review; incoming grade check,Priya Menon,Closed,5.4
INC-1625,2025-10-16 16:59,Operator A. Raj,WLD-02,Line-D,Cycle time on WLD-02 (Welding Robot) increased by 15 percent this week,Reported by operator: cycle time on WLD-02 (Welding Robot) increased by 15 percent this week Line stopped intermittently.,Process,High,Method,Changeover steps not standardized; operators using different sequences,Time-study the sequence and publish standard work for changeover,SMED workshop; visual work instruction at station; monthly process audit,Shivani,Closed,7.9
INC-1626,2025-10-17 06:22,Shift In-charge R. Nandini,PRS-01,Line-B,PRS-01 (Hydraulic Press) HMI shows communication error with PLC,PRS-01 (Hydraulic Press) HMI shows communication error with PLC Started after lunch break. Big scrap pile building up.,Automation,Medium,Machine,Firmware mismatch after last update and weak network cable between HMI and PLC,"Reflash correct firmware, replace network cable, verify communication",Change-control for firmware updates with rollback plan; periodic network health test,Anita Sharma,Closed,8.1
INC-1627,2025-10-17 11:50,Operator S. Revathi,CNC-02,Line-A,Smoke smell and slight sparks near CNC-02 (CNC Lathe) panel,smoke smell and slight sparks near CNC-02 (CNC Lathe) panel Not first time.,Safety,High,Machine,Undersized cable and loose lug causing overheating under load,"Isolate power, replace cable with correct rating, tighten and torque-mark lugs",Thermography survey of panels every quarter; cable sizing review on any load addition,Sneha Patil,Closed,9.2
INC-1628,2025-10-17 12:02,Operator T. Mary,PNT-01,Line-E,Overheating cable observed at PNT-01 (Paint Booth),"FYI - overheating cable observed at PNT-01 (Paint Booth), insulation discoloured Seen 2 times today. Entire line down.",Safety,Critical,Machine,Undersized cable and loose lug causing overheating under load,"Isolate power, replace cable with correct rating, tighten and torque-mark lugs",Thermography survey of panels every quarter; cable sizing review on any load addition,Sneha Patil,Closed,3.3
INC-1629,2025-10-17 19:43,Shift In-charge R. Nandini,ASM-01,Line-E,PLC fault code on ASM-01 (Assembly Station),"URGENT: PLC fault code on ASM-01 (Assembly Station), program halted Some rework needed.",Automation,Medium,Machine,Firmware mismatch after last update and weak network cable between HMI and PLC,"Reflash correct firmware, replace network cable, verify communication",Change-control for firmware updates with rollback plan; periodic network health test,Deepa Nair,Closed,17.4
INC-1630,2025-10-18 16:47,Line Lead A. Swathi,PNT-01,Line-E,Visual defect,"visual defect - scratches and dents on parts after PNT-01 (Paint Booth) Minor, running normally.",Quality,Low,Method,Parts contacting each other during handling due to missing separators in trolley,"Sort and rework affected lot, add separators to trolley",Update handling work instruction; add visual check at station exit,Meena Iyer,Closed,49.9
INC-1631,2025-10-19 08:24,Operator S. Lakshmi,CNV-02,Line-C,Metal grinding sound coming from CNV-02 (Conveyor Belt) drive section,metal grinding sound coming from CNV-02 (Conveyor Belt) drive section Seen 2 times today.,Mechanical,Critical,Machine,Bearing wear due to inadequate lubrication over multiple shifts,"Replace worn bearing, re-grease and realign shaft, run 30-min trial",Add bearing lubrication to weekly PM checklist; install vibration sensor with alert threshold,Shivani,Closed,2.4
INC-1632,2025-10-19 12:52,Operator S. Lakshmi,CMP-01,Utilities,CMP-01 (Air Compressor) bearing sounds rough,"cmp-01 (air compressor) bearing sounds rough, temperature rising near motor end Cosmetic only, can wait for planned maintenance.",Mechanical,Medium,Machine,Bearing wear due to inadequate lubrication over multiple shifts,"Replace worn bearing, re-grease and realign shaft, run 30-min trial",Add bearing lubrication to weekly PM checklist; install vibration sensor with alert threshold,Ravi Kumar,Closed,18.4
INC-1633,2025-10-19 13:35,Operator S. Lakshmi,CNC-01,Line-A,Paint finish defect on CNC-01 (CNC Milling Machine),"paint finish defect on CNC-01 (CNC Milling Machine), run marks visible",Process,High,Environment,Booth humidity and temperature outside spec; filter clogged,"Replace filters, adjust HVAC setpoints, re-coat affected parts",Add humidity/temperature alarm; filter change interval in PM plan,Priya Menon,Closed,8.1
INC-1634,2025-10-20 02:05,Line Lead A. Swathi,CNV-02,Line-C,CNV-02 (Conveyor Belt) sensor not detecting parts,"Reported by operator: CNV-02 (Conveyor Belt) sensor not detecting parts, line stops randomly Happened during night shift.",Electrical,High,Machine,Loose connector and damaged cable insulation at sensor due to vibration,"Re-terminate connector, replace damaged cable, secure with clamps",Use vibration-rated connectors; add cable routing check to monthly inspection,Anita Sharma,Closed,10.3
INC-1635,2025-10-20 03:22,Line Lead A. Swathi,ASM-01,Line-E,Hydraulic oil leaking under ASM-01 (Assembly Station),"hydraulic oil leaking under ASM-01 (Assembly Station), puddle on floor Happened during night shift. Production affected.",Mechanical,Medium,Material,Hydraulic seal degraded due to age and use of non-spec seal material,"Replace seal and hose with OEM-spec parts, top up and bleed hydraulic oil",Define seal replacement interval; stock only OEM-approved spares; add leak inspection to daily round,Priya Menon,Closed,20.2
INC-1636,2025-10-20 18:34,Operator S. Revathi,PRS-02,Line-B,Cycle time on PRS-02 (Stamping Press) increased by 15 percent this week,cycle time on PRS-02 (Stamping Press) increased by 15 percent this week Not first time. Line stopped intermittently.,Process,High,Method,Changeover steps not standardized; operators using different sequences,Time-study the sequence and publish standard work for changeover,SMED workshop; visual work instruction at station; monthly process audit,Meena Iyer,Closed,8.1
INC-1637,2025-10-20 21:53,Operator M. Pooja,PRS-02,Line-B,Safety guard missing on PRS-02 (Stamping Press),"safety guard missing on prs-02 (stamping press), operator noticed during start of shift Line stopped intermittently.",Safety,Critical,Man,Guard removed during maintenance and not refitted; no sign-off before restart,"Refit guard, restore interlock, retest e-stop, counsel involved personnel",Lockout-tagout with restart sign-off checklist; periodic safety audit and retraining,Sneha Patil,Closed,3.9
INC-1638,2025-10-22 04:46,Operator S. Revathi,ASM-01,Line-E,Weld porosity found in samples from ASM-01 (Assembly Station),Pls check: weld porosity found in samples from ASM-01 (Assembly Station) Throughput down by half.,Quality,High,Material,Shielding gas contamination and moisture in wire spool,"Replace gas cylinder and wire spool, re-weld and re-test affected parts",Store wire in dry cabinet; gas purity check on cylinder receipt,Meena Iyer,Closed,7.5
INC-1639,2025-10-22 09:07,Operator M. Pooja,WLD-02,Line-D,WLD-02 (Welding Robot) tripped on overload,"WLD-02 (Welding Robot) tripped on overload, motor hot to touch Seen 2 times today. Production affected.",Electrical,High,Machine,Motor winding insulation degraded causing high current draw,"Replace motor, verify current draw within rated limits",Quarterly insulation resistance test; thermal imaging scan in PM schedule,Deepa Nair,Closed,6.8
INC-1640,2025-10-23 16:52,Operator T. Mary,CNV-01,Line-C,CNV-01 (Conveyor Belt) sensor not detecting parts,"CNV-01 (Conveyor Belt) sensor not detecting parts, line stops randomly",Electrical,Medium,Machine,Loose connector and damaged cable insulation at sensor due to vibration,"Re-terminate connector, replace damaged cable, secure with clamps",Use vibration-rated connectors; add cable routing check to monthly inspection,Anita Sharma,Closed,16.2
INC-1641,2025-10-23 22:25,Operator M. Pooja,WLD-02,Line-D,Parts from WLD-02 (Welding Robot) out of tolerance,"Pls check: parts from WLD-02 (Welding Robot) out of tolerance, diameter oversize by 0.05 mm Started after lunch break. Line is running at reduced speed.",Quality,Medium,Measurement,Gauge out of calibration and tool offset not updated after tool change,"Recalibrate gauge, reset tool offset, re-inspect last batch and quarantine suspects",Calibration schedule tracked in system; mandatory first-piece inspection after tool change,Sneha Patil,Closed,18.0
INC-1642,2025-10-24 03:49,Operator M. Pooja,PKG-01,Line-F,Line stopped at PKG-01 (Packaging Unit),line stopped at PKG-01 (Packaging Unit) - material not delivered on time Please check asap. Line is running at reduced speed.,Process,High,Material,Kanban signal missed and supplier delivery schedule not aligned with production plan,"Expedite material, verify grade before loading",Revise reorder points; weekly supplier delivery review; incoming grade check,Shivani,Closed,10.7
INC-1643,2025-10-24 20:04,Shift In-charge R. Nandini,CMP-01,Utilities,CMP-01 (Air Compressor) coating uneven,"Pls check: CMP-01 (Air Compressor) coating uneven, orange peel texture on panels Line stopped intermittently.",Process,High,Environment,Booth humidity and temperature outside spec; filter clogged,"Replace filters, adjust HVAC setpoints, re-coat affected parts",Add humidity/temperature alarm; filter change interval in PM plan,Sneha Patil,Closed,7.3
INC-1644,2025-10-24 20:18,Operator M. Pooja,CNC-01,Line-A,Near miss: operator slipped on oil near CNC-01 (CNC Milling Machine),near miss: operator slipped on oil near CNC-01 (CNC Milling Machine) Happened during night shift. Line stopped intermittently.,Safety,High,Environment,Coolant/oil leak not cleaned promptly; no drip tray and housekeeping gap,"Clean area, fit drip tray, fix source of leak, place warning signage",Housekeeping checklist each shift; leak detection in daily round,Sneha Patil,Closed,7.2
INC-1645,2025-10-25 11:02,Operator S. Revathi,CMP-01,Utilities,CMP-01 (Air Compressor) coating uneven,"CMP-01 (Air Compressor) coating uneven, orange peel texture on panels Seen 2 times today. Line is running at reduced speed.",Process,High,Environment,Booth humidity and temperature outside spec; filter clogged,"Replace filters, adjust HVAC setpoints, re-coat affected parts",Add humidity/temperature alarm; filter change interval in PM plan,Priya Menon,Closed,6.1
INC-1646,2025-10-25 16:52,Shift In-charge R. Nandini,CNV-01,Line-C,Control panel of CNV-01 (Conveyor Belt) shows undervoltage alarm,control panel of CNV-01 (Conveyor Belt) shows undervoltage alarm Happened during night shift. Big scrap pile building up.,Electrical,High,Environment,Unstable supply voltage during peak load; no voltage stabilizer on control circuit,"Install stabilizer/UPS on control circuit, tighten incoming terminals",Power quality monitoring on feeder; load balancing across shifts,Divya S,Closed,6.1
INC-1647,2025-10-25 22:30,Shift In-charge R. Nandini,CNV-02,Line-C,CNV-02 (Conveyor Belt) belt slipping and product jerking on the line,Reported by operator: cnv-02 (conveyor belt) belt slipping and product jerking on the line Big scrap pile building up.,Mechanical,High,Method,Belt tension not checked after last maintenance; no standard tension procedure,"Re-tension and align belt, replace frayed section",Create SOP with tension measurement values; add post-maintenance verification step,Ravi Kumar,Closed,7.9
INC-1648,2025-10-25 23:17,Operator A. Raj,ASM-01,Line-E,ASM-01 (Assembly Station) HMI shows communication error with PLC,FYI - ASM-01 (Assembly Station) HMI shows communication error with PLC Output down slightly.,Automation,Medium,Machine,Firmware mismatch after last update and weak network cable between HMI and PLC,"Reflash correct firmware, replace network cable, verify communication",Change-control for firmware updates with rollback plan; periodic network health test,Anita Sharma,Closed,14.4
INC-1649,2025-10-26 00:45,Operator A. Raj,ASM-01,Line-E,Weld porosity found in samples from ASM-01 (Assembly Station),weld porosity found in samples from ASM-01 (Assembly Station) Not first time. Big scrap pile building up.,Quality,High,Material,Shielding gas contamination and moisture in wire spool,"Replace gas cylinder and wire spool, re-weld and re-test affected parts",Store wire in dry cabinet; gas purity check on cylinder receipt,Shivani,Closed,7.1
INC-1650,2025-10-26 03:18,Supervisor R. Kavitha,PNT-01,Line-E,PNT-01 (Paint Booth) making loud grinding noise from spindle area,"PNT-01 (Paint Booth) making loud grinding noise from spindle area Minor, running normally.",Mechanical,Low,Machine,Bearing wear due to inadequate lubrication over multiple shifts,"Replace worn bearing, re-grease and realign shaft, run 30-min trial",Add bearing lubrication to weekly PM checklist; install vibration sensor with alert threshold,Ravi Kumar,Closed,16.8
INC-1651,2025-10-27 19:33,Operator S. Lakshmi,CNC-02,Line-A,Dimension rejection from CNC-02 (CNC Lathe) batch,"URGENT: dimension rejection from cnc-02 (cnc lathe) batch, gauge reading above limit Minor, running normally.",Quality,Medium,Measurement,Gauge out of calibration and tool offset not updated after tool change,"Recalibrate gauge, reset tool offset, re-inspect last batch and quarantine suspects",Calibration schedule tracked in system; mandatory first-piece inspection after tool change,Meena Iyer,Closed,21.7
INC-1652,2025-10-27 22:58,Operator T. Mary,PRS-01,Line-B,PRS-01 (Hydraulic Press) tripped on overload,"PRS-01 (Hydraulic Press) tripped on overload, motor hot to touch Seen 2 times today. Shipment on hold, customer escalation.",Electrical,Critical,Machine,Motor winding insulation degraded causing high current draw,"Replace motor, verify current draw within rated limits",Quarterly insulation resistance test; thermal imaging scan in PM schedule,Anita Sharma,Closed,3.0
INC-1653,2025-10-28 04:15,Operator M. Pooja,PRS-02,Line-B,Proximity sensor on PRS-02 (Stamping Press) giving intermittent signal,FYI - proximity sensor on PRS-02 (Stamping Press) giving intermittent signal Production affected.,Electrical,High,Machine,Loose connector and damaged cable insulation at sensor due to vibration,"Re-terminate connector, replace damaged cable, secure with clamps",Use vibration-rated connectors; add cable routing check to monthly inspection,Shivani,Closed,11.1
INC-1654,2025-10-28 17:27,Operator S. Lakshmi,CNV-01,Line-C,Metal grinding sound coming from CNV-01 (Conveyor Belt) drive section,URGENT: metal grinding sound coming from CNV-01 (Conveyor Belt) drive section Started after lunch break. Entire line down.,Mechanical,Critical,Machine,Bearing wear due to inadequate lubrication over multiple shifts,"Replace worn bearing, re-grease and realign shaft, run 30-min trial",Add bearing lubrication to weekly PM checklist; install vibration sensor with alert threshold,Ravi Kumar,Closed,3.5
INC-1655,2025-10-29 05:07,Operator M. Pooja,CNC-02,Line-A,Operator minor injury,FYI - operator minor injury - slipped near CNC-02 (CNC Lathe) on spilled coolant Output down slightly.,Safety,Medium,Environment,Coolant/oil leak not cleaned promptly; no drip tray and housekeeping gap,"Clean area, fit drip tray, fix source of leak, place warning signage",Housekeeping checklist each shift; leak detection in daily round,Sneha Patil,Closed,23.0
INC-1656,2025-10-29 14:33,Shift In-charge R. Nandini,CNV-02,Line-C,Production slow at CNV-02 (Conveyor Belt),"Pls check: production slow at CNV-02 (Conveyor Belt), frequent waiting between steps Please check asap. Cosmetic only, can wait for planned maintenance.",Process,Low,Method,Changeover steps not standardized; operators using different sequences,Time-study the sequence and publish standard work for changeover,SMED workshop; visual work instruction at station; monthly process audit,Ravi Kumar,Closed,30.4
INC-1657,2025-10-30 11:16,Operator A. Raj,CNC-02,Line-A,Paint thickness inconsistent on parts from CNC-02 (CNC Lathe),URGENT: paint thickness inconsistent on parts from CNC-02 (CNC Lathe) Production affected.,Process,Medium,Environment,Booth humidity and temperature outside spec; filter clogged,"Replace filters, adjust HVAC setpoints, re-coat affected parts",Add humidity/temperature alarm; filter change interval in PM plan,Meena Iyer,Closed,24.1
INC-1658,2025-10-30 20:08,Shift In-charge R. Nandini,CNV-02,Line-C,Burning smell from electrical panel of CNV-02 (Conveyor Belt),FYI - burning smell from electrical panel of CNV-02 (Conveyor Belt) Started after lunch break. Some rework needed.,Safety,High,Machine,Undersized cable and loose lug causing overheating under load,"Isolate power, replace cable with correct rating, tighten and torque-mark lugs",Thermography survey of panels every quarter; cable sizing review on any load addition,Sneha Patil,Closed,5.8
INC-1659,2025-10-31 09:19,Operator A. Raj,CMP-01,Utilities,Customer complaint: scratch marks on finished parts from CMP-01 (Air Compressor),customer complaint: scratch marks on finished parts from CMP-01 (Air Compressor) line Line is running at reduced speed.,Quality,Medium,Method,Parts contacting each other during handling due to missing separators in trolley,"Sort and rework affected lot, add separators to trolley",Update handling work instruction; add visual check at station exit,Shivani,Closed,15.6
INC-1660,2025-10-31 21:49,Shift In-charge R. Nandini,PNT-01,Line-E,Emergency stop on PNT-01 (Paint Booth) not responding during test,"emergency stop on PNT-01 (Paint Booth) not responding during test Not first time. Shipment on hold, customer escalation.",Safety,Critical,Man,Guard removed during maintenance and not refitted; no sign-off before restart,"Refit guard, restore interlock, retest e-stop, counsel involved personnel",Lockout-tagout with restart sign-off checklist; periodic safety audit and retraining,Sneha Patil,Closed,2.4
INC-1661,2025-11-01 02:22,Supervisor R. Kavitha,CNC-02,Line-A,CNC-02 (CNC Lathe) tripped on overload,"URGENT: CNC-02 (CNC Lathe) tripped on overload, motor hot to touch Please check asap. Throughput down by half.",Electrical,High,Machine,Motor winding insulation degraded causing high current draw,"Replace motor, verify current draw within rated limits",Quarterly insulation resistance test; thermal imaging scan in PM schedule,Anita Sharma,Closed,5.6
INC-1662,2025-11-01 14:20,Operator A. Raj,ASM-01,Line-E,Overheating cable observed at ASM-01 (Assembly Station),"URGENT: overheating cable observed at ASM-01 (Assembly Station), insulation discoloured Started after lunch break. Machine stopped, no backup available.",Safety,Critical,Machine,Undersized cable and loose lug causing overheating under load,"Isolate power, replace cable with correct rating, tighten and torque-mark lugs",Thermography survey of panels every quarter; cable sizing review on any load addition,Ravi Kumar,Closed,5.4
INC-1663,2025-11-02 07:16,Operator S. Revathi,PNT-01,Line-E,Slip hazard reported around PNT-01 (Paint Booth),"FYI - slip hazard reported around pnt-01 (paint booth), floor wet and oily Happened during night shift. Line stopped intermittently.",Safety,High,Environment,Coolant/oil leak not cleaned promptly; no drip tray and housekeeping gap,"Clean area, fit drip tray, fix source of leak, place warning signage",Housekeeping checklist each shift; leak detection in daily round,Sneha Patil,Closed,5.5
INC-1664,2025-11-02 12:48,Supervisor R. Kavitha,CNV-02,Line-C,Proximity sensor on CNV-02 (Conveyor Belt) giving intermittent signal,"Reported by operator: proximity sensor on CNV-02 (Conveyor Belt) giving intermittent signal Not first time. Cosmetic only, can wait for planned maintenance.",Electrical,Low,Machine,Loose connector and damaged cable insulation at sensor due to vibration,"Re-terminate connector, replace damaged cable, secure with clamps",Use vibration-rated connectors; add cable routing check to monthly inspection,Anita Sharma,Closed,35.2
INC-1665,2025-11-02 15:31,Operator T. Mary,PKG-01,Line-F,Customer complaint: scratch marks on finished parts from PKG-01 (Packaging Unit),customer complaint: scratch marks on finished parts from PKG-01 (Packaging Unit) line No impact on output.,Quality,Low,Method,Parts contacting each other during handling due to missing separators in trolley,"Sort and rework affected lot, add separators to trolley",Update handling work instruction; add visual check at station exit,Meena Iyer,Closed,22.5
INC-1666,2025-11-03 13:28,Line Lead A. Swathi,CNC-02,Line-A,CNC-02 (CNC Lathe) HMI shows communication error with PLC,FYI - cnc-02 (cnc lathe) hmi shows communication error with plc Some rework needed.,Automation,Medium,Machine,Firmware mismatch after last update and weak network cable between HMI and PLC,"Reflash correct firmware, replace network cable, verify communication",Change-control for firmware updates with rollback plan; periodic network health test,Anita Sharma,Closed,23.2
INC-1667,2025-11-03 14:07,Operator A. Raj,PKG-01,Line-F,PKG-01 (Packaging Unit) vision system rejecting good parts,PKG-01 (Packaging Unit) vision system rejecting good parts Please check asap. Line is running at reduced speed.,Automation,Medium,Method,Robot TCP not re-calibrated after collision/e-stop recovery; no recovery procedure,"Re-teach TCP and vision calibration, validate with test pieces",Document post-e-stop recovery SOP; add calibration check to start-of-shift routine,Deepa Nair,Closed,26.6
INC-1668,2025-11-04 13:33,Operator S. Lakshmi,CNV-01,Line-C,Motor of CNV-01 (Conveyor Belt) keeps tripping breaker after 10 minutes of runni,FYI - motor of CNV-01 (Conveyor Belt) keeps tripping breaker after 10 minutes of running Seen 2 times today. Line is running at reduced speed.,Electrical,Medium,Machine,Motor winding insulation degraded causing high current draw,"Replace motor, verify current draw within rated limits",Quarterly insulation resistance test; thermal imaging scan in PM schedule,Deepa Nair,Closed,19.4
INC-1669,2025-11-04 20:46,Operator S. Lakshmi,PRS-02,Line-B,Control panel of PRS-02 (Stamping Press) shows undervoltage alarm,control panel of PRS-02 (Stamping Press) shows undervoltage alarm Not first time. Line is running at reduced speed.,Electrical,Medium,Environment,Unstable supply voltage during peak load; no voltage stabilizer on control circuit,"Install stabilizer/UPS on control circuit, tighten incoming terminals",Power quality monitoring on feeder; load balancing across shifts,Divya S,Closed,23.0
INC-1670,2025-11-05 13:55,Operator M. Pooja,PRS-01,Line-B,PRS-01 (Hydraulic Press) vision system rejecting good parts,PRS-01 (Hydraulic Press) vision system rejecting good parts Seen 2 times today.,Automation,Medium,Method,Robot TCP not re-calibrated after collision/e-stop recovery; no recovery procedure,"Re-teach TCP and vision calibration, validate with test pieces",Document post-e-stop recovery SOP; add calibration check to start-of-shift routine,Anita Sharma,Closed,19.2
INC-1671,2025-11-06 06:41,Operator T. Mary,PKG-01,Line-F,Near miss: operator slipped on oil near PKG-01 (Packaging Unit),near miss: operator slipped on oil near PKG-01 (Packaging Unit) Happened during night shift. Line stopped intermittently.,Safety,High,Environment,Coolant/oil leak not cleaned promptly; no drip tray and housekeeping gap,"Clean area, fit drip tray, fix source of leak, place warning signage",Housekeeping checklist each shift; leak detection in daily round,Ravi Kumar,Closed,5.0
INC-1672,2025-11-06 10:55,Supervisor R. Kavitha,WLD-01,Line-D,Wrong material grade supplied to WLD-01 (Welding Robot),URGENT: wrong material grade supplied to WLD-01 (Welding Robot) Seen 2 times today. Big scrap pile building up.,Process,High,Material,Kanban signal missed and supplier delivery schedule not aligned with production plan,"Expedite material, verify grade before loading",Revise reorder points; weekly supplier delivery review; incoming grade check,Divya S,Closed,6.4
INC-1673,2025-11-07 04:40,Operator S. Revathi,CMP-01,Utilities,Weld spatter and incomplete fusion seen on parts from CMP-01 (Air Compressor),"URGENT: weld spatter and incomplete fusion seen on parts from CMP-01 (Air Compressor) Shipment on hold, customer escalation.",Quality,Critical,Material,Shielding gas contamination and moisture in wire spool,"Replace gas cylinder and wire spool, re-weld and re-test affected parts",Store wire in dry cabinet; gas purity check on cylinder receipt,Shivani,Closed,5.1
INC-1674,2025-11-07 06:10,Operator M. Pooja,CNV-01,Line-C,Safety guard missing on CNV-01 (Conveyor Belt),"Pls check: safety guard missing on CNV-01 (Conveyor Belt), operator noticed during start of shift Machine stopped, no backup available.",Safety,Critical,Man,Guard removed during maintenance and not refitted; no sign-off before restart,"Refit guard, restore interlock, retest e-stop, counsel involved personnel",Lockout-tagout with restart sign-off checklist; periodic safety audit and retraining,Sneha Patil,Closed,3.8
INC-1675,2025-11-07 19:50,Line Lead A. Swathi,PNT-01,Line-E,Weld spatter and incomplete fusion seen on parts from PNT-01 (Paint Booth),FYI - weld spatter and incomplete fusion seen on parts from PNT-01 (Paint Booth) Seen 2 times today. Big scrap pile building up.,Quality,High,Material,Shielding gas contamination and moisture in wire spool,"Replace gas cylinder and wire spool, re-weld and re-test affected parts",Store wire in dry cabinet; gas purity check on cylinder receipt,Ravi Kumar,Closed,9.3
INC-1676,2025-11-08 08:23,Supervisor R. Kavitha,CMP-01,Utilities,Visual defect,visual defect - scratches and dents on parts after CMP-01 (Air Compressor) Line is running at reduced speed.,Quality,Medium,Method,Parts contacting each other during handling due to missing separators in trolley,"Sort and rework affected lot, add separators to trolley",Update handling work instruction; add visual check at station exit,Meena Iyer,Closed,14.3
INC-1677,2025-11-08 17:48,Shift In-charge R. Nandini,PKG-01,Line-F,Parts from PKG-01 (Packaging Unit) out of tolerance,"parts from PKG-01 (Packaging Unit) out of tolerance, diameter oversize by 0.05 mm Started after lunch break. Production affected.",Quality,Medium,Measurement,Gauge out of calibration and tool offset not updated after tool change,"Recalibrate gauge, reset tool offset, re-inspect last batch and quarantine suspects",Calibration schedule tracked in system; mandatory first-piece inspection after tool change,Meena Iyer,Closed,15.6
INC-1678,2025-11-10 18:26,Line Lead A. Swathi,PRS-01,Line-B,Weak weld joints detected in destructive test,"Pls check: weak weld joints detected in destructive test, PRS-01 (Hydraulic Press) Please check asap. No impact on output.",Quality,Low,Material,Shielding gas contamination and moisture in wire spool,"Replace gas cylinder and wire spool, re-weld and re-test affected parts",Store wire in dry cabinet; gas purity check on cylinder receipt,Meena Iyer,Closed,25.4
INC-1679,2025-11-12 04:39,Shift In-charge R. Nandini,PRS-02,Line-B,Unusual vibration and high-pitched noise on PRS-02 (Stamping Press) during run,FYI - unusual vibration and high-pitched noise on PRS-02 (Stamping Press) during run Not first time. Throughput down by half.,Mechanical,High,Machine,Bearing wear due to inadequate lubrication over multiple shifts,"Replace worn bearing, re-grease and realign shaft, run 30-min trial",Add bearing lubrication to weekly PM checklist; install vibration sensor with alert threshold,Ravi Kumar,Closed,9.6
INC-1680,2025-11-12 16:50,Operator M. Pooja,CMP-01,Utilities,Emergency stop on CMP-01 (Air Compressor) not responding during test,"emergency stop on CMP-01 (Air Compressor) not responding during test Person injured, first aid given.",Safety,Critical,Man,Guard removed during maintenance and not refitted; no sign-off before restart,"Refit guard, restore interlock, retest e-stop, counsel involved personnel",Lockout-tagout with restart sign-off checklist; periodic safety audit and retraining,Sneha Patil,Closed,3.4
INC-1681,2025-11-13 06:30,Line Lead A. Swathi,WLD-01,Line-D,Parts from WLD-01 (Welding Robot) out of tolerance,"FYI - parts from WLD-01 (Welding Robot) out of tolerance, diameter oversize by 0.05 mm Seen 2 times today. Output down slightly.",Quality,Medium,Measurement,Gauge out of calibration and tool offset not updated after tool change,"Recalibrate gauge, reset tool offset, re-inspect last batch and quarantine suspects",Calibration schedule tracked in system; mandatory first-piece inspection after tool change,Divya S,Closed,20.4
INC-1682,2025-11-13 13:45,Operator M. Pooja,PRS-02,Line-B,PLC fault code on PRS-02 (Stamping Press),"Pls check: PLC fault code on PRS-02 (Stamping Press), program halted Not first time. Throughput down by half.",Automation,High,Machine,Firmware mismatch after last update and weak network cable between HMI and PLC,"Reflash correct firmware, replace network cable, verify communication",Change-control for firmware updates with rollback plan; periodic network health test,Anita Sharma,Closed,10.2
INC-1683,2025-11-13 21:00,Supervisor R. Kavitha,PRS-01,Line-B,Surface scratches found on products from PRS-01 (Hydraulic Press),Pls check: surface scratches found on products from PRS-01 (Hydraulic Press) Some rework needed.,Quality,Medium,Method,Parts contacting each other during handling due to missing separators in trolley,"Sort and rework affected lot, add separators to trolley",Update handling work instruction; add visual check at station exit,Shivani,Closed,11.3
INC-1684,2025-11-14 03:49,Supervisor R. Kavitha,CNV-01,Line-C,Data from CNV-01 (Conveyor Belt) missing on dashboard since morning,Reported by operator: data from CNV-01 (Conveyor Belt) missing on dashboard since morning Please check asap. Production affected.,Automation,Medium,Measurement,Gateway service stopped after server patching; scanner lens dirty,"Restart and auto-enable gateway service, clean scanner, backfill missed counts",Service health monitoring with alerts; scanner cleaning in daily checklist,Deepa Nair,Closed,15.9
INC-1685,2025-11-14 22:28,Shift In-charge R. Nandini,CNC-01,Line-A,Near miss: operator slipped on oil near CNC-01 (CNC Milling Machine),near miss: operator slipped on oil near CNC-01 (CNC Milling Machine) Customer order at risk.,Safety,High,Environment,Coolant/oil leak not cleaned promptly; no drip tray and housekeeping gap,"Clean area, fit drip tray, fix source of leak, place warning signage",Housekeeping checklist each shift; leak detection in daily round,Ravi Kumar,Closed,9.6
INC-1686,2025-11-15 08:03,Operator M. Pooja,CNV-02,Line-C,Production slow at CNV-02 (Conveyor Belt),"URGENT: production slow at CNV-02 (Conveyor Belt), frequent waiting between steps Big scrap pile building up.",Process,High,Method,Changeover steps not standardized; operators using different sequences,Time-study the sequence and publish standard work for changeover,SMED workshop; visual work instruction at station; monthly process audit,Shivani,Closed,8.8
INC-1687,2025-11-15 12:22,Operator S. Lakshmi,CMP-01,Utilities,Burning smell from electrical panel of CMP-01 (Air Compressor),"URGENT: burning smell from electrical panel of CMP-01 (Air Compressor) Machine stopped, no backup available.",Safety,Critical,Machine,Undersized cable and loose lug causing overheating under load,"Isolate power, replace cable with correct rating, tighten and torque-mark lugs",Thermography survey of panels every quarter; cable sizing review on any load addition,Ravi Kumar,Closed,6.6
INC-1688,2025-11-15 15:02,Line Lead A. Swathi,CMP-01,Utilities,Weld spatter and incomplete fusion seen on parts from CMP-01 (Air Compressor),weld spatter and incomplete fusion seen on parts from CMP-01 (Air Compressor) Customer order at risk.,Quality,High,Material,Shielding gas contamination and moisture in wire spool,"Replace gas cylinder and wire spool, re-weld and re-test affected parts",Store wire in dry cabinet; gas purity check on cylinder receipt,Shivani,Closed,11.0
INC-1689,2025-11-16 00:29,Operator S. Lakshmi,WLD-02,Line-D,Control panel of WLD-02 (Welding Robot) shows undervoltage alarm,"control panel of WLD-02 (Welding Robot) shows undervoltage alarm Seen 2 times today. Person injured, first aid given.",Electrical,Critical,Environment,Unstable supply voltage during peak load; no voltage stabilizer on control circuit,"Install stabilizer/UPS on control circuit, tighten incoming terminals",Power quality monitoring on feeder; load balancing across shifts,Deepa Nair,Closed,3.9
INC-1690,2025-11-16 00:30,Supervisor R. Kavitha,WLD-02,Line-D,High rejection rate at WLD-02 (Welding Robot),FYI - high rejection rate at WLD-02 (Welding Robot) - dimensional mismatch found at inspection Please check asap. Line stopped intermittently.,Quality,Medium,Measurement,Gauge out of calibration and tool offset not updated after tool change,"Recalibrate gauge, reset tool offset, re-inspect last batch and quarantine suspects",Calibration schedule tracked in system; mandatory first-piece inspection after tool change,Meena Iyer,Closed,11.5
INC-1691,2025-11-16 04:07,Operator A. Raj,ASM-01,Line-E,Raw material shortage at ASM-01 (Assembly Station),"Pls check: raw material shortage at ASM-01 (Assembly Station), line waiting for feed Started after lunch break. Line is running at reduced speed.",Process,Medium,Material,Kanban signal missed and supplier delivery schedule not aligned with production plan,"Expedite material, verify grade before loading",Revise reorder points; weekly supplier delivery review; incoming grade check,Shivani,Closed,15.3
INC-1692,2025-11-17 00:26,Operator A. Raj,CNC-02,Line-A,CNC-02 (CNC Lathe) HMI shows communication error with PLC,URGENT: CNC-02 (CNC Lathe) HMI shows communication error with PLC Output down slightly.,Automation,Medium,Machine,Firmware mismatch after last update and weak network cable between HMI and PLC,"Reflash correct firmware, replace network cable, verify communication",Change-control for firmware updates with rollback plan; periodic network health test,Anita Sharma,Closed,14.4
INC-1693,2025-11-17 21:17,Line Lead A. Swathi,PKG-01,Line-F,PKG-01 (Packaging Unit) vision system rejecting good parts,PKG-01 (Packaging Unit) vision system rejecting good parts Seen 2 times today. Some rework needed.,Automation,Medium,Method,Robot TCP not re-calibrated after collision/e-stop recovery; no recovery procedure,"Re-teach TCP and vision calibration, validate with test pieces",Document post-e-stop recovery SOP; add calibration check to start-of-shift routine,Anita Sharma,Closed,17.4
INC-1694,2025-11-18 00:52,Operator S. Lakshmi,PRS-01,Line-B,Production slow at PRS-01 (Hydraulic Press),"production slow at PRS-01 (Hydraulic Press), frequent waiting between steps Seen 2 times today. Cosmetic only, can wait for planned maintenance.",Process,Medium,Method,Changeover steps not standardized; operators using different sequences,Time-study the sequence and publish standard work for changeover,SMED workshop; visual work instruction at station; monthly process audit,Shivani,Closed,11.0
INC-1695,2025-11-18 12:54,Operator T. Mary,WLD-02,Line-D,Overcurrent fault on WLD-02 (Welding Robot) drive,"Pls check: overcurrent fault on WLD-02 (Welding Robot) drive, restart fails Not first time. Output down slightly.",Electrical,Medium,Machine,Motor winding insulation degraded causing high current draw,"Replace motor, verify current draw within rated limits",Quarterly insulation resistance test; thermal imaging scan in PM schedule,Deepa Nair,Closed,18.9
INC-1696,2025-11-18 15:34,Shift In-charge R. Nandini,CNV-01,Line-C,CNV-01 (Conveyor Belt) belt slipping and product jerking on the line,CNV-01 (Conveyor Belt) belt slipping and product jerking on the line Happened during night shift. Output down slightly.,Mechanical,Medium,Method,Belt tension not checked after last maintenance; no standard tension procedure,"Re-tension and align belt, replace frayed section",Create SOP with tension measurement values; add post-maintenance verification step,Ravi Kumar,Closed,20.6
INC-1697,2025-11-19 22:23,Shift In-charge R. Nandini,CMP-01,Utilities,CMP-01 (Air Compressor) bearing sounds rough,"Reported by operator: CMP-01 (Air Compressor) bearing sounds rough, temperature rising near motor end Happened during night shift. Production affected.",Mechanical,Medium,Machine,Bearing wear due to inadequate lubrication over multiple shifts,"Replace worn bearing, re-grease and realign shaft, run 30-min trial",Add bearing lubrication to weekly PM checklist; install vibration sensor with alert threshold,Priya Menon,Closed,31.3
INC-1698,2025-11-20 16:45,Operator A. Raj,PRS-02,Line-B,PRS-02 (Stamping Press) PLC rebooting randomly,"prs-02 (stamping press) plc rebooting randomly, panel lights flicker Started after lunch break.",Electrical,High,Environment,Unstable supply voltage during peak load; no voltage stabilizer on control circuit,"Install stabilizer/UPS on control circuit, tighten incoming terminals",Power quality monitoring on feeder; load balancing across shifts,Divya S,Closed,9.0
INC-1699,2025-11-20 17:03,Operator S. Lakshmi,WLD-02,Line-D,WLD-02 (Welding Robot) tripped on overload,"Reported by operator: WLD-02 (Welding Robot) tripped on overload, motor hot to touch No impact on output.",Electrical,Low,Machine,Motor winding insulation degraded causing high current draw,"Replace motor, verify current draw within rated limits",Quarterly insulation resistance test; thermal imaging scan in PM schedule,Anita Sharma,Closed,43.0
INC-1700,2025-11-21 21:58,Operator M. Pooja,PKG-01,Line-F,Weak weld joints detected in destructive test,"Pls check: weak weld joints detected in destructive test, PKG-01 (Packaging Unit) Please check asap. Output down slightly.",Quality,Medium,Material,Shielding gas contamination and moisture in wire spool,"Replace gas cylinder and wire spool, re-weld and re-test affected parts",Store wire in dry cabinet; gas purity check on cylinder receipt,Shivani,Closed,10.2
INC-1701,2025-11-22 03:30,Supervisor R. Kavitha,PRS-02,Line-B,Belt on PRS-02 (Stamping Press) misaligned and edge fraying,FYI - belt on prs-02 (stamping press) misaligned and edge fraying Production affected.,Mechanical,Medium,Method,Belt tension not checked after last maintenance; no standard tension procedure,"Re-tension and align belt, replace frayed section",Create SOP with tension measurement values; add post-maintenance verification step,Divya S,Closed,21.2
INC-1702,2025-11-22 05:21,Operator M. Pooja,CNV-01,Line-C,Production slow at CNV-01 (Conveyor Belt),"Pls check: production slow at CNV-01 (Conveyor Belt), frequent waiting between steps Not first time. Minor, running normally.",Process,Low,Method,Changeover steps not standardized; operators using different sequences,Time-study the sequence and publish standard work for changeover,SMED workshop; visual work instruction at station; monthly process audit,Sneha Patil,Closed,28.7
INC-1703,2025-11-22 23:37,Operator T. Mary,CNV-02,Line-C,Emergency stop on CNV-02 (Conveyor Belt) not responding during test,emergency stop on CNV-02 (Conveyor Belt) not responding during test Please check asap. Throughput down by half.,Safety,High,Man,Guard removed during maintenance and not refitted; no sign-off before restart,"Refit guard, restore interlock, retest e-stop, counsel involved personnel",Lockout-tagout with restart sign-off checklist; periodic safety audit and retraining,Sneha Patil,Closed,12.1
INC-1704,2025-11-23 01:53,Line Lead A. Swathi,CMP-01,Utilities,Calibration lost on CMP-01 (Air Compressor) robot after emergency stop,FYI - calibration lost on CMP-01 (Air Compressor) robot after emergency stop Line stopped intermittently.,Automation,Critical,Method,Robot TCP not re-calibrated after collision/e-stop recovery; no recovery procedure,"Re-teach TCP and vision calibration, validate with test pieces",Document post-e-stop recovery SOP; add calibration check to start-of-shift routine,Deepa Nair,Closed,3.1
INC-1705,2025-11-23 18:23,Operator T. Mary,PKG-01,Line-F,Calibration lost on PKG-01 (Packaging Unit) robot after emergency stop,Pls check: calibration lost on PKG-01 (Packaging Unit) robot after emergency stop Happened during night shift.,Automation,High,Method,Robot TCP not re-calibrated after collision/e-stop recovery; no recovery procedure,"Re-teach TCP and vision calibration, validate with test pieces",Document post-e-stop recovery SOP; add calibration check to start-of-shift routine,Anita Sharma,Closed,6.7
INC-1706,2025-11-23 22:17,Operator A. Raj,PRS-01,Line-B,Near miss: operator slipped on oil near PRS-01 (Hydraulic Press),FYI - near miss: operator slipped on oil near PRS-01 (Hydraulic Press) Please check asap. Entire line down.,Safety,Critical,Environment,Coolant/oil leak not cleaned promptly; no drip tray and housekeeping gap,"Clean area, fit drip tray, fix source of leak, place warning signage",Housekeeping checklist each shift; leak detection in daily round,Sneha Patil,Closed,4.3
INC-1707,2025-11-23 23:51,Operator A. Raj,ASM-01,Line-E,Dimension rejection from ASM-01 (Assembly Station) batch,"Pls check: dimension rejection from ASM-01 (Assembly Station) batch, gauge reading above limit Started after lunch break. Throughput down by half.",Quality,High,Measurement,Gauge out of calibration and tool offset not updated after tool change,"Recalibrate gauge, reset tool offset, re-inspect last batch and quarantine suspects",Calibration schedule tracked in system; mandatory first-piece inspection after tool change,Shivani,Closed,4.1
INC-1708,2025-11-24 00:52,Operator A. Raj,PKG-01,Line-F,Burning smell from electrical panel of PKG-01 (Packaging Unit),"burning smell from electrical panel of PKG-01 (Packaging Unit) Seen 2 times today. Shipment on hold, customer escalation.",Safety,High,Machine,Undersized cable and loose lug causing overheating under load,"Isolate power, replace cable with correct rating, tighten and torque-mark lugs",Thermography survey of panels every quarter; cable sizing review on any load addition,Ravi Kumar,Closed,11.4
INC-1709,2025-11-24 20:20,Operator S. Lakshmi,ASM-01,Line-E,ASM-01 (Assembly Station) coating uneven,"URGENT: ASM-01 (Assembly Station) coating uneven, orange peel texture on panels Not first time. Line is running at reduced speed.",Process,Medium,Environment,Booth humidity and temperature outside spec; filter clogged,"Replace filters, adjust HVAC setpoints, re-coat affected parts",Add humidity/temperature alarm; filter change interval in PM plan,Sneha Patil,Closed,15.0
INC-1710,2025-11-25 01:33,Operator S. Lakshmi,PRS-02,Line-B,Interlock on PRS-02 (Stamping Press) door bypassed with tape,Pls check: interlock on PRS-02 (Stamping Press) door bypassed with tape Seen 2 times today. Big scrap pile building up.,Safety,High,Man,Guard removed during maintenance and not refitted; no sign-off before restart,"Refit guard, restore interlock, retest e-stop, counsel involved personnel",Lockout-tagout with restart sign-off checklist; periodic safety audit and retraining,Ravi Kumar,Closed,11.1
INC-1711,2025-11-25 02:58,Shift In-charge R. Nandini,CNV-01,Line-C,Production slow at CNV-01 (Conveyor Belt),"Pls check: production slow at CNV-01 (Conveyor Belt), frequent waiting between steps Seen 2 times today. Cosmetic only, can wait for planned maintenance.",Process,Low,Method,Changeover steps not standardized; operators using different sequences,Time-study the sequence and publish standard work for changeover,SMED workshop; visual work instruction at station; monthly process audit,Sneha Patil,Closed,56.8
INC-1712,2025-11-25 15:38,Shift In-charge R. Nandini,CNC-01,Line-A,Near miss: operator slipped on oil near CNC-01 (CNC Milling Machine),near miss: operator slipped on oil near CNC-01 (CNC Milling Machine),Safety,High,Environment,Coolant/oil leak not cleaned promptly; no drip tray and housekeeping gap,"Clean area, fit drip tray, fix source of leak, place warning signage",Housekeeping checklist each shift; leak detection in daily round,Ravi Kumar,Closed,8.5
INC-1713,2025-11-25 20:32,Operator S. Lakshmi,CNV-01,Line-C,Oil leak at hose joint of CNV-01 (Conveyor Belt),"Pls check: oil leak at hose joint of CNV-01 (Conveyor Belt), machine slow to respond Customer order at risk.",Mechanical,High,Material,Hydraulic seal degraded due to age and use of non-spec seal material,"Replace seal and hose with OEM-spec parts, top up and bleed hydraulic oil",Define seal replacement interval; stock only OEM-approved spares; add leak inspection to daily round,Divya S,Closed,10.0
INC-1714,2025-11-27 03:58,Operator S. Revathi,PRS-01,Line-B,High rejection rate at PRS-01 (Hydraulic Press),high rejection rate at PRS-01 (Hydraulic Press) - dimensional mismatch found at inspection Happened during night shift. Big scrap pile building up.,Quality,High,Measurement,Gauge out of calibration and tool offset not updated after tool change,"Recalibrate gauge, reset tool offset, re-inspect last batch and quarantine suspects",Calibration schedule tracked in system; mandatory first-piece inspection after tool change,Meena Iyer,Closed,10.7
INC-1715,2025-11-28 15:04,Operator S. Lakshmi,WLD-01,Line-D,Belt on WLD-01 (Welding Robot) misaligned and edge fraying,belt on WLD-01 (Welding Robot) misaligned and edge fraying Happened during night shift. Output down slightly.,Mechanical,Medium,Method,Belt tension not checked after last maintenance; no standard tension procedure,"Re-tension and align belt, replace frayed section",Create SOP with tension measurement values; add post-maintenance verification step,Divya S,Closed,24.4
INC-1716,2025-11-29 00:08,Operator S. Lakshmi,CNC-01,Line-A,CNC-01 (CNC Milling Machine) belt slipping and product jerking on the line,URGENT: CNC-01 (CNC Milling Machine) belt slipping and product jerking on the line Customer order at risk.,Mechanical,High,Method,Belt tension not checked after last maintenance; no standard tension procedure,"Re-tension and align belt, replace frayed section",Create SOP with tension measurement values; add post-maintenance verification step,Divya S,Closed,9.8
INC-1717,2025-11-29 01:36,Operator M. Pooja,CNC-01,Line-A,CNC-01 (CNC Milling Machine) PLC rebooting randomly,"CNC-01 (CNC Milling Machine) PLC rebooting randomly, panel lights flicker Please check asap. Customer order at risk.",Electrical,Medium,Environment,Unstable supply voltage during peak load; no voltage stabilizer on control circuit,"Install stabilizer/UPS on control circuit, tighten incoming terminals",Power quality monitoring on feeder; load balancing across shifts,Anita Sharma,Closed,21.3
INC-1718,2025-11-29 15:56,Supervisor R. Kavitha,CNV-01,Line-C,Weld spatter and incomplete fusion seen on parts from CNV-01 (Conveyor Belt),"weld spatter and incomplete fusion seen on parts from CNV-01 (Conveyor Belt) Started after lunch break. Machine stopped, no backup available.",Quality,Critical,Material,Shielding gas contamination and moisture in wire spool,"Replace gas cylinder and wire spool, re-weld and re-test affected parts",Store wire in dry cabinet; gas purity check on cylinder receipt,Shivani,Closed,3.7
INC-1719,2025-11-29 21:19,Operator S. Lakshmi,PNT-01,Line-E,High rejection rate at PNT-01 (Paint Booth),URGENT: high rejection rate at PNT-01 (Paint Booth) - dimensional mismatch found at inspection Please check asap. Line stopped intermittently.,Quality,High,Measurement,Gauge out of calibration and tool offset not updated after tool change,"Recalibrate gauge, reset tool offset, re-inspect last batch and quarantine suspects",Calibration schedule tracked in system; mandatory first-piece inspection after tool change,Meena Iyer,Closed,5.3
INC-1720,2025-12-01 03:19,Operator T. Mary,PRS-02,Line-B,Visual defect,visual defect - scratches and dents on parts after PRS-02 (Stamping Press),Quality,High,Method,Parts contacting each other during handling due to missing separators in trolley,"Sort and rework affected lot, add separators to trolley",Update handling work instruction; add visual check at station exit,Shivani,Closed,12.2
INC-1721,2025-12-01 07:38,Operator T. Mary,PKG-01,Line-F,PKG-01 (Packaging Unit) drive belt tension low,"Reported by operator: PKG-01 (Packaging Unit) drive belt tension low, intermittent stops Not first time. Line is running at reduced speed.",Mechanical,Low,Method,Belt tension not checked after last maintenance; no standard tension procedure,"Re-tension and align belt, replace frayed section",Create SOP with tension measurement values; add post-maintenance verification step,Deepa Nair,Closed,30.2
INC-1722,2025-12-01 21:45,Supervisor R. Kavitha,CNC-01,Line-A,CNC-01 (CNC Milling Machine) PLC rebooting randomly,"FYI - CNC-01 (CNC Milling Machine) PLC rebooting randomly, panel lights flicker Started after lunch break. Person injured, first aid given.",Electrical,Critical,Environment,Unstable supply voltage during peak load; no voltage stabilizer on control circuit,"Install stabilizer/UPS on control circuit, tighten incoming terminals",Power quality monitoring on feeder; load balancing across shifts,Divya S,Closed,2.6
INC-1723,2025-12-02 06:04,Operator S. Lakshmi,CMP-01,Utilities,Safety guard missing on CMP-01 (Air Compressor),"FYI - safety guard missing on CMP-01 (Air Compressor), operator noticed during start of shift Machine stopped, no backup available.",Safety,Critical,Man,Guard removed during maintenance and not refitted; no sign-off before restart,"Refit guard, restore interlock, retest e-stop, counsel involved personnel",Lockout-tagout with restart sign-off checklist; periodic safety audit and retraining,Ravi Kumar,Closed,5.6
INC-1724,2025-12-02 13:26,Operator S. Revathi,CNC-02,Line-A,Visual defect,FYI - visual defect - scratches and dents on parts after CNC-02 (CNC Lathe) Output down slightly.,Quality,Medium,Method,Parts contacting each other during handling due to missing separators in trolley,"Sort and rework affected lot, add separators to trolley",Update handling work instruction; add visual check at station exit,Shivani,Closed,28.7
INC-1725,2025-12-03 01:04,Operator M. Pooja,PRS-01,Line-B,PRS-01 (Hydraulic Press) HMI shows communication error with PLC,PRS-01 (Hydraulic Press) HMI shows communication error with PLC Line stopped intermittently.,Automation,High,Machine,Firmware mismatch after last update and weak network cable between HMI and PLC,"Reflash correct firmware, replace network cable, verify communication",Change-control for firmware updates with rollback plan; periodic network health test,Priya Menon,Closed,9.5
INC-1726,2025-12-03 07:10,Supervisor R. Kavitha,CMP-01,Utilities,CMP-01 (Air Compressor) sensor not detecting parts,"CMP-01 (Air Compressor) sensor not detecting parts, line stops randomly Happened during night shift. Some rework needed.",Electrical,Medium,Machine,Loose connector and damaged cable insulation at sensor due to vibration,"Re-terminate connector, replace damaged cable, secure with clamps",Use vibration-rated connectors; add cable routing check to monthly inspection,Anita Sharma,Closed,12.3
INC-1727,2025-12-03 11:20,Operator A. Raj,CNV-02,Line-C,Data from CNV-02 (Conveyor Belt) missing on dashboard since morning,Reported by operator: data from CNV-02 (Conveyor Belt) missing on dashboard since morning Output down slightly.,Automation,Medium,Measurement,Gateway service stopped after server patching; scanner lens dirty,"Restart and auto-enable gateway service, clean scanner, backfill missed counts",Service health monitoring with alerts; scanner cleaning in daily checklist,Meena Iyer,Closed,22.6
INC-1728,2025-12-03 22:10,Shift In-charge R. Nandini,CNV-02,Line-C,Interlock on CNV-02 (Conveyor Belt) door bypassed with tape,interlock on CNV-02 (Conveyor Belt) door bypassed with tape Production affected.,Safety,Medium,Man,Guard removed during maintenance and not refitted; no sign-off before restart,"Refit guard, restore interlock, retest e-stop, counsel involved personnel",Lockout-tagout with restart sign-off checklist; periodic safety audit and retraining,Ravi Kumar,Closed,24.7
INC-1729,2025-12-03 23:56,Line Lead A. Swathi,PRS-01,Line-B,Cycle time on PRS-01 (Hydraulic Press) increased by 15 percent this week,FYI - cycle time on PRS-01 (Hydraulic Press) increased by 15 percent this week Please check asap.,Process,Medium,Method,Changeover steps not standardized; operators using different sequences,Time-study the sequence and publish standard work for changeover,SMED workshop; visual work instruction at station; monthly process audit,Sneha Patil,Closed,15.3
INC-1730,2025-12-04 04:39,Operator S. Lakshmi,PNT-01,Line-E,Robot on PNT-01 (Paint Booth) stopped with servo alarm,robot on PNT-01 (Paint Booth) stopped with servo alarm Line is running at reduced speed.,Automation,Medium,Machine,Firmware mismatch after last update and weak network cable between HMI and PLC,"Reflash correct firmware, replace network cable, verify communication",Change-control for firmware updates with rollback plan; periodic network health test,Anita Sharma,Closed,11.1
INC-1731,2025-12-04 23:03,Operator M. Pooja,CMP-01,Utilities,CMP-01 (Air Compressor) HMI shows communication error with PLC,Reported by operator: CMP-01 (Air Compressor) HMI shows communication error with PLC Seen 2 times today. Entire line down.,Automation,Critical,Machine,Firmware mismatch after last update and weak network cable between HMI and PLC,"Reflash correct firmware, replace network cable, verify communication",Change-control for firmware updates with rollback plan; periodic network health test,Divya S,Closed,4.1
INC-1732,2025-12-05 12:10,Operator S. Revathi,WLD-01,Line-D,WLD-01 (Welding Robot) pressure dropping,"Pls check: WLD-01 (Welding Robot) pressure dropping, oil seen near cylinder Seen 2 times today. Line stopped intermittently.",Mechanical,High,Material,Hydraulic seal degraded due to age and use of non-spec seal material,"Replace seal and hose with OEM-spec parts, top up and bleed hydraulic oil",Define seal replacement interval; stock only OEM-approved spares; add leak inspection to daily round,Priya Menon,Closed,8.8
INC-1733,2025-12-05 20:28,Operator A. Raj,ASM-01,Line-E,Paint thickness inconsistent on parts from ASM-01 (Assembly Station),Reported by operator: paint thickness inconsistent on parts from ASM-01 (Assembly Station) Started after lunch break. Big scrap pile building up.,Process,Medium,Environment,Booth humidity and temperature outside spec; filter clogged,"Replace filters, adjust HVAC setpoints, re-coat affected parts",Add humidity/temperature alarm; filter change interval in PM plan,Sneha Patil,Closed,13.7
INC-1734,2025-12-06 09:59,Operator T. Mary,CMP-01,Utilities,MES not receiving production count from CMP-01 (Air Compressor),MES not receiving production count from CMP-01 (Air Compressor) Not first time. Some rework needed.,Automation,Medium,Measurement,Gateway service stopped after server patching; scanner lens dirty,"Restart and auto-enable gateway service, clean scanner, backfill missed counts",Service health monitoring with alerts; scanner cleaning in daily checklist,Anita Sharma,Closed,20.8
INC-1735,2025-12-06 16:16,Line Lead A. Swathi,CNV-01,Line-C,Barcode scanner at CNV-01 (Conveyor Belt) failing to read labels,FYI - barcode scanner at CNV-01 (Conveyor Belt) failing to read labels Started after lunch break. Big scrap pile building up.,Automation,High,Measurement,Gateway service stopped after server patching; scanner lens dirty,"Restart and auto-enable gateway service, clean scanner, backfill missed counts",Service health monitoring with alerts; scanner cleaning in daily checklist,Anita Sharma,Closed,8.8
INC-1736,2025-12-06 19:31,Line Lead A. Swathi,CNV-02,Line-C,Surface scratches found on products from CNV-02 (Conveyor Belt),Reported by operator: surface scratches found on products from CNV-02 (Conveyor Belt) Seen 2 times today. Output down slightly.,Quality,Medium,Method,Parts contacting each other during handling due to missing separators in trolley,"Sort and rework affected lot, add separators to trolley",Update handling work instruction; add visual check at station exit,Shivani,Closed,12.9
INC-1737,2025-12-06 22:10,Operator S. Revathi,PNT-01,Line-E,Control panel of PNT-01 (Paint Booth) shows undervoltage alarm,control panel of PNT-01 (Paint Booth) shows undervoltage alarm Entire line down.,Electrical,Critical,Environment,Unstable supply voltage during peak load; no voltage stabilizer on control circuit,"Install stabilizer/UPS on control circuit, tighten incoming terminals",Power quality monitoring on feeder; load balancing across shifts,Divya S,Closed,3.5
INC-1738,2025-12-06 23:58,Operator A. Raj,PRS-01,Line-B,Near miss: operator slipped on oil near PRS-01 (Hydraulic Press),URGENT: near miss: operator slipped on oil near PRS-01 (Hydraulic Press) Seen 2 times today. Customer order at risk.,Safety,High,Environment,Coolant/oil leak not cleaned promptly; no drip tray and housekeeping gap,"Clean area, fit drip tray, fix source of leak, place warning signage",Housekeeping checklist each shift; leak detection in daily round,Ravi Kumar,Closed,6.6
INC-1739,2025-12-07 03:47,Supervisor R. Kavitha,CNC-01,Line-A,Customer complaint: scratch marks on finished parts from CNC-01 (CNC Milling Mac,URGENT: customer complaint: scratch marks on finished parts from CNC-01 (CNC Milling Machine) line Throughput down by half.,Quality,High,Method,Parts contacting each other during handling due to missing separators in trolley,"Sort and rework affected lot, add separators to trolley",Update handling work instruction; add visual check at station exit,Meena Iyer,Closed,8.8
INC-1740,2025-12-07 04:50,Line Lead A. Swathi,PRS-01,Line-B,Power supply voltage fluctuation,"power supply voltage fluctuation, PRS-01 (Hydraulic Press) control panel resetting Started after lunch break. Entire line down.",Electrical,Critical,Environment,Unstable supply voltage during peak load; no voltage stabilizer on control circuit,"Install stabilizer/UPS on control circuit, tighten incoming terminals",Power quality monitoring on feeder; load balancing across shifts,Meena Iyer,Closed,5.4
INC-1741,2025-12-07 08:43,Operator M. Pooja,ASM-01,Line-E,Operator minor injury,URGENT: operator minor injury - slipped near ASM-01 (Assembly Station) on spilled coolant Entire line down.,Safety,Critical,Environment,Coolant/oil leak not cleaned promptly; no drip tray and housekeeping gap,"Clean area, fit drip tray, fix source of leak, place warning signage",Housekeeping checklist each shift; leak detection in daily round,Ravi Kumar,Closed,4.2
INC-1742,2025-12-07 18:53,Operator A. Raj,WLD-02,Line-D,Weld spatter and incomplete fusion seen on parts from WLD-02 (Welding Robot),"weld spatter and incomplete fusion seen on parts from WLD-02 (Welding Robot) Happened during night shift. Person injured, first aid given.",Quality,High,Material,Shielding gas contamination and moisture in wire spool,"Replace gas cylinder and wire spool, re-weld and re-test affected parts",Store wire in dry cabinet; gas purity check on cylinder receipt,Ravi Kumar,Closed,9.9
INC-1743,2025-12-08 06:43,Line Lead A. Swathi,CNC-01,Line-A,Oil leak at hose joint of CNC-01 (CNC Milling Machine),"oil leak at hose joint of CNC-01 (CNC Milling Machine), machine slow to respond Happened during night shift. Line is running at reduced speed.",Mechanical,Medium,Material,Hydraulic seal degraded due to age and use of non-spec seal material,"Replace seal and hose with OEM-spec parts, top up and bleed hydraulic oil",Define seal replacement interval; stock only OEM-approved spares; add leak inspection to daily round,Priya Menon,Closed,19.2
INC-1744,2025-12-09 00:30,Operator S. Lakshmi,PRS-02,Line-B,Motor of PRS-02 (Stamping Press) keeps tripping breaker after 10 minutes of runn,"URGENT: motor of PRS-02 (Stamping Press) keeps tripping breaker after 10 minutes of running Not first time. Minor, running normally.",Electrical,Low,Machine,Motor winding insulation degraded causing high current draw,"Replace motor, verify current draw within rated limits",Quarterly insulation resistance test; thermal imaging scan in PM schedule,Divya S,Closed,33.6
INC-1745,2025-12-09 09:48,Operator A. Raj,CNC-02,Line-A,Raw material shortage at CNC-02 (CNC Lathe),"raw material shortage at CNC-02 (CNC Lathe), line waiting for feed Happened during night shift. Some rework needed.",Process,Medium,Material,Kanban signal missed and supplier delivery schedule not aligned with production plan,"Expedite material, verify grade before loading",Revise reorder points; weekly supplier delivery review; incoming grade check,Shivani,Closed,18.5
INC-1746,2025-12-09 10:35,Operator T. Mary,PKG-01,Line-F,PKG-01 (Packaging Unit) drive belt tension low,"PKG-01 (Packaging Unit) drive belt tension low, intermittent stops Happened during night shift. Output down slightly.",Mechanical,Medium,Method,Belt tension not checked after last maintenance; no standard tension procedure,"Re-tension and align belt, replace frayed section",Create SOP with tension measurement values; add post-maintenance verification step,Divya S,Closed,13.7
INC-1747,2025-12-09 11:45,Shift In-charge R. Nandini,CNC-01,Line-A,Near miss: operator slipped on oil near CNC-01 (CNC Milling Machine),near miss: operator slipped on oil near CNC-01 (CNC Milling Machine) Started after lunch break. Entire line down.,Safety,Critical,Environment,Coolant/oil leak not cleaned promptly; no drip tray and housekeeping gap,"Clean area, fit drip tray, fix source of leak, place warning signage",Housekeeping checklist each shift; leak detection in daily round,Anita Sharma,Closed,2.4
INC-1748,2025-12-09 18:26,Operator M. Pooja,PRS-01,Line-B,Wrong material grade supplied to PRS-01 (Hydraulic Press),"wrong material grade supplied to PRS-01 (Hydraulic Press) Happened during night shift. Person injured, first aid given.",Process,Critical,Material,Kanban signal missed and supplier delivery schedule not aligned with production plan,"Expedite material, verify grade before loading",Revise reorder points; weekly supplier delivery review; incoming grade check,Meena Iyer,Closed,3.6
INC-1749,2025-12-09 19:23,Operator S. Lakshmi,CNC-01,Line-A,Parts from CNC-01 (CNC Milling Machine) out of tolerance,"Pls check: parts from CNC-01 (CNC Milling Machine) out of tolerance, diameter oversize by 0.05 mm Not first time. Person injured, first aid given.",Quality,Critical,Measurement,Gauge out of calibration and tool offset not updated after tool change,"Recalibrate gauge, reset tool offset, re-inspect last batch and quarantine suspects",Calibration schedule tracked in system; mandatory first-piece inspection after tool change,Meena Iyer,Closed,5.5
INC-1750,2025-12-11 04:12,Operator S. Revathi,CNV-02,Line-C,High rejection rate at CNV-02 (Conveyor Belt),Reported by operator: high rejection rate at CNV-02 (Conveyor Belt) - dimensional mismatch found at inspection Seen 2 times today. Customer order at risk.,Quality,High,Measurement,Gauge out of calibration and tool offset not updated after tool change,"Recalibrate gauge, reset tool offset, re-inspect last batch and quarantine suspects",Calibration schedule tracked in system; mandatory first-piece inspection after tool change,Shivani,Closed,3.1
INC-1751,2025-12-11 11:03,Operator A. Raj,PRS-02,Line-B,PRS-02 (Stamping Press) PLC rebooting randomly,"Pls check: PRS-02 (Stamping Press) PLC rebooting randomly, panel lights flicker Not first time. Person injured, first aid given.",Electrical,Critical,Environment,Unstable supply voltage during peak load; no voltage stabilizer on control circuit,"Install stabilizer/UPS on control circuit, tighten incoming terminals",Power quality monitoring on feeder; load balancing across shifts,Divya S,Closed,2.2
INC-1752,2025-12-11 11:43,Operator T. Mary,WLD-02,Line-D,Hydraulic oil leaking under WLD-02 (Welding Robot),"Pls check: hydraulic oil leaking under WLD-02 (Welding Robot), puddle on floor Production affected.",Mechanical,Medium,Material,Hydraulic seal degraded due to age and use of non-spec seal material,"Replace seal and hose with OEM-spec parts, top up and bleed hydraulic oil",Define seal replacement interval; stock only OEM-approved spares; add leak inspection to daily round,Shivani,Closed,14.0
INC-1753,2025-12-11 12:09,Operator A. Raj,PKG-01,Line-F,Belt on PKG-01 (Packaging Unit) misaligned and edge fraying,belt on PKG-01 (Packaging Unit) misaligned and edge fraying Output down slightly.,Mechanical,Medium,Method,Belt tension not checked after last maintenance; no standard tension procedure,"Re-tension and align belt, replace frayed section",Create SOP with tension measurement values; add post-maintenance verification step,Ravi Kumar,Closed,6.2
INC-1754,2025-12-11 22:23,Operator S. Revathi,PRS-01,Line-B,Emergency stop on PRS-01 (Hydraulic Press) not responding during test,"Pls check: emergency stop on PRS-01 (Hydraulic Press) not responding during test Please check asap. Person injured, first aid given.",Safety,Critical,Man,Guard removed during maintenance and not refitted; no sign-off before restart,"Refit guard, restore interlock, retest e-stop, counsel involved personnel",Lockout-tagout with restart sign-off checklist; periodic safety audit and retraining,Ravi Kumar,Closed,3.6
INC-1755,2025-12-12 03:59,Line Lead A. Swathi,WLD-01,Line-D,Dimension rejection from WLD-01 (Welding Robot) batch,"URGENT: dimension rejection from WLD-01 (Welding Robot) batch, gauge reading above limit Started after lunch break. Shipment on hold, customer escalation.",Quality,High,Measurement,Gauge out of calibration and tool offset not updated after tool change,"Recalibrate gauge, reset tool offset, re-inspect last batch and quarantine suspects",Calibration schedule tracked in system; mandatory first-piece inspection after tool change,Shivani,Closed,6.1
INC-1756,2025-12-13 04:04,Line Lead A. Swathi,PNT-01,Line-E,Cycle time on PNT-01 (Paint Booth) increased by 15 percent this week,cycle time on pnt-01 (paint booth) increased by 15 percent this week Started after lunch break. Production affected.,Process,Medium,Method,Changeover steps not standardized; operators using different sequences,Time-study the sequence and publish standard work for changeover,SMED workshop; visual work instruction at station; monthly process audit,Priya Menon,Closed,16.9
INC-1757,2025-12-13 04:24,Operator M. Pooja,CNC-01,Line-A,High rejection rate at CNC-01 (CNC Milling Machine),Reported by operator: high rejection rate at CNC-01 (CNC Milling Machine) - dimensional mismatch found at inspection Started after lunch break. Production affected.,Quality,Medium,Measurement,Gauge out of calibration and tool offset not updated after tool change,"Recalibrate gauge, reset tool offset, re-inspect last batch and quarantine suspects",Calibration schedule tracked in system; mandatory first-piece inspection after tool change,Shivani,Closed,21.7
INC-1758,2025-12-13 08:55,Operator T. Mary,WLD-01,Line-D,WLD-01 (Welding Robot) making loud grinding noise from spindle area,"URGENT: WLD-01 (Welding Robot) making loud grinding noise from spindle area Please check asap. Machine stopped, no backup available.",Mechanical,High,Machine,Bearing wear due to inadequate lubrication over multiple shifts,"Replace worn bearing, re-grease and realign shaft, run 30-min trial",Add bearing lubrication to weekly PM checklist; install vibration sensor with alert threshold,Ravi Kumar,Closed,7.8
INC-1759,2025-12-13 21:29,Operator T. Mary,CNC-01,Line-A,Paint thickness inconsistent on parts from CNC-01 (CNC Milling Machine),FYI - paint thickness inconsistent on parts from CNC-01 (CNC Milling Machine) Big scrap pile building up.,Process,High,Environment,Booth humidity and temperature outside spec; filter clogged,"Replace filters, adjust HVAC setpoints, re-coat affected parts",Add humidity/temperature alarm; filter change interval in PM plan,Sneha Patil,Closed,7.8
INC-1760,2025-12-14 01:28,Operator M. Pooja,PRS-01,Line-B,Belt on PRS-01 (Hydraulic Press) misaligned and edge fraying,"URGENT: belt on PRS-01 (Hydraulic Press) misaligned and edge fraying Started after lunch break. Machine stopped, no backup available.",Mechanical,High,Method,Belt tension not checked after last maintenance; no standard tension procedure,"Re-tension and align belt, replace frayed section",Create SOP with tension measurement values; add post-maintenance verification step,Ravi Kumar,Closed,11.9
INC-1761,2025-12-14 05:09,Operator T. Mary,CNV-02,Line-C,Cycle time on CNV-02 (Conveyor Belt) increased by 15 percent this week,cycle time on cnv-02 (conveyor belt) increased by 15 percent this week Customer order at risk.,Process,High,Method,Changeover steps not standardized; operators using different sequences,Time-study the sequence and publish standard work for changeover,SMED workshop; visual work instruction at station; monthly process audit,Shivani,Closed,7.4
INC-1762,2025-12-15 18:21,Operator T. Mary,CNC-01,Line-A,Emergency stop on CNC-01 (CNC Milling Machine) not responding during test,emergency stop on CNC-01 (CNC Milling Machine) not responding during test Seen 2 times today. Line is running at reduced speed.,Safety,Medium,Man,Guard removed during maintenance and not refitted; no sign-off before restart,"Refit guard, restore interlock, retest e-stop, counsel involved personnel",Lockout-tagout with restart sign-off checklist; periodic safety audit and retraining,Anita Sharma,Closed,17.9
INC-1763,2025-12-15 18:28,Operator S. Lakshmi,WLD-01,Line-D,Visual defect,visual defect - scratches and dents on parts after WLD-01 (Welding Robot) Please check asap. Big scrap pile building up.,Quality,High,Method,Parts contacting each other during handling due to missing separators in trolley,"Sort and rework affected lot, add separators to trolley",Update handling work instruction; add visual check at station exit,Shivani,Closed,12.7
INC-1764,2025-12-15 19:12,Supervisor R. Kavitha,CNV-02,Line-C,Slip hazard reported around CNV-02 (Conveyor Belt),"slip hazard reported around CNV-02 (Conveyor Belt), floor wet and oily Please check asap. Big scrap pile building up.",Safety,High,Environment,Coolant/oil leak not cleaned promptly; no drip tray and housekeeping gap,"Clean area, fit drip tray, fix source of leak, place warning signage",Housekeeping checklist each shift; leak detection in daily round,Ravi Kumar,Closed,5.6
INC-1765,2025-12-15 20:40,Supervisor R. Kavitha,CNC-02,Line-A,Cycle time on CNC-02 (CNC Lathe) increased by 15 percent this week,cycle time on CNC-02 (CNC Lathe) increased by 15 percent this week Happened during night shift. Output down slightly.,Process,Medium,Method,Changeover steps not standardized; operators using different sequences,Time-study the sequence and publish standard work for changeover,SMED workshop; visual work instruction at station; monthly process audit,Priya Menon,Closed,12.8
INC-1766,2025-12-16 04:21,Operator T. Mary,CNV-01,Line-C,Cycle time on CNV-01 (Conveyor Belt) increased by 15 percent this week,cycle time on CNV-01 (Conveyor Belt) increased by 15 percent this week Started after lunch break. Production affected.,Process,Medium,Method,Changeover steps not standardized; operators using different sequences,Time-study the sequence and publish standard work for changeover,SMED workshop; visual work instruction at station; monthly process audit,Shivani,Closed,9.9
INC-1767,2025-12-18 08:09,Operator M. Pooja,WLD-02,Line-D,Weak weld joints detected in destructive test,"weak weld joints detected in destructive test, WLD-02 (Welding Robot) Not first time. Output down slightly.",Quality,Medium,Material,Shielding gas contamination and moisture in wire spool,"Replace gas cylinder and wire spool, re-weld and re-test affected parts",Store wire in dry cabinet; gas purity check on cylinder receipt,Shivani,Closed,16.1
INC-1768,2025-12-19 01:33,Supervisor R. Kavitha,PNT-01,Line-E,PNT-01 (Paint Booth) HMI shows communication error with PLC,URGENT: PNT-01 (Paint Booth) HMI shows communication error with PLC Output down slightly.,Automation,Medium,Machine,Firmware mismatch after last update and weak network cable between HMI and PLC,"Reflash correct firmware, replace network cable, verify communication",Change-control for firmware updates with rollback plan; periodic network health test,Deepa Nair,Closed,14.0
INC-1769,2025-12-19 14:41,Supervisor R. Kavitha,PRS-02,Line-B,Power supply voltage fluctuation,"Pls check: power supply voltage fluctuation, PRS-02 (Stamping Press) control panel resetting Not first time. Some rework needed.",Electrical,Medium,Environment,Unstable supply voltage during peak load; no voltage stabilizer on control circuit,"Install stabilizer/UPS on control circuit, tighten incoming terminals",Power quality monitoring on feeder; load balancing across shifts,Deepa Nair,Closed,15.7
INC-1770,2025-12-19 23:24,Supervisor R. Kavitha,PKG-01,Line-F,Weak weld joints detected in destructive test,"FYI - weak weld joints detected in destructive test, PKG-01 (Packaging Unit) Started after lunch break. Some rework needed.",Quality,Low,Material,Shielding gas contamination and moisture in wire spool,"Replace gas cylinder and wire spool, re-weld and re-test affected parts",Store wire in dry cabinet; gas purity check on cylinder receipt,Meena Iyer,Closed,34.3
INC-1771,2025-12-20 07:24,Operator T. Mary,CNC-02,Line-A,CNC-02 (CNC Lathe) HMI shows communication error with PLC,CNC-02 (CNC Lathe) HMI shows communication error with PLC Throughput down by half.,Automation,Medium,Machine,Firmware mismatch after last update and weak network cable between HMI and PLC,"Reflash correct firmware, replace network cable, verify communication",Change-control for firmware updates with rollback plan; periodic network health test,Deepa Nair,Closed,20.0
INC-1772,2025-12-20 08:38,Operator T. Mary,WLD-02,Line-D,Robot on WLD-02 (Welding Robot) positioning drift,"FYI - robot on WLD-02 (Welding Robot) positioning drift, parts picked off-centre Not first time. Output down slightly.",Automation,Medium,Method,Robot TCP not re-calibrated after collision/e-stop recovery; no recovery procedure,"Re-teach TCP and vision calibration, validate with test pieces",Document post-e-stop recovery SOP; add calibration check to start-of-shift routine,Anita Sharma,Closed,15.6
INC-1773,2025-12-20 14:17,Supervisor R. Kavitha,CNV-01,Line-C,Motor of CNV-01 (Conveyor Belt) keeps tripping breaker after 10 minutes of runni,FYI - motor of CNV-01 (Conveyor Belt) keeps tripping breaker after 10 minutes of running Started after lunch break. Customer order at risk.,Electrical,High,Machine,Motor winding insulation degraded causing high current draw,"Replace motor, verify current draw within rated limits",Quarterly insulation resistance test; thermal imaging scan in PM schedule,Anita Sharma,Closed,7.3
INC-1774,2025-12-21 09:10,Operator M. Pooja,PRS-01,Line-B,Metal grinding sound coming from PRS-01 (Hydraulic Press) drive section,Reported by operator: metal grinding sound coming from PRS-01 (Hydraulic Press) drive section Seen 2 times today. Customer order at risk.,Mechanical,High,Machine,Bearing wear due to inadequate lubrication over multiple shifts,"Replace worn bearing, re-grease and realign shaft, run 30-min trial",Add bearing lubrication to weekly PM checklist; install vibration sensor with alert threshold,Ravi Kumar,Closed,7.2
INC-1775,2025-12-21 10:53,Operator M. Pooja,CNV-02,Line-C,False stop on CNV-02 (Conveyor Belt),"false stop on CNV-02 (Conveyor Belt) - sensor flickering, wiring looks loose Not first time. Some rework needed.",Electrical,Medium,Machine,Loose connector and damaged cable insulation at sensor due to vibration,"Re-terminate connector, replace damaged cable, secure with clamps",Use vibration-rated connectors; add cable routing check to monthly inspection,Deepa Nair,Closed,24.9
INC-1776,2025-12-21 13:05,Line Lead A. Swathi,PNT-01,Line-E,Power supply voltage fluctuation,"URGENT: power supply voltage fluctuation, PNT-01 (Paint Booth) control panel resetting",Electrical,High,Environment,Unstable supply voltage during peak load; no voltage stabilizer on control circuit,"Install stabilizer/UPS on control circuit, tighten incoming terminals",Power quality monitoring on feeder; load balancing across shifts,Divya S,Closed,3.4
INC-1777,2025-12-22 09:29,Operator S. Revathi,ASM-01,Line-E,MES not receiving production count from ASM-01 (Assembly Station),"Pls check: MES not receiving production count from ASM-01 (Assembly Station) Cosmetic only, can wait for planned maintenance.",Automation,Low,Measurement,Gateway service stopped after server patching; scanner lens dirty,"Restart and auto-enable gateway service, clean scanner, backfill missed counts",Service health monitoring with alerts; scanner cleaning in daily checklist,Anita Sharma,Closed,43.4
INC-1778,2025-12-22 10:40,Operator M. Pooja,WLD-02,Line-D,WLD-02 (Welding Robot) pressure dropping,"FYI - WLD-02 (Welding Robot) pressure dropping, oil seen near cylinder Happened during night shift. Customer order at risk.",Mechanical,High,Material,Hydraulic seal degraded due to age and use of non-spec seal material,"Replace seal and hose with OEM-spec parts, top up and bleed hydraulic oil",Define seal replacement interval; stock only OEM-approved spares; add leak inspection to daily round,Divya S,Closed,7.1
INC-1779,2025-12-23 07:43,Operator M. Pooja,WLD-02,Line-D,WLD-02 (Welding Robot) drive belt tension low,"Reported by operator: WLD-02 (Welding Robot) drive belt tension low, intermittent stops Happened during night shift. Production affected.",Mechanical,Medium,Method,Belt tension not checked after last maintenance; no standard tension procedure,"Re-tension and align belt, replace frayed section",Create SOP with tension measurement values; add post-maintenance verification step,Divya S,Closed,15.9
INC-1780,2025-12-23 14:38,Line Lead A. Swathi,PRS-01,Line-B,Production slow at PRS-01 (Hydraulic Press),"production slow at PRS-01 (Hydraulic Press), frequent waiting between steps Workaround in place, low urgency.",Process,Low,Method,Changeover steps not standardized; operators using different sequences,Time-study the sequence and publish standard work for changeover,SMED workshop; visual work instruction at station; monthly process audit,Meena Iyer,Closed,37.3
INC-1781,2025-12-23 16:01,Operator T. Mary,CNC-01,Line-A,Customer complaint: scratch marks on finished parts from CNC-01 (CNC Milling Mac,customer complaint: scratch marks on finished parts from CNC-01 (CNC Milling Machine) line Please check asap. Output down slightly.,Quality,Medium,Method,Parts contacting each other during handling due to missing separators in trolley,"Sort and rework affected lot, add separators to trolley",Update handling work instruction; add visual check at station exit,Anita Sharma,Closed,29.5
INC-1782,2025-12-23 21:08,Line Lead A. Swathi,CNV-01,Line-C,Parts from CNV-01 (Conveyor Belt) out of tolerance,"URGENT: parts from CNV-01 (Conveyor Belt) out of tolerance, diameter oversize by 0.05 mm Happened during night shift. Output down slightly.",Quality,Medium,Measurement,Gauge out of calibration and tool offset not updated after tool change,"Recalibrate gauge, reset tool offset, re-inspect last batch and quarantine suspects",Calibration schedule tracked in system; mandatory first-piece inspection after tool change,Meena Iyer,Closed,17.0
INC-1783,2025-12-24 03:01,Line Lead A. Swathi,PRS-01,Line-B,Metal grinding sound coming from PRS-01 (Hydraulic Press) drive section,metal grinding sound coming from PRS-01 (Hydraulic Press) drive section Customer order at risk.,Mechanical,High,Machine,Bearing wear due to inadequate lubrication over multiple shifts,"Replace worn bearing, re-grease and realign shaft, run 30-min trial",Add bearing lubrication to weekly PM checklist; install vibration sensor with alert threshold,Priya Menon,Closed,11.1
INC-1784,2025-12-24 03:56,Operator T. Mary,CMP-01,Utilities,Dimension rejection from CMP-01 (Air Compressor) batch,"dimension rejection from CMP-01 (Air Compressor) batch, gauge reading above limit Started after lunch break. Big scrap pile building up.",Quality,High,Measurement,Gauge out of calibration and tool offset not updated after tool change,"Recalibrate gauge, reset tool offset, re-inspect last batch and quarantine suspects",Calibration schedule tracked in system; mandatory first-piece inspection after tool change,Shivani,Closed,7.8
INC-1785,2025-12-24 07:58,Supervisor R. Kavitha,CNC-01,Line-A,Belt on CNC-01 (CNC Milling Machine) misaligned and edge fraying,"URGENT: belt on CNC-01 (CNC Milling Machine) misaligned and edge fraying Please check asap. Shipment on hold, customer escalation.",Mechanical,Critical,Method,Belt tension not checked after last maintenance; no standard tension procedure,"Re-tension and align belt, replace frayed section",Create SOP with tension measurement values; add post-maintenance verification step,Ravi Kumar,Closed,4.5
INC-1786,2025-12-24 13:48,Operator A. Raj,WLD-01,Line-D,WLD-01 (Welding Robot) tripped on overload,"WLD-01 (Welding Robot) tripped on overload, motor hot to touch Not first time. Line stopped intermittently.",Electrical,High,Machine,Motor winding insulation degraded causing high current draw,"Replace motor, verify current draw within rated limits",Quarterly insulation resistance test; thermal imaging scan in PM schedule,Anita Sharma,Closed,7.5
INC-1787,2025-12-24 21:06,Operator A. Raj,PRS-02,Line-B,Weak weld joints detected in destructive test,"weak weld joints detected in destructive test, PRS-02 (Stamping Press) Seen 2 times today. Minor, running normally.",Quality,Medium,Material,Shielding gas contamination and moisture in wire spool,"Replace gas cylinder and wire spool, re-weld and re-test affected parts",Store wire in dry cabinet; gas purity check on cylinder receipt,Shivani,Closed,9.3
INC-1788,2025-12-25 21:18,Supervisor R. Kavitha,PKG-01,Line-F,Line stopped at PKG-01 (Packaging Unit),"URGENT: line stopped at PKG-01 (Packaging Unit) - material not delivered on time Not first time. Shipment on hold, customer escalation.",Process,High,Material,Kanban signal missed and supplier delivery schedule not aligned with production plan,"Expedite material, verify grade before loading",Revise reorder points; weekly supplier delivery review; incoming grade check,Priya Menon,Closed,9.0
INC-1789,2025-12-26 11:32,Operator T. Mary,CMP-01,Utilities,Raw material shortage at CMP-01 (Air Compressor),"raw material shortage at CMP-01 (Air Compressor), line waiting for feed Seen 2 times today. Customer order at risk.",Process,Medium,Material,Kanban signal missed and supplier delivery schedule not aligned with production plan,"Expedite material, verify grade before loading",Revise reorder points; weekly supplier delivery review; incoming grade check,Sneha Patil,Closed,15.5
INC-1790,2025-12-26 13:02,Shift In-charge R. Nandini,PKG-01,Line-F,Power supply voltage fluctuation,"Pls check: power supply voltage fluctuation, PKG-01 (Packaging Unit) control panel resetting Started after lunch break. Line stopped intermittently.",Electrical,High,Environment,Unstable supply voltage during peak load; no voltage stabilizer on control circuit,"Install stabilizer/UPS on control circuit, tighten incoming terminals",Power quality monitoring on feeder; load balancing across shifts,Anita Sharma,Closed,8.3
INC-1791,2025-12-26 15:17,Operator A. Raj,PRS-02,Line-B,Smoke smell and slight sparks near PRS-02 (Stamping Press) panel,smoke smell and slight sparks near PRS-02 (Stamping Press) panel Seen 2 times today.,Safety,High,Machine,Undersized cable and loose lug causing overheating under load,"Isolate power, replace cable with correct rating, tighten and torque-mark lugs",Thermography survey of panels every quarter; cable sizing review on any load addition,Sneha Patil,Closed,7.1
INC-1792,2025-12-26 19:29,Line Lead A. Swathi,ASM-01,Line-E,Robot on ASM-01 (Assembly Station) stopped with servo alarm,robot on ASM-01 (Assembly Station) stopped with servo alarm Not first time. Customer order at risk.,Automation,High,Machine,Firmware mismatch after last update and weak network cable between HMI and PLC,"Reflash correct firmware, replace network cable, verify communication",Change-control for firmware updates with rollback plan; periodic network health test,Anita Sharma,Closed,8.3
INC-1793,2025-12-27 08:15,Operator M. Pooja,CNV-01,Line-C,Line stopped at CNV-01 (Conveyor Belt),"URGENT: line stopped at CNV-01 (Conveyor Belt) - material not delivered on time Please check asap. Shipment on hold, customer escalation.",Process,Critical,Material,Kanban signal missed and supplier delivery schedule not aligned with production plan,"Expedite material, verify grade before loading",Revise reorder points; weekly supplier delivery review; incoming grade check,Priya Menon,Closed,4.0
INC-1794,2025-12-27 21:30,Operator T. Mary,CNC-01,Line-A,Barcode scanner at CNC-01 (CNC Milling Machine) failing to read labels,"barcode scanner at CNC-01 (CNC Milling Machine) failing to read labels Please check asap. Cosmetic only, can wait for planned maintenance.",Automation,Medium,Measurement,Gateway service stopped after server patching; scanner lens dirty,"Restart and auto-enable gateway service, clean scanner, backfill missed counts",Service health monitoring with alerts; scanner cleaning in daily checklist,Deepa Nair,Closed,17.0
INC-1795,2025-12-28 04:56,Operator M. Pooja,WLD-02,Line-D,Dimension rejection from WLD-02 (Welding Robot) batch,"dimension rejection from WLD-02 (Welding Robot) batch, gauge reading above limit Please check asap. Big scrap pile building up.",Quality,High,Measurement,Gauge out of calibration and tool offset not updated after tool change,"Recalibrate gauge, reset tool offset, re-inspect last batch and quarantine suspects",Calibration schedule tracked in system; mandatory first-piece inspection after tool change,Meena Iyer,Closed,8.3
INC-1796,2025-12-28 23:02,Supervisor R. Kavitha,CNC-01,Line-A,Visual defect,"visual defect - scratches and dents on parts after CNC-01 (CNC Milling Machine) Seen 2 times today. Cosmetic only, can wait for planned maintenance.",Quality,Low,Method,Parts contacting each other during handling due to missing separators in trolley,"Sort and rework affected lot, add separators to trolley",Update handling work instruction; add visual check at station exit,Meena Iyer,Closed,49.6
INC-1797,2025-12-29 02:13,Operator T. Mary,WLD-01,Line-D,Proximity sensor on WLD-01 (Welding Robot) giving intermittent signal,proximity sensor on WLD-01 (Welding Robot) giving intermittent signal,Electrical,High,Machine,Loose connector and damaged cable insulation at sensor due to vibration,"Re-terminate connector, replace damaged cable, secure with clamps",Use vibration-rated connectors; add cable routing check to monthly inspection,Divya S,Closed,9.7
INC-1798,2025-12-29 03:43,Operator S. Lakshmi,CMP-01,Utilities,Motor of CMP-01 (Air Compressor) keeps tripping breaker after 10 minutes of runn,motor of CMP-01 (Air Compressor) keeps tripping breaker after 10 minutes of running Please check asap. Output down slightly.,Electrical,Medium,Machine,Motor winding insulation degraded causing high current draw,"Replace motor, verify current draw within rated limits",Quarterly insulation resistance test; thermal imaging scan in PM schedule,Anita Sharma,Closed,18.4
INC-1799,2025-12-30 13:25,Operator S. Revathi,PRS-02,Line-B,PRS-02 (Stamping Press) belt slipping and product jerking on the line,URGENT: PRS-02 (Stamping Press) belt slipping and product jerking on the line Started after lunch break. Line stopped intermittently.,Mechanical,High,Method,Belt tension not checked after last maintenance; no standard tension procedure,"Re-tension and align belt, replace frayed section",Create SOP with tension measurement values; add post-maintenance verification step,Divya S,Closed,3.2
INC-1800,2025-12-30 15:47,Operator M. Pooja,WLD-01,Line-D,WLD-01 (Welding Robot) belt slipping and product jerking on the line,FYI - WLD-01 (Welding Robot) belt slipping and product jerking on the line Happened during night shift. Production affected.,Mechanical,Medium,Method,Belt tension not checked after last maintenance; no standard tension procedure,"Re-tension and align belt, replace frayed section",Create SOP with tension measurement values; add post-maintenance verification step,Priya Menon,Closed,11.1
INC-1801,2025-12-30 22:33,Operator A. Raj,WLD-02,Line-D,Emergency stop on WLD-02 (Welding Robot) not responding during test,URGENT: emergency stop on WLD-02 (Welding Robot) not responding during test Please check asap. Production affected.,Safety,High,Man,Guard removed during maintenance and not refitted; no sign-off before restart,"Refit guard, restore interlock, retest e-stop, counsel involved personnel",Lockout-tagout with restart sign-off checklist; periodic safety audit and retraining,Ravi Kumar,Closed,11.5
INC-1802,2025-12-31 11:48,Operator M. Pooja,PRS-01,Line-B,Wrong material grade supplied to PRS-01 (Hydraulic Press),wrong material grade supplied to PRS-01 (Hydraulic Press) Started after lunch break. Entire line down.,Process,Critical,Material,Kanban signal missed and supplier delivery schedule not aligned with production plan,"Expedite material, verify grade before loading",Revise reorder points; weekly supplier delivery review; incoming grade check,Meena Iyer,Closed,2.2
INC-1803,2026-01-01 04:31,Line Lead A. Swathi,CNC-02,Line-A,Overcurrent fault on CNC-02 (CNC Lathe) drive,"Pls check: overcurrent fault on CNC-02 (CNC Lathe) drive, restart fails Happened during night shift. Customer order at risk.",Electrical,High,Machine,Motor winding insulation degraded causing high current draw,"Replace motor, verify current draw within rated limits",Quarterly insulation resistance test; thermal imaging scan in PM schedule,Deepa Nair,Closed,1.0
INC-1804,2026-01-02 11:34,Operator T. Mary,PRS-01,Line-B,PRS-01 (Hydraulic Press) output dropped,"FYI - PRS-01 (Hydraulic Press) output dropped, takt time not being met Minor, running normally.",Process,Low,Method,Changeover steps not standardized; operators using different sequences,Time-study the sequence and publish standard work for changeover,SMED workshop; visual work instruction at station; monthly process audit,Meena Iyer,Closed,52.3
INC-1805,2026-01-03 06:50,Line Lead A. Swathi,PRS-01,Line-B,Paint finish defect on PRS-01 (Hydraulic Press),"paint finish defect on PRS-01 (Hydraulic Press), run marks visible Seen 2 times today.",Process,Medium,Environment,Booth humidity and temperature outside spec; filter clogged,"Replace filters, adjust HVAC setpoints, re-coat affected parts",Add humidity/temperature alarm; filter change interval in PM plan,Meena Iyer,Closed,12.2
INC-1806,2026-01-03 09:32,Supervisor R. Kavitha,WLD-01,Line-D,WLD-01 (Welding Robot) output dropped,"Reported by operator: WLD-01 (Welding Robot) output dropped, takt time not being met Please check asap. Output down slightly.",Process,Medium,Method,Changeover steps not standardized; operators using different sequences,Time-study the sequence and publish standard work for changeover,SMED workshop; visual work instruction at station; monthly process audit,Shivani,Closed,20.9
INC-1807,2026-01-03 10:33,Operator T. Mary,WLD-02,Line-D,Surface scratches found on products from WLD-02 (Welding Robot),Pls check: surface scratches found on products from WLD-02 (Welding Robot) Seen 2 times today.,Quality,Medium,Method,Parts contacting each other during handling due to missing separators in trolley,"Sort and rework affected lot, add separators to trolley",Update handling work instruction; add visual check at station exit,Shivani,Closed,18.5
INC-1808,2026-01-05 03:04,Operator T. Mary,CMP-01,Utilities,Power supply voltage fluctuation,"Pls check: power supply voltage fluctuation, CMP-01 (Air Compressor) control panel resetting Please check asap. Line is running at reduced speed.",Electrical,High,Environment,Unstable supply voltage during peak load; no voltage stabilizer on control circuit,"Install stabilizer/UPS on control circuit, tighten incoming terminals",Power quality monitoring on feeder; load balancing across shifts,Anita Sharma,Closed,7.5
INC-1809,2026-01-05 10:22,Operator S. Revathi,PRS-02,Line-B,Line stopped at PRS-02 (Stamping Press),"Reported by operator: line stopped at PRS-02 (Stamping Press) - material not delivered on time Seen 2 times today. Person injured, first aid given.",Process,Critical,Material,Kanban signal missed and supplier delivery schedule not aligned with production plan,"Expedite material, verify grade before loading",Revise reorder points; weekly supplier delivery review; incoming grade check,Shivani,Closed,4.3
INC-1810,2026-01-05 23:38,Line Lead A. Swathi,WLD-02,Line-D,Production slow at WLD-02 (Welding Robot),"URGENT: production slow at WLD-02 (Welding Robot), frequent waiting between steps Started after lunch break. Throughput down by half.",Process,High,Method,Changeover steps not standardized; operators using different sequences,Time-study the sequence and publish standard work for changeover,SMED workshop; visual work instruction at station; monthly process audit,Shivani,Closed,13.8
INC-1811,2026-01-06 15:25,Supervisor R. Kavitha,PKG-01,Line-F,Weld spatter and incomplete fusion seen on parts from PKG-01 (Packaging Unit),weld spatter and incomplete fusion seen on parts from PKG-01 (Packaging Unit) Not first time. Entire line down.,Quality,Critical,Material,Shielding gas contamination and moisture in wire spool,"Replace gas cylinder and wire spool, re-weld and re-test affected parts",Store wire in dry cabinet; gas purity check on cylinder receipt,Shivani,Closed,4.0
INC-1812,2026-01-06 16:17,Operator T. Mary,PKG-01,Line-F,High rejection rate at PKG-01 (Packaging Unit),"Reported by operator: high rejection rate at PKG-01 (Packaging Unit) - dimensional mismatch found at inspection Started after lunch break. Person injured, first aid given.",Quality,High,Measurement,Gauge out of calibration and tool offset not updated after tool change,"Recalibrate gauge, reset tool offset, re-inspect last batch and quarantine suspects",Calibration schedule tracked in system; mandatory first-piece inspection after tool change,Meena Iyer,Closed,9.2
INC-1813,2026-01-06 19:37,Shift In-charge R. Nandini,PKG-01,Line-F,Surface scratches found on products from PKG-01 (Packaging Unit),surface scratches found on products from PKG-01 (Packaging Unit) Please check asap. Line stopped intermittently.,Quality,High,Method,Parts contacting each other during handling due to missing separators in trolley,"Sort and rework affected lot, add separators to trolley",Update handling work instruction; add visual check at station exit,Shivani,Closed,9.0
INC-1814,2026-01-07 03:12,Operator T. Mary,PRS-01,Line-B,Burning smell from electrical panel of PRS-01 (Hydraulic Press),burning smell from electrical panel of PRS-01 (Hydraulic Press) Seen 2 times today. Big scrap pile building up.,Safety,High,Machine,Undersized cable and loose lug causing overheating under load,"Isolate power, replace cable with correct rating, tighten and torque-mark lugs",Thermography survey of panels every quarter; cable sizing review on any load addition,Sneha Patil,Closed,5.0
INC-1815,2026-01-07 04:59,Operator S. Revathi,PKG-01,Line-F,Near miss: operator slipped on oil near PKG-01 (Packaging Unit),Reported by operator: near miss: operator slipped on oil near PKG-01 (Packaging Unit) Please check asap. Output down slightly.,Safety,Medium,Environment,Coolant/oil leak not cleaned promptly; no drip tray and housekeeping gap,"Clean area, fit drip tray, fix source of leak, place warning signage",Housekeeping checklist each shift; leak detection in daily round,Ravi Kumar,Closed,21.6
INC-1816,2026-01-08 07:24,Operator T. Mary,CNV-02,Line-C,Oil leak at hose joint of CNV-02 (Conveyor Belt),"Reported by operator: oil leak at hose joint of CNV-02 (Conveyor Belt), machine slow to respond Not first time. Throughput down by half.",Mechanical,High,Material,Hydraulic seal degraded due to age and use of non-spec seal material,"Replace seal and hose with OEM-spec parts, top up and bleed hydraulic oil",Define seal replacement interval; stock only OEM-approved spares; add leak inspection to daily round,Meena Iyer,Closed,6.2
INC-1817,2026-01-08 09:57,Line Lead A. Swathi,CNV-01,Line-C,Slip hazard reported around CNV-01 (Conveyor Belt),"Reported by operator: slip hazard reported around CNV-01 (Conveyor Belt), floor wet and oily Big scrap pile building up.",Safety,High,Environment,Coolant/oil leak not cleaned promptly; no drip tray and housekeeping gap,"Clean area, fit drip tray, fix source of leak, place warning signage",Housekeeping checklist each shift; leak detection in daily round,Sneha Patil,Closed,7.3
INC-1818,2026-01-08 16:53,Shift In-charge R. Nandini,CNC-01,Line-A,Robot on CNC-01 (CNC Milling Machine) positioning drift,"robot on CNC-01 (CNC Milling Machine) positioning drift, parts picked off-centre Happened during night shift. Line stopped intermittently.",Automation,High,Method,Robot TCP not re-calibrated after collision/e-stop recovery; no recovery procedure,"Re-teach TCP and vision calibration, validate with test pieces",Document post-e-stop recovery SOP; add calibration check to start-of-shift routine,Anita Sharma,Closed,13.8
INC-1819,2026-01-09 15:01,Operator S. Revathi,CMP-01,Utilities,CMP-01 (Air Compressor) PLC rebooting randomly,"FYI - CMP-01 (Air Compressor) PLC rebooting randomly, panel lights flicker Started after lunch break. Shipment on hold, customer escalation.",Electrical,Critical,Environment,Unstable supply voltage during peak load; no voltage stabilizer on control circuit,"Install stabilizer/UPS on control circuit, tighten incoming terminals",Power quality monitoring on feeder; load balancing across shifts,Deepa Nair,Closed,5.7
INC-1820,2026-01-10 13:33,Operator M. Pooja,PRS-02,Line-B,Dimension rejection from PRS-02 (Stamping Press) batch,"URGENT: dimension rejection from prs-02 (stamping press) batch, gauge reading above limit Seen 2 times today. Line is running at reduced speed.",Quality,Medium,Measurement,Gauge out of calibration and tool offset not updated after tool change,"Recalibrate gauge, reset tool offset, re-inspect last batch and quarantine suspects",Calibration schedule tracked in system; mandatory first-piece inspection after tool change,Meena Iyer,Closed,22.7
INC-1821,2026-01-11 23:57,Operator M. Pooja,PRS-02,Line-B,Barcode scanner at PRS-02 (Stamping Press) failing to read labels,"Reported by operator: barcode scanner at PRS-02 (Stamping Press) failing to read labels Workaround in place, low urgency.",Automation,Low,Measurement,Gateway service stopped after server patching; scanner lens dirty,"Restart and auto-enable gateway service, clean scanner, backfill missed counts",Service health monitoring with alerts; scanner cleaning in daily checklist,Deepa Nair,Closed,37.0
INC-1822,2026-01-12 06:14,Operator S. Lakshmi,PKG-01,Line-F,Operator minor injury,"operator minor injury - slipped near PKG-01 (Packaging Unit) on spilled coolant Seen 2 times today. Shipment on hold, customer escalation.",Safety,Critical,Environment,Coolant/oil leak not cleaned promptly; no drip tray and housekeeping gap,"Clean area, fit drip tray, fix source of leak, place warning signage",Housekeeping checklist each shift; leak detection in daily round,Sneha Patil,Closed,5.8
INC-1823,2026-01-12 09:49,Operator T. Mary,WLD-01,Line-D,Emergency stop on WLD-01 (Welding Robot) not responding during test,emergency stop on WLD-01 (Welding Robot) not responding during test Entire line down.,Safety,Critical,Man,Guard removed during maintenance and not refitted; no sign-off before restart,"Refit guard, restore interlock, retest e-stop, counsel involved personnel",Lockout-tagout with restart sign-off checklist; periodic safety audit and retraining,Sneha Patil,Closed,2.7
INC-1824,2026-01-12 12:03,Supervisor R. Kavitha,CMP-01,Utilities,Line stopped at CMP-01 (Air Compressor),"Pls check: line stopped at CMP-01 (Air Compressor) - material not delivered on time Please check asap. Cosmetic only, can wait for planned maintenance.",Process,Low,Material,Kanban signal missed and supplier delivery schedule not aligned with production plan,"Expedite material, verify grade before loading",Revise reorder points; weekly supplier delivery review; incoming grade check,Sneha Patil,Closed,52.0
INC-1825,2026-01-12 12:33,Operator M. Pooja,PKG-01,Line-F,Weld porosity found in samples from PKG-01 (Packaging Unit),Reported by operator: weld porosity found in samples from PKG-01 (Packaging Unit) Started after lunch break. Some rework needed.,Quality,High,Material,Shielding gas contamination and moisture in wire spool,"Replace gas cylinder and wire spool, re-weld and re-test affected parts",Store wire in dry cabinet; gas purity check on cylinder receipt,Shivani,Closed,2.9
INC-1826,2026-01-12 20:31,Shift In-charge R. Nandini,CNV-01,Line-C,Robot on CNV-01 (Conveyor Belt) positioning drift,"robot on CNV-01 (Conveyor Belt) positioning drift, parts picked off-centre Started after lunch break. Throughput down by half.",Automation,High,Method,Robot TCP not re-calibrated after collision/e-stop recovery; no recovery procedure,"Re-teach TCP and vision calibration, validate with test pieces",Document post-e-stop recovery SOP; add calibration check to start-of-shift routine,Anita Sharma,Closed,8.3
INC-1827,2026-01-12 23:34,Line Lead A. Swathi,WLD-01,Line-D,Cycle time on WLD-01 (Welding Robot) increased by 15 percent this week,cycle time on WLD-01 (Welding Robot) increased by 15 percent this week Happened during night shift. Line stopped intermittently.,Process,Medium,Method,Changeover steps not standardized; operators using different sequences,Time-study the sequence and publish standard work for changeover,SMED workshop; visual work instruction at station; monthly process audit,Priya Menon,Closed,6.1
INC-1828,2026-01-14 15:24,Shift In-charge R. Nandini,WLD-01,Line-D,Operator minor injury,operator minor injury - slipped near WLD-01 (Welding Robot) on spilled coolant Production affected.,Safety,Medium,Environment,Coolant/oil leak not cleaned promptly; no drip tray and housekeeping gap,"Clean area, fit drip tray, fix source of leak, place warning signage",Housekeeping checklist each shift; leak detection in daily round,Ravi Kumar,Closed,19.8
INC-1829,2026-01-15 19:16,Shift In-charge R. Nandini,CNC-01,Line-A,Weak weld joints detected in destructive test,"URGENT: weak weld joints detected in destructive test, CNC-01 (CNC Milling Machine) Seen 2 times today. Production affected.",Quality,Medium,Material,Shielding gas contamination and moisture in wire spool,"Replace gas cylinder and wire spool, re-weld and re-test affected parts",Store wire in dry cabinet; gas purity check on cylinder receipt,Meena Iyer,Closed,20.3
INC-1830,2026-01-16 01:10,Operator A. Raj,PKG-01,Line-F,Unusual vibration and high-pitched noise on PKG-01 (Packaging Unit) during run,FYI - unusual vibration and high-pitched noise on PKG-01 (Packaging Unit) during run Happened during night shift. Throughput down by half.,Mechanical,High,Machine,Bearing wear due to inadequate lubrication over multiple shifts,"Replace worn bearing, re-grease and realign shaft, run 30-min trial",Add bearing lubrication to weekly PM checklist; install vibration sensor with alert threshold,Divya S,Closed,8.9
INC-1831,2026-01-16 10:40,Operator M. Pooja,CNC-02,Line-A,Power supply voltage fluctuation,"Pls check: power supply voltage fluctuation, CNC-02 (CNC Lathe) control panel resetting Started after lunch break. Minor, running normally.",Electrical,Low,Environment,Unstable supply voltage during peak load; no voltage stabilizer on control circuit,"Install stabilizer/UPS on control circuit, tighten incoming terminals",Power quality monitoring on feeder; load balancing across shifts,Deepa Nair,Closed,31.0
INC-1832,2026-01-16 16:48,Operator T. Mary,CNV-02,Line-C,CNV-02 (Conveyor Belt) drive belt tension low,"CNV-02 (Conveyor Belt) drive belt tension low, intermittent stops Seen 2 times today. Output down slightly.",Mechanical,Medium,Method,Belt tension not checked after last maintenance; no standard tension procedure,"Re-tension and align belt, replace frayed section",Create SOP with tension measurement values; add post-maintenance verification step,Priya Menon,Closed,19.0
INC-1833,2026-01-16 19:18,Shift In-charge R. Nandini,CNV-02,Line-C,Robot on CNV-02 (Conveyor Belt) stopped with servo alarm,robot on CNV-02 (Conveyor Belt) stopped with servo alarm Happened during night shift. Customer order at risk.,Automation,High,Machine,Firmware mismatch after last update and weak network cable between HMI and PLC,"Reflash correct firmware, replace network cable, verify communication",Change-control for firmware updates with rollback plan; periodic network health test,Deepa Nair,Closed,12.5
INC-1834,2026-01-18 08:58,Operator S. Revathi,PKG-01,Line-F,Robot on PKG-01 (Packaging Unit) stopped with servo alarm,robot on PKG-01 (Packaging Unit) stopped with servo alarm Started after lunch break. Output down slightly.,Automation,Medium,Machine,Firmware mismatch after last update and weak network cable between HMI and PLC,"Reflash correct firmware, replace network cable, verify communication",Change-control for firmware updates with rollback plan; periodic network health test,Anita Sharma,Closed,16.5
INC-1835,2026-01-19 00:29,Operator T. Mary,ASM-01,Line-E,ASM-01 (Assembly Station) sensor not detecting parts,"Pls check: ASM-01 (Assembly Station) sensor not detecting parts, line stops randomly Production affected.",Electrical,Medium,Machine,Loose connector and damaged cable insulation at sensor due to vibration,"Re-terminate connector, replace damaged cable, secure with clamps",Use vibration-rated connectors; add cable routing check to monthly inspection,Divya S,Closed,14.6
INC-1836,2026-01-19 00:55,Operator S. Lakshmi,WLD-02,Line-D,Operator minor injury,operator minor injury - slipped near WLD-02 (Welding Robot) on spilled coolant Happened during night shift. Throughput down by half.,Safety,High,Environment,Coolant/oil leak not cleaned promptly; no drip tray and housekeeping gap,"Clean area, fit drip tray, fix source of leak, place warning signage",Housekeeping checklist each shift; leak detection in daily round,Sneha Patil,Closed,8.3
INC-1837,2026-01-20 05:26,Operator S. Lakshmi,PRS-01,Line-B,Surface scratches found on products from PRS-01 (Hydraulic Press),FYI - surface scratches found on products from PRS-01 (Hydraulic Press) Happened during night shift. Customer order at risk.,Quality,Critical,Method,Parts contacting each other during handling due to missing separators in trolley,"Sort and rework affected lot, add separators to trolley",Update handling work instruction; add visual check at station exit,Shivani,Closed,2.2
INC-1838,2026-01-20 05:59,Operator A. Raj,CNV-02,Line-C,CNV-02 (Conveyor Belt) tripped on overload,"Reported by operator: CNV-02 (Conveyor Belt) tripped on overload, motor hot to touch Line stopped intermittently.",Electrical,High,Machine,Motor winding insulation degraded causing high current draw,"Replace motor, verify current draw within rated limits",Quarterly insulation resistance test; thermal imaging scan in PM schedule,Anita Sharma,Closed,6.2
INC-1839,2026-01-20 06:35,Operator S. Lakshmi,CNC-02,Line-A,Proximity sensor on CNC-02 (CNC Lathe) giving intermittent signal,proximity senser on CNC-02 (CNC Lathe) giving intermittent signal Output down slightly.,Electrical,Medium,Machine,Loose connector and damaged cable insulation at sensor due to vibration,"Re-terminate connector, replace damaged cable, secure with clamps",Use vibration-rated connectors; add cable routing check to monthly inspection,Anita Sharma,Closed,11.6
INC-1840,2026-01-21 15:15,Line Lead A. Swathi,WLD-01,Line-D,Wrong material grade supplied to WLD-01 (Welding Robot),Pls check: wrong material grade supplied to wld-01 (welding robot) Started after lunch break. Some rework needed.,Process,Medium,Material,Kanban signal missed and supplier delivery schedule not aligned with production plan,"Expedite material, verify grade before loading",Revise reorder points; weekly supplier delivery review; incoming grade check,Sneha Patil,Closed,16.4
INC-1841,2026-01-21 15:30,Supervisor R. Kavitha,CNV-01,Line-C,Control panel of CNV-01 (Conveyor Belt) shows undervoltage alarm,Reported by operator: control panel of CNV-01 (Conveyor Belt) shows undervoltage alarm Started after lunch break. Throughput down by half.,Electrical,High,Environment,Unstable supply voltage during peak load; no voltage stabilizer on control circuit,"Install stabilizer/UPS on control circuit, tighten incoming terminals",Power quality monitoring on feeder; load balancing across shifts,Deepa Nair,Closed,8.8
INC-1842,2026-01-21 17:12,Shift In-charge R. Nandini,PRS-02,Line-B,Robot on PRS-02 (Stamping Press) stopped with servo alarm,"FYI - robot on PRS-02 (Stamping Press) stopped with servo alarm Started after lunch break. Machine stopped, no backup available.",Automation,Critical,Machine,Firmware mismatch after last update and weak network cable between HMI and PLC,"Reflash correct firmware, replace network cable, verify communication",Change-control for firmware updates with rollback plan; periodic network health test,Deepa Nair,Closed,3.6
INC-1843,2026-01-21 23:31,Operator A. Raj,CNC-01,Line-A,CNC-01 (CNC Milling Machine) PLC rebooting randomly,"URGENT: CNC-01 (CNC Milling Machine) PLC rebooting randomly, panel lights flicker Seen 2 times today. Customer order at risk.",Electrical,Critical,Environment,Unstable supply voltage during peak load; no voltage stabilizer on control circuit,"Install stabilizer/UPS on control circuit, tighten incoming terminals",Power quality monitoring on feeder; load balancing across shifts,Anita Sharma,Closed,4.1
INC-1844,2026-01-22 14:45,Supervisor R. Kavitha,ASM-01,Line-E,PLC fault code on ASM-01 (Assembly Station),"Pls check: PLC fault code on ASM-01 (Assembly Station), program halted Started after lunch break. Line is running at reduced speed.",Automation,Medium,Machine,Firmware mismatch after last update and weak network cable between HMI and PLC,"Reflash correct firmware, replace network cable, verify communication",Change-control for firmware updates with rollback plan; periodic network health test,Anita Sharma,Closed,19.1
INC-1845,2026-01-23 20:34,Operator A. Raj,WLD-01,Line-D,Interlock on WLD-01 (Welding Robot) door bypassed with tape,"Reported by operator: interlock on WLD-01 (Welding Robot) door bypassed with tape Happened during night shift. Shipment on hold, customer escalation.",Safety,Critical,Man,Guard removed during maintenance and not refitted; no sign-off before restart,"Refit guard, restore interlock, retest e-stop, counsel involved personnel",Lockout-tagout with restart sign-off checklist; periodic safety audit and retraining,Sneha Patil,Closed,6.4
INC-1846,2026-01-24 06:16,Operator A. Raj,WLD-02,Line-D,MES not receiving production count from WLD-02 (Welding Robot),URGENT: MES not receiving production count from WLD-02 (Welding Robot) Seen 2 times today.,Automation,High,Measurement,Gateway service stopped after server patching; scanner lens dirty,"Restart and auto-enable gateway service, clean scanner, backfill missed counts",Service health monitoring with alerts; scanner cleaning in daily checklist,Anita Sharma,Closed,6.7
INC-1847,2026-01-25 11:10,Operator T. Mary,PNT-01,Line-E,Parts from PNT-01 (Paint Booth) out of tolerance,"Pls check: parts from PNT-01 (Paint Booth) out of tolerance, diameter oversize by 0.05 mm Not first time. Some rework needed.",Quality,Medium,Measurement,Gauge out of calibration and tool offset not updated after tool change,"Recalibrate gauge, reset tool offset, re-inspect last batch and quarantine suspects",Calibration schedule tracked in system; mandatory first-piece inspection after tool change,Shivani,Closed,21.1
INC-1848,2026-01-25 13:07,Operator A. Raj,WLD-01,Line-D,WLD-01 (Welding Robot) drive belt tension low,"FYI - WLD-01 (Welding Robot) drive belt tension low, intermittent stops Please check asap. Workaround in place, low urgency.",Mechanical,Low,Method,Belt tension not checked after last maintenance; no standard tension procedure,"Re-tension and align belt, replace frayed section",Create SOP with tension measurement values; add post-maintenance verification step,Priya Menon,Closed,54.1
INC-1849,2026-01-25 15:49,Operator M. Pooja,ASM-01,Line-E,Near miss: operator slipped on oil near ASM-01 (Assembly Station),URGENT: near miss: operator slipped on oil near ASM-01 (Assembly Station) Please check asap. Line stopped intermittently.,Safety,High,Environment,Coolant/oil leak not cleaned promptly; no drip tray and housekeeping gap,"Clean area, fit drip tray, fix source of leak, place warning signage",Housekeeping checklist each shift; leak detection in daily round,Ravi Kumar,Closed,10.3
INC-1850,2026-01-25 22:51,Operator S. Revathi,ASM-01,Line-E,Motor of ASM-01 (Assembly Station) keeps tripping breaker after 10 minutes of ru,Reported by operator: motor of ASM-01 (Assembly Station) keeps tripping breaker after 10 minutes of running Not first time. Line is running at reduced speed.,Electrical,Medium,Machine,Motor winding insulation degraded causing high current draw,"Replace motor, verify current draw within rated limits",Quarterly insulation resistance test; thermal imaging scan in PM schedule,Deepa Nair,Closed,20.4
INC-1851,2026-01-25 22:53,Operator S. Lakshmi,PRS-01,Line-B,Safety guard missing on PRS-01 (Hydraulic Press),"Reported by operator: safety guard missing on PRS-01 (Hydraulic Press), operator noticed during start of shift Happened during night shift. Big scrap pile building up.",Safety,High,Man,Guard removed during maintenance and not refitted; no sign-off before restart,"Refit guard, restore interlock, retest e-stop, counsel involved personnel",Lockout-tagout with restart sign-off checklist; periodic safety audit and retraining,Deepa Nair,Closed,7.4
INC-1852,2026-01-26 13:11,Operator T. Mary,CNC-01,Line-A,Barcode scanner at CNC-01 (CNC Milling Machine) failing to read labels,barcode scanner at CNC-01 (CNC Milling Machine) failing to read labels Started after lunch break. No impact on output.,Automation,Low,Measurement,Gateway service stopped after server patching; scanner lens dirty,"Restart and auto-enable gateway service, clean scanner, backfill missed counts",Service health monitoring with alerts; scanner cleaning in daily checklist,Deepa Nair,Closed,36.8
INC-1853,2026-01-27 01:35,Line Lead A. Swathi,CNV-01,Line-C,Emergency stop on CNV-01 (Conveyor Belt) not responding during test,"emergency stop on CNV-01 (Conveyor Belt) not responding during test Started after lunch break. Shipment on hold, customer escalation.",Safety,Critical,Man,Guard removed during maintenance and not refitted; no sign-off before restart,"Refit guard, restore interlock, retest e-stop, counsel involved personnel",Lockout-tagout with restart sign-off checklist; periodic safety audit and retraining,Sneha Patil,Closed,2.3
INC-1854,2026-01-27 09:19,Line Lead A. Swathi,PKG-01,Line-F,PKG-01 (Packaging Unit) vision system rejecting good parts,URGENT: PKG-01 (Packaging Unit) vision system rejecting good parts Please check asap. Line stopped intermittently.,Automation,High,Method,Robot TCP not re-calibrated after collision/e-stop recovery; no recovery procedure,"Re-teach TCP and vision calibration, validate with test pieces",Document post-e-stop recovery SOP; add calibration check to start-of-shift routine,Deepa Nair,Closed,8.6
INC-1855,2026-01-27 20:57,Supervisor R. Kavitha,CMP-01,Utilities,Overheating cable observed at CMP-01 (Air Compressor),"Pls check: overheating cable observed at CMP-01 (Air Compressor), insulation discoloured Shipment on hold, customer escalation.",Safety,Critical,Machine,Undersized cable and loose lug causing overheating under load,"Isolate power, replace cable with correct rating, tighten and torque-mark lugs",Thermography survey of panels every quarter; cable sizing review on any load addition,Sneha Patil,Closed,5.6
INC-1856,2026-01-28 01:38,Shift In-charge R. Nandini,PRS-02,Line-B,Motor of PRS-02 (Stamping Press) keeps tripping breaker after 10 minutes of runn,motor of PRS-02 (Stamping Press) keeps tripping breaker after 10 minutes of running Entire line down.,Electrical,Critical,Machine,Motor winding insulation degraded causing high current draw,"Replace motor, verify current draw within rated limits",Quarterly insulation resistance test; thermal imaging scan in PM schedule,Deepa Nair,Closed,4.8
INC-1857,2026-01-28 04:11,Line Lead A. Swathi,CNV-02,Line-C,Metal grinding sound coming from CNV-02 (Conveyor Belt) drive section,Pls check: metal grinding sound coming from CNV-02 (Conveyor Belt) drive section Throughput down by half.,Mechanical,High,Machine,Bearing wear due to inadequate lubrication over multiple shifts,"Replace worn bearing, re-grease and realign shaft, run 30-min trial",Add bearing lubrication to weekly PM checklist; install vibration sensor with alert threshold,Priya Menon,Closed,13.3
INC-1858,2026-01-28 07:37,Shift In-charge R. Nandini,CNV-01,Line-C,Metal grinding sound coming from CNV-01 (Conveyor Belt) drive section,metal grinding sound coming from CNV-01 (Conveyor Belt) drive section Started after lunch break. Throughput down by half.,Mechanical,High,Machine,Bearing wear due to inadequate lubrication over multiple shifts,"Replace worn bearing, re-grease and realign shaft, run 30-min trial",Add bearing lubrication to weekly PM checklist; install vibration sensor with alert threshold,Meena Iyer,Closed,6.5
INC-1859,2026-01-28 09:40,Operator M. Pooja,CNV-01,Line-C,CNV-01 (Conveyor Belt) PLC rebooting randomly,"FYI - CNV-01 (Conveyor Belt) PLC rebooting randomly, panel lights flicker Please check asap. Throughput down by half.",Electrical,High,Environment,Unstable supply voltage during peak load; no voltage stabilizer on control circuit,"Install stabilizer/UPS on control circuit, tighten incoming terminals",Power quality monitoring on feeder; load balancing across shifts,Deepa Nair,Closed,9.4
INC-1860,2026-01-28 14:05,Supervisor R. Kavitha,CNV-02,Line-C,Parts from CNV-02 (Conveyor Belt) out of tolerance,"FYI - parts from CNV-02 (Conveyor Belt) out of tolerance, diameter oversize by 0.05 mm Please check asap. Big scrap pile building up.",Quality,High,Measurement,Gauge out of calibration and tool offset not updated after tool change,"Recalibrate gauge, reset tool offset, re-inspect last batch and quarantine suspects",Calibration schedule tracked in system; mandatory first-piece inspection after tool change,Meena Iyer,Closed,10.6
INC-1861,2026-01-29 01:02,Shift In-charge R. Nandini,WLD-02,Line-D,WLD-02 (Welding Robot) PLC rebooting randomly,"WLD-02 (Welding Robot) PLC rebooting randomly, panel lights flicker Started after lunch break. Machine stopped, no backup available.",Electrical,Critical,Environment,Unstable supply voltage during peak load; no voltage stabilizer on control circuit,"Install stabilizer/UPS on control circuit, tighten incoming terminals",Power quality monitoring on feeder; load balancing across shifts,Sneha Patil,Closed,5.6
INC-1862,2026-01-29 05:55,Operator A. Raj,PRS-01,Line-B,PRS-01 (Hydraulic Press) bearing sounds rough,"PRS-01 (Hydraulic Press) bearing sounds rough, temperature rising near motor end Happened during night shift. Throughput down by half.",Mechanical,Critical,Machine,Bearing wear due to inadequate lubrication over multiple shifts,"Replace worn bearing, re-grease and realign shaft, run 30-min trial",Add bearing lubrication to weekly PM checklist; install vibration sensor with alert threshold,Divya S,Closed,2.5
INC-1863,2026-01-29 07:52,Supervisor R. Kavitha,ASM-01,Line-E,Slip hazard reported around ASM-01 (Assembly Station),"Reported by operator: slip hazard reported around ASM-01 (Assembly Station), floor wet and oily Started after lunch break. Shipment on hold, customer escalation.",Safety,Critical,Environment,Coolant/oil leak not cleaned promptly; no drip tray and housekeeping gap,"Clean area, fit drip tray, fix source of leak, place warning signage",Housekeeping checklist each shift; leak detection in daily round,Sneha Patil,Closed,3.3
INC-1864,2026-01-29 12:48,Operator S. Lakshmi,CMP-01,Utilities,Wrong material grade supplied to CMP-01 (Air Compressor),wrong material grade supplied to CMP-01 (Air Compressor) Please check asap. Line is running at reduced speed.,Process,High,Material,Kanban signal missed and supplier delivery schedule not aligned with production plan,"Expedite material, verify grade before loading",Revise reorder points; weekly supplier delivery review; incoming grade check,Sneha Patil,Closed,7.7
INC-1865,2026-01-29 15:55,Operator S. Revathi,ASM-01,Line-E,Proximity sensor on ASM-01 (Assembly Station) giving intermittent signal,proximity sensor on ASM-01 (Assembly Station) giving intermittent signal Seen 2 times today. Some rework needed.,Electrical,Medium,Machine,Loose connector and damaged cable insulation at sensor due to vibration,"Re-terminate connector, replace damaged cable, secure with clamps",Use vibration-rated connectors; add cable routing check to monthly inspection,Anita Sharma,Closed,25.4
INC-1866,2026-01-30 05:02,Shift In-charge R. Nandini,PRS-02,Line-B,PRS-02 (Stamping Press) vision system rejecting good parts,PRS-02 (Stamping Press) vision system rejecting good parts Seen 2 times today. No impact on output.,Automation,Low,Method,Robot TCP not re-calibrated after collision/e-stop recovery; no recovery procedure,"Re-teach TCP and vision calibration, validate with test pieces",Document post-e-stop recovery SOP; add calibration check to start-of-shift routine,Anita Sharma,Closed,49.3
INC-1867,2026-01-30 13:12,Operator S. Lakshmi,PRS-01,Line-B,PRS-01 (Hydraulic Press) drive belt tension low,"URGENT: PRS-01 (Hydraulic Press) drive belt tension low, intermittent stops Started after lunch break.",Mechanical,Critical,Method,Belt tension not checked after last maintenance; no standard tension procedure,"Re-tension and align belt, replace frayed section",Create SOP with tension measurement values; add post-maintenance verification step,Priya Menon,Closed,3.8
INC-1868,2026-02-01 01:19,Operator S. Revathi,PKG-01,Line-F,Proximity sensor on PKG-01 (Packaging Unit) giving intermittent signal,"Reported by operator: proximity sensor on PKG-01 (Packaging Unit) giving intermittent signal Workaround in place, low urgency.",Electrical,Medium,Machine,Loose connector and damaged cable insulation at sensor due to vibration,"Re-terminate connector, replace damaged cable, secure with clamps",Use vibration-rated connectors; add cable routing check to monthly inspection,Deepa Nair,Closed,19.9
INC-1869,2026-02-01 07:30,Operator S. Revathi,WLD-02,Line-D,WLD-02 (Welding Robot) coating uneven,"FYI - WLD-02 (Welding Robot) coating uneven, orange peel texture on panels Happened during night shift. Big scrap pile building up.",Process,Critical,Environment,Booth humidity and temperature outside spec; filter clogged,"Replace filters, adjust HVAC setpoints, re-coat affected parts",Add humidity/temperature alarm; filter change interval in PM plan,Deepa Nair,Closed,4.2
INC-1870,2026-02-01 21:33,Operator A. Raj,WLD-01,Line-D,Oil leak at hose joint of WLD-01 (Welding Robot),"Reported by operator: oil leak at hose joint of WLD-01 (Welding Robot), machine slow to respond Started after lunch break. Some rework needed.",Mechanical,Medium,Material,Hydraulic seal degraded due to age and use of non-spec seal material,"Replace seal and hose with OEM-spec parts, top up and bleed hydraulic oil",Define seal replacement interval; stock only OEM-approved spares; add leak inspection to daily round,Ravi Kumar,Closed,15.8
INC-1871,2026-02-03 03:49,Operator S. Revathi,CNV-02,Line-C,CNV-02 (Conveyor Belt) PLC rebooting randomly,"FYI - CNV-02 (Conveyor Belt) PLC rebooting randomly, panel lights flicker Seen 2 times today. Entire line down.",Electrical,Critical,Environment,Unstable supply voltage during peak load; no voltage stabilizer on control circuit,"Install stabilizer/UPS on control circuit, tighten incoming terminals",Power quality monitoring on feeder; load balancing across shifts,Anita Sharma,Closed,6.4
INC-1872,2026-02-03 06:07,Operator M. Pooja,CNC-02,Line-A,Robot on CNC-02 (CNC Lathe) positioning drift,"Pls check: robot on CNC-02 (CNC Lathe) positioning drift, parts picked off-centre Seen 2 times today.",Automation,High,Method,Robot TCP not re-calibrated after collision/e-stop recovery; no recovery procedure,"Re-teach TCP and vision calibration, validate with test pieces",Document post-e-stop recovery SOP; add calibration check to start-of-shift routine,Anita Sharma,Closed,7.6
INC-1873,2026-02-04 01:28,Operator T. Mary,WLD-01,Line-D,Near miss: operator slipped on oil near WLD-01 (Welding Robot),"near miss: operator slipped on oil near wld-01 (welding robot) Seen 2 times today. Shipment on hold, customer escalation.",Safety,Critical,Environment,Coolant/oil leak not cleaned promptly; no drip tray and housekeeping gap,"Clean area, fit drip tray, fix source of leak, place warning signage",Housekeeping checklist each shift; leak detection in daily round,Divya S,Closed,4.4
INC-1874,2026-02-04 11:11,Operator T. Mary,ASM-01,Line-E,Paint thickness inconsistent on parts from ASM-01 (Assembly Station),"FYI - paint thickness inconsistent on parts from ASM-01 (Assembly Station) Person injured, first aid given.",Process,High,Environment,Booth humidity and temperature outside spec; filter clogged,"Replace filters, adjust HVAC setpoints, re-coat affected parts",Add humidity/temperature alarm; filter change interval in PM plan,Sneha Patil,Closed,8.9
INC-1875,2026-02-05 03:55,Line Lead A. Swathi,CNV-02,Line-C,CNV-02 (Conveyor Belt) belt slipping and product jerking on the line,CNV-02 (Conveyor Belt) belt slipping and product jerking on the line Happened during night shift. Line stopped intermittently.,Mechanical,High,Method,Belt tension not checked after last maintenance; no standard tension procedure,"Re-tension and align belt, replace frayed section",Create SOP with tension measurement values; add post-maintenance verification step,Priya Menon,Closed,6.4
INC-1876,2026-02-05 06:30,Operator A. Raj,PRS-02,Line-B,PRS-02 (Stamping Press) tripped on overload,"URGENT: PRS-02 (Stamping Press) tripped on overload, motor hot to touch Please check asap. Cosmetic only, can wait for planned maintenance.",Electrical,Low,Machine,Motor winding insulation degraded causing high current draw,"Replace motor, verify current draw within rated limits",Quarterly insulation resistance test; thermal imaging scan in PM schedule,Deepa Nair,Closed,47.8
INC-1877,2026-02-05 16:29,Operator A. Raj,CNC-01,Line-A,CNC-01 (CNC Milling Machine) tripped on overload,"Reported by operator: CNC-01 (CNC Milling Machine) tripped on overload, motor hot to touch Production affected.",Electrical,Medium,Machine,Motor winding insulation degraded causing high current draw,"Replace motor, verify current draw within rated limits",Quarterly insulation resistance test; thermal imaging scan in PM schedule,Deepa Nair,Closed,21.7
INC-1878,2026-02-06 05:55,Operator T. Mary,PKG-01,Line-F,PKG-01 (Packaging Unit) sensor not detecting parts,"Pls check: PKG-01 (Packaging Unit) sensor not detecting parts, line stops randomly Production affected.",Electrical,Low,Machine,Loose connector and damaged cable insulation at sensor due to vibration,"Re-terminate connector, replace damaged cable, secure with clamps",Use vibration-rated connectors; add cable routing check to monthly inspection,Divya S,Closed,48.1
INC-1879,2026-02-06 10:08,Operator S. Lakshmi,PNT-01,Line-E,Motor of PNT-01 (Paint Booth) keeps tripping breaker after 10 minutes of running,FYI - motor of PNT-01 (Paint Booth) keeps tripping breaker after 10 minutes of running Please check asap. Production affected.,Electrical,Medium,Machine,Motor winding insulation degraded causing high current draw,"Replace motor, verify current draw within rated limits",Quarterly insulation resistance test; thermal imaging scan in PM schedule,Divya S,Closed,9.6
INC-1880,2026-02-06 17:28,Line Lead A. Swathi,PNT-01,Line-E,Burning smell from electrical panel of PNT-01 (Paint Booth),Reported by operator: burning smell from electrical panel of pnt-01 (paint booth) Please check asap. Entire line down.,Safety,Critical,Machine,Undersized cable and loose lug causing overheating under load,"Isolate power, replace cable with correct rating, tighten and torque-mark lugs",Thermography survey of panels every quarter; cable sizing review on any load addition,Ravi Kumar,Closed,1.7
INC-1881,2026-02-06 21:38,Supervisor R. Kavitha,CNC-01,Line-A,Operator minor injury,"operator minor injury - slipped near CNC-01 (CNC Milling Machine) on spilled coolant Machine stopped, no backup available.",Safety,Critical,Environment,Coolant/oil leak not cleaned promptly; no drip tray and housekeeping gap,"Clean area, fit drip tray, fix source of leak, place warning signage",Housekeeping checklist each shift; leak detection in daily round,Sneha Patil,Closed,6.0
INC-1882,2026-02-07 10:01,Operator S. Lakshmi,PKG-01,Line-F,Hydraulic oil leaking under PKG-01 (Packaging Unit),"URGENT: hydraulic oil leaking under PKG-01 (Packaging Unit), puddle on floor Output down slightly.",Mechanical,Medium,Material,Hydraulic seal degraded due to age and use of non-spec seal material,"Replace seal and hose with OEM-spec parts, top up and bleed hydraulic oil",Define seal replacement interval; stock only OEM-approved spares; add leak inspection to daily round,Priya Menon,Closed,15.0
INC-1883,2026-02-08 13:49,Operator S. Revathi,PRS-01,Line-B,Paint thickness inconsistent on parts from PRS-01 (Hydraulic Press),paint thickness inconsistent on parts from PRS-01 (Hydraulic Press) Please check asap. Production affected.,Process,Medium,Environment,Booth humidity and temperature outside spec; filter clogged,"Replace filters, adjust HVAC setpoints, re-coat affected parts",Add humidity/temperature alarm; filter change interval in PM plan,Meena Iyer,Closed,23.4
INC-1884,2026-02-08 21:17,Line Lead A. Swathi,WLD-01,Line-D,Visual defect,FYI - visual defect - scratches and dents on parts after wld-01 (welding robot) Production affected.,Quality,Medium,Method,Parts contacting each other during handling due to missing separators in trolley,"Sort and rework affected lot, add separators to trolley",Update handling work instruction; add visual check at station exit,Meena Iyer,Closed,23.4
INC-1885,2026-02-09 04:13,Operator T. Mary,PRS-02,Line-B,PRS-02 (Stamping Press) drive belt tension low,"FYI - PRS-02 (Stamping Press) drive belt tension low, intermittent stops Happened during night shift.",Mechanical,Medium,Method,Belt tension not checked after last maintenance; no standard tension procedure,"Re-tension and align belt, replace frayed section",Create SOP with tension measurement values; add post-maintenance verification step,Divya S,Closed,15.7
INC-1886,2026-02-09 13:23,Operator M. Pooja,WLD-02,Line-D,Robot on WLD-02 (Welding Robot) stopped with servo alarm,robot on WLD-02 (Welding Robot) stopped with servo alarm Production affected.,Automation,Medium,Machine,Firmware mismatch after last update and weak network cable between HMI and PLC,"Reflash correct firmware, replace network cable, verify communication",Change-control for firmware updates with rollback plan; periodic network health test,Anita Sharma,Closed,23.7
INC-1887,2026-02-09 22:49,Operator S. Revathi,CMP-01,Utilities,MES not receiving production count from CMP-01 (Air Compressor),FYI - MES not receiving production count from CMP-01 (Air Compressor),Automation,Medium,Measurement,Gateway service stopped after server patching; scanner lens dirty,"Restart and auto-enable gateway service, clean scanner, backfill missed counts",Service health monitoring with alerts; scanner cleaning in daily checklist,Deepa Nair,Closed,15.2
INC-1888,2026-02-10 20:07,Supervisor R. Kavitha,CNV-02,Line-C,Proximity sensor on CNV-02 (Conveyor Belt) giving intermittent signal,URGENT: proximity sensor on CNV-02 (Conveyor Belt) giving intermittent signal No impact on output.,Electrical,Medium,Machine,Loose connector and damaged cable insulation at sensor due to vibration,"Re-terminate connector, replace damaged cable, secure with clamps",Use vibration-rated connectors; add cable routing check to monthly inspection,Deepa Nair,Closed,14.1
INC-1889,2026-02-11 05:01,Operator S. Revathi,CNV-01,Line-C,Wrong material grade supplied to CNV-01 (Conveyor Belt),wrong material grade supplied to CNV-01 (Conveyor Belt) Please check asap. Some rework needed.,Process,Medium,Material,Kanban signal missed and supplier delivery schedule not aligned with production plan,"Expedite material, verify grade before loading",Revise reorder points; weekly supplier delivery review; incoming grade check,Sneha Patil,Closed,12.0
INC-1890,2026-02-11 11:49,Operator A. Raj,WLD-01,Line-D,WLD-01 (Welding Robot) tripped on overload,"WLD-01 (Welding Robot) tripped on overload, motor hot to touch Please check asap. Line is running at reduced speed.",Electrical,Medium,Machine,Motor winding insulation degraded causing high current draw,"Replace motor, verify current draw within rated limits",Quarterly insulation resistance test; thermal imaging scan in PM schedule,Divya S,Closed,30.0
INC-1891,2026-02-11 15:09,Operator T. Mary,PKG-01,Line-F,Emergency stop on PKG-01 (Packaging Unit) not responding during test,FYI - emergency stop on PKG-01 (Packaging Unit) not responding during test Not first time. Big scrap pile building up.,Safety,High,Man,Guard removed during maintenance and not refitted; no sign-off before restart,"Refit guard, restore interlock, retest e-stop, counsel involved personnel",Lockout-tagout with restart sign-off checklist; periodic safety audit and retraining,Sneha Patil,Closed,10.5
INC-1892,2026-02-12 06:41,Operator S. Lakshmi,WLD-02,Line-D,Customer complaint: scratch marks on finished parts from WLD-02 (Welding Robot) ,FYI - customer complaint: scratch marks on finished parts from wld-02 (welding robot) line Please check asap. Production affected.,Quality,Medium,Method,Parts contacting each other during handling due to missing separators in trolley,"Sort and rework affected lot, add separators to trolley",Update handling work instruction; add visual check at station exit,Shivani,Closed,17.3
INC-1893,2026-02-12 12:03,Shift In-charge R. Nandini,PRS-02,Line-B,PRS-02 (Stamping Press) PLC rebooting randomly,"PRS-02 (Stamping Press) PLC rebooting randomly, panel lights flicker Seen 2 times today. Line stopped intermittently.",Electrical,High,Environment,Unstable supply voltage during peak load; no voltage stabilizer on control circuit,"Install stabilizer/UPS on control circuit, tighten incoming terminals",Power quality monitoring on feeder; load balancing across shifts,Deepa Nair,Closed,5.6
INC-1894,2026-02-13 02:14,Operator S. Lakshmi,PNT-01,Line-E,High rejection rate at PNT-01 (Paint Booth),FYI - high rejection rate at PNT-01 (Paint Booth) - dimensional mismatch found at inspection Please check asap. Output down slightly.,Quality,Medium,Measurement,Gauge out of calibration and tool offset not updated after tool change,"Recalibrate gauge, reset tool offset, re-inspect last batch and quarantine suspects",Calibration schedule tracked in system; mandatory first-piece inspection after tool change,Shivani,Closed,7.0
INC-1895,2026-02-13 03:56,Shift In-charge R. Nandini,CNC-02,Line-A,Overheating cable observed at CNC-02 (CNC Lathe),"overheating cable observed at CNC-02 (CNC Lathe), insulation discoloured Machine stopped, no backup available.",Safety,Critical,Machine,Undersized cable and loose lug causing overheating under load,"Isolate power, replace cable with correct rating, tighten and torque-mark lugs",Thermography survey of panels every quarter; cable sizing review on any load addition,Sneha Patil,Closed,5.7
INC-1896,2026-02-13 07:31,Shift In-charge R. Nandini,CNC-02,Line-A,Raw material shortage at CNC-02 (CNC Lathe),"Pls check: raw material shortage at CNC-02 (CNC Lathe), line waiting for feed Customer order at risk.",Process,High,Material,Kanban signal missed and supplier delivery schedule not aligned with production plan,"Expedite material, verify grade before loading",Revise reorder points; weekly supplier delivery review; incoming grade check,Meena Iyer,Closed,3.2
INC-1897,2026-02-13 09:53,Operator A. Raj,CNC-02,Line-A,Paint finish defect on CNC-02 (CNC Lathe),"paint finish defect on CNC-02 (CNC Lathe), run marks visible Customer order at risk.",Process,High,Environment,Booth humidity and temperature outside spec; filter clogged,"Replace filters, adjust HVAC setpoints, re-coat affected parts",Add humidity/temperature alarm; filter change interval in PM plan,Priya Menon,Closed,10.1
INC-1898,2026-02-13 19:01,Supervisor R. Kavitha,CNC-01,Line-A,CNC-01 (CNC Milling Machine) tripped on overload,"cnc-01 (cnc milling machine) tripped on overload, motor hot to touch Big scrap pile building up.",Electrical,High,Machine,Motor winding insulation degraded causing high current draw,"Replace motor, verify current draw within rated limits",Quarterly insulation resistance test; thermal imaging scan in PM schedule,Deepa Nair,Closed,6.8
INC-1899,2026-02-14 15:48,Operator T. Mary,PNT-01,Line-E,Robot on PNT-01 (Paint Booth) stopped with servo alarm,robot on PNT-01 (Paint Booth) stopped with servo alarm Throughput down by half.,Automation,High,Machine,Firmware mismatch after last update and weak network cable between HMI and PLC,"Reflash correct firmware, replace network cable, verify communication",Change-control for firmware updates with rollback plan; periodic network health test,Deepa Nair,Closed,7.3
INC-1900,2026-02-15 20:23,Line Lead A. Swathi,CNC-02,Line-A,Paint finish defect on CNC-02 (CNC Lathe),"paint finish defect on CNC-02 (CNC Lathe), run marks visible Line stopped intermittently.",Process,High,Environment,Booth humidity and temperature outside spec; filter clogged,"Replace filters, adjust HVAC setpoints, re-coat affected parts",Add humidity/temperature alarm; filter change interval in PM plan,Priya Menon,Closed,6.8
INC-1901,2026-02-16 00:13,Operator M. Pooja,PRS-01,Line-B,Production slow at PRS-01 (Hydraulic Press),"production slow at PRS-01 (Hydraulic Press), frequent waiting between steps Happened during night shift. No impact on output.",Process,Medium,Method,Changeover steps not standardized; operators using different sequences,Time-study the sequence and publish standard work for changeover,SMED workshop; visual work instruction at station; monthly process audit,Meena Iyer,Closed,16.7
INC-1902,2026-02-16 09:08,Operator A. Raj,ASM-01,Line-E,Belt on ASM-01 (Assembly Station) misaligned and edge fraying,URGENT: belt on ASM-01 (Assembly Station) misaligned and edge fraying Started after lunch break. Line stopped intermittently.,Mechanical,High,Method,Belt tension not checked after last maintenance; no standard tension procedure,"Re-tension and align belt, replace frayed section",Create SOP with tension measurement values; add post-maintenance verification step,Ravi Kumar,Closed,9.5
INC-1903,2026-02-16 20:48,Operator M. Pooja,PKG-01,Line-F,Near miss: operator slipped on oil near PKG-01 (Packaging Unit),near miss: operator slipped on oil near PKG-01 (Packaging Unit) Not first time. Line stopped intermittently.,Safety,Medium,Environment,Coolant/oil leak not cleaned promptly; no drip tray and housekeeping gap,"Clean area, fit drip tray, fix source of leak, place warning signage",Housekeeping checklist each shift; leak detection in daily round,Ravi Kumar,Closed,13.7
INC-1904,2026-02-17 00:08,Operator T. Mary,CNV-02,Line-C,False stop on CNV-02 (Conveyor Belt),"Reported by operator: false stop on CNV-02 (Conveyor Belt) - sensor flickering, wiring looks loose Please check asap. Entire line down.",Electrical,Critical,Machine,Loose connector and damaged cable insulation at sensor due to vibration,"Re-terminate connector, replace damaged cable, secure with clamps",Use vibration-rated connectors; add cable routing check to monthly inspection,Divya S,Closed,4.0
INC-1905,2026-02-17 08:43,Operator S. Revathi,PRS-02,Line-B,Oil leak at hose joint of PRS-02 (Stamping Press),"Reported by operator: oil leak at hose joint of PRS-02 (Stamping Press), machine slow to respond Happened during night shift. Line is running at reduced speed.",Mechanical,Medium,Material,Hydraulic seal degraded due to age and use of non-spec seal material,"Replace seal and hose with OEM-spec parts, top up and bleed hydraulic oil",Define seal replacement interval; stock only OEM-approved spares; add leak inspection to daily round,Shivani,Closed,5.8
INC-1906,2026-02-17 09:38,Operator S. Lakshmi,ASM-01,Line-E,Overcurrent fault on ASM-01 (Assembly Station) drive,"Pls check: overcurrent fault on ASM-01 (Assembly Station) drive, restart fails Started after lunch break.",Electrical,Medium,Machine,Motor winding insulation degraded causing high current draw,"Replace motor, verify current draw within rated limits",Quarterly insulation resistance test; thermal imaging scan in PM schedule,Priya Menon,Closed,10.6
INC-1907,2026-02-17 21:49,Operator M. Pooja,WLD-01,Line-D,Burning smell from electrical panel of WLD-01 (Welding Robot),"Reported by operator: burning smell from electrical panel of WLD-01 (Welding Robot) Shipment on hold, customer escalation.",Safety,Critical,Machine,Undersized cable and loose lug causing overheating under load,"Isolate power, replace cable with correct rating, tighten and torque-mark lugs",Thermography survey of panels every quarter; cable sizing review on any load addition,Ravi Kumar,Closed,3.2
INC-1908,2026-02-18 02:23,Operator S. Lakshmi,CNV-02,Line-C,Metal grinding sound coming from CNV-02 (Conveyor Belt) drive section,FYI - metal grinding sound coming from CNV-02 (Conveyor Belt) drive section Please check asap. Big scrap pile building up.,Mechanical,High,Machine,Bearing wear due to inadequate lubrication over multiple shifts,"Replace worn bearing, re-grease and realign shaft, run 30-min trial",Add bearing lubrication to weekly PM checklist; install vibration sensor with alert threshold,Deepa Nair,Closed,5.8
INC-1909,2026-02-18 06:01,Supervisor R. Kavitha,CNV-01,Line-C,Robot on CNV-01 (Conveyor Belt) stopped with servo alarm,URGENT: robot on CNV-01 (Conveyor Belt) stopped with servo alarm Please check asap. Throughput down by half.,Automation,High,Machine,Firmware mismatch after last update and weak network cable between HMI and PLC,"Reflash correct firmware, replace network cable, verify communication",Change-control for firmware updates with rollback plan; periodic network health test,Anita Sharma,Closed,10.9
INC-1910,2026-02-18 15:21,Operator S. Revathi,PNT-01,Line-E,Metal grinding sound coming from PNT-01 (Paint Booth) drive section,"metal grinding sound coming from PNT-01 (Paint Booth) drive section Cosmetic only, can wait for planned maintenance.",Mechanical,Low,Machine,Bearing wear due to inadequate lubrication over multiple shifts,"Replace worn bearing, re-grease and realign shaft, run 30-min trial",Add bearing lubrication to weekly PM checklist; install vibration sensor with alert threshold,Ravi Kumar,Closed,34.3
INC-1911,2026-02-19 01:43,Operator S. Lakshmi,ASM-01,Line-E,Visual defect,"FYI - visual defect - scratches and dents on parts after ASM-01 (Assembly Station) Seen 2 times today. Minor, running normally.",Quality,Low,Method,Parts contacting each other during handling due to missing separators in trolley,"Sort and rework affected lot, add separators to trolley",Update handling work instruction; add visual check at station exit,Shivani,Closed,38.8
INC-1912,2026-02-19 06:47,Supervisor R. Kavitha,CNV-01,Line-C,Customer complaint: scratch marks on finished parts from CNV-01 (Conveyor Belt) ,customer complaint: scratch marks on finished parts from CNV-01 (Conveyor Belt) line Happened during night shift. Entire line down.,Quality,Critical,Method,Parts contacting each other during handling due to missing separators in trolley,"Sort and rework affected lot, add separators to trolley",Update handling work instruction; add visual check at station exit,Shivani,Closed,3.1
INC-1913,2026-02-19 22:31,Operator M. Pooja,CNV-01,Line-C,Control panel of CNV-01 (Conveyor Belt) shows undervoltage alarm,FYI - control panel of CNV-01 (Conveyor Belt) shows undervoltage alarm Not first time. Some rework needed.,Electrical,High,Environment,Unstable supply voltage during peak load; no voltage stabilizer on control circuit,"Install stabilizer/UPS on control circuit, tighten incoming terminals",Power quality monitoring on feeder; load balancing across shifts,Anita Sharma,Closed,5.6
INC-1914,2026-02-20 02:48,Operator A. Raj,PNT-01,Line-E,Visual defect,"Pls check: visual defect - scratches and dents on parts after PNT-01 (Paint Booth) Seen 2 times today. Workaround in place, low urgency.",Quality,Low,Method,Parts contacting each other during handling due to missing separators in trolley,"Sort and rework affected lot, add separators to trolley",Update handling work instruction; add visual check at station exit,Shivani,Closed,41.8
INC-1915,2026-02-20 05:54,Line Lead A. Swathi,CNC-02,Line-A,CNC-02 (CNC Lathe) pressure dropping,"URGENT: cnc-02 (cnc lathe) pressure dropping, oil seen near cylinder Not first time. Customer order at risk.",Mechanical,High,Material,Hydraulic seal degraded due to age and use of non-spec seal material,"Replace seal and hose with OEM-spec parts, top up and bleed hydraulic oil",Define seal replacement interval; stock only OEM-approved spares; add leak inspection to daily round,Divya S,Closed,6.8
INC-1916,2026-02-20 21:27,Operator A. Raj,WLD-01,Line-D,High rejection rate at WLD-01 (Welding Robot),Reported by operator: high rejection rate at WLD-01 (Welding Robot) - dimensional mismatch found at inspection Please check asap. Throughput down by half.,Quality,High,Measurement,Gauge out of calibration and tool offset not updated after tool change,"Recalibrate gauge, reset tool offset, re-inspect last batch and quarantine suspects",Calibration schedule tracked in system; mandatory first-piece inspection after tool change,Shivani,Closed,10.1
INC-1917,2026-02-21 02:43,Operator S. Revathi,PRS-02,Line-B,Proximity sensor on PRS-02 (Stamping Press) giving intermittent signal,proximity sensor on prs-02 (stamping press) giving intermittent signal Not first time. Production affected.,Electrical,Low,Machine,Loose connector and damaged cable insulation at sensor due to vibration,"Re-terminate connector, replace damaged cable, secure with clamps",Use vibration-rated connectors; add cable routing check to monthly inspection,Deepa Nair,Closed,39.5
INC-1918,2026-02-21 05:57,Operator S. Lakshmi,WLD-01,Line-D,PLC fault code on WLD-01 (Welding Robot),"Reported by operator: PLC fault code on WLD-01 (Welding Robot), program halted Seen 2 times today. Line stopped intermittently.",Automation,High,Machine,Firmware mismatch after last update and weak network cable between HMI and PLC,"Reflash correct firmware, replace network cable, verify communication",Change-control for firmware updates with rollback plan; periodic network health test,Deepa Nair,Closed,5.5
INC-1919,2026-02-21 11:41,Operator T. Mary,PNT-01,Line-E,High rejection rate at PNT-01 (Paint Booth),Pls check: high rejection rate at PNT-01 (Paint Booth) - dimensional mismatch found at inspection Not first time. Entire line down.,Quality,High,Measurement,Gauge out of calibration and tool offset not updated after tool change,"Recalibrate gauge, reset tool offset, re-inspect last batch and quarantine suspects",Calibration schedule tracked in system; mandatory first-piece inspection after tool change,Shivani,Closed,9.9
INC-1920,2026-02-21 13:47,Line Lead A. Swathi,CNC-02,Line-A,Metal grinding sound coming from CNC-02 (CNC Lathe) drive section,Reported by operator: metal grinding sound coming from CNC-02 (CNC Lathe) drive section Line is running at reduced speed.,Mechanical,Medium,Machine,Bearing wear due to inadequate lubrication over multiple shifts,"Replace worn bearing, re-grease and realign shaft, run 30-min trial",Add bearing lubrication to weekly PM checklist; install vibration sensor with alert threshold,Priya Menon,Closed,20.0
INC-1921,2026-02-21 16:49,Operator S. Lakshmi,WLD-01,Line-D,Metal grinding sound coming from WLD-01 (Welding Robot) drive section,metal grinding sound coming from WLD-01 (Welding Robot) drive section Production affected.,Mechanical,Medium,Machine,Bearing wear due to inadequate lubrication over multiple shifts,"Replace worn bearing, re-grease and realign shaft, run 30-min trial",Add bearing lubrication to weekly PM checklist; install vibration sensor with alert threshold,Ravi Kumar,Closed,4.8
INC-1922,2026-02-21 17:04,Operator M. Pooja,WLD-01,Line-D,Customer complaint: scratch marks on finished parts from WLD-01 (Welding Robot) ,FYI - customer complaint: scratch marks on finished parts from WLD-01 (Welding Robot) line Not first time.,Quality,Low,Method,Parts contacting each other during handling due to missing separators in trolley,"Sort and rework affected lot, add separators to trolley",Update handling work instruction; add visual check at station exit,Meena Iyer,Closed,32.3
INC-1923,2026-02-22 02:20,Operator T. Mary,CMP-01,Utilities,CMP-01 (Air Compressor) PLC rebooting randomly,"URGENT: CMP-01 (Air Compressor) PLC rebooting randomly, panel lights flicker Seen 2 times today. Entire line down.",Electrical,Critical,Environment,Unstable supply voltage during peak load; no voltage stabilizer on control circuit,"Install stabilizer/UPS on control circuit, tighten incoming terminals",Power quality monitoring on feeder; load balancing across shifts,Divya S,Closed,5.4
INC-1924,2026-02-22 13:57,Supervisor R. Kavitha,CNC-02,Line-A,Belt on CNC-02 (CNC Lathe) misaligned and edge fraying,URGENT: belt on CNC-02 (CNC Lathe) misaligned and edge fraying Started after lunch break. Big scrap pile building up.,Mechanical,High,Method,Belt tension not checked after last maintenance; no standard tension procedure,"Re-tension and align belt, replace frayed section",Create SOP with tension measurement values; add post-maintenance verification step,Ravi Kumar,Closed,6.2
INC-1925,2026-02-23 19:27,Operator S. Revathi,CNV-01,Line-C,Motor of CNV-01 (Conveyor Belt) keeps tripping breaker after 10 minutes of runni,URGENT: motor of CNV-01 (Conveyor Belt) keeps tripping breaker after 10 minutes of running Started after lunch break. Entire line down.,Electrical,High,Machine,Motor winding insulation degraded causing high current draw,"Replace motor, verify current draw within rated limits",Quarterly insulation resistance test; thermal imaging scan in PM schedule,Anita Sharma,Closed,5.0
INC-1926,2026-02-24 05:10,Shift In-charge R. Nandini,PNT-01,Line-E,Motor of PNT-01 (Paint Booth) keeps tripping breaker after 10 minutes of running,Pls check: motor of PNT-01 (Paint Booth) keeps tripping breaker after 10 minutes of running Started after lunch break. Production affected.,Electrical,Medium,Machine,Motor winding insulation degraded causing high current draw,"Replace motor, verify current draw within rated limits",Quarterly insulation resistance test; thermal imaging scan in PM schedule,Divya S,Closed,26.8
INC-1927,2026-02-24 12:46,Supervisor R. Kavitha,PRS-02,Line-B,PRS-02 (Stamping Press) vision system rejecting good parts,Pls check: PRS-02 (Stamping Press) vision system rejecting good parts Please check asap. Line stopped intermittently.,Automation,High,Method,Robot TCP not re-calibrated after collision/e-stop recovery; no recovery procedure,"Re-teach TCP and vision calibration, validate with test pieces",Document post-e-stop recovery SOP; add calibration check to start-of-shift routine,Anita Sharma,Closed,10.2
INC-1928,2026-02-24 22:45,Operator A. Raj,PRS-02,Line-B,Weak weld joints detected in destructive test,"weak weld joints detected in destructive test, PRS-02 (Stamping Press) Not first time. Line stopped intermittently.",Quality,High,Material,Shielding gas contamination and moisture in wire spool,"Replace gas cylinder and wire spool, re-weld and re-test affected parts",Store wire in dry cabinet; gas purity check on cylinder receipt,Shivani,Closed,3.7
INC-1929,2026-02-25 17:05,Shift In-charge R. Nandini,CNV-02,Line-C,CNV-02 (Conveyor Belt) tripped on overload,"CNV-02 (Conveyor Belt) tripped on overload, motor hot to touch Customer order at risk.",Electrical,High,Machine,Motor winding insulation degraded causing high current draw,"Replace motor, verify current draw within rated limits",Quarterly insulation resistance test; thermal imaging scan in PM schedule,Divya S,Closed,8.1
INC-1930,2026-02-25 17:29,Operator S. Lakshmi,CNC-02,Line-A,Customer complaint: scratch marks on finished parts from CNC-02 (CNC Lathe) line,"Reported by operator: customer complaint: scratch marks on finished parts from CNC-02 (CNC Lathe) line Not first time. Machine stopped, no backup available.",Quality,Critical,Method,Parts contacting each other during handling due to missing separators in trolley,"Sort and rework affected lot, add separators to trolley",Update handling work instruction; add visual check at station exit,Meena Iyer,Closed,4.3
INC-1931,2026-02-26 04:39,Operator A. Raj,CNC-02,Line-A,CNC-02 (CNC Lathe) sensor not detecting parts,"URGENT: CNC-02 (CNC Lathe) senser not detecting parts, line stops randomly Please check asap. Line stopped intermittently.",Electrical,High,Machine,Loose connector and damaged cable insulation at sensor due to vibration,"Re-terminate connector, replace damaged cable, secure with clamps",Use vibration-rated connectors; add cable routing check to monthly inspection,Divya S,Closed,9.2
INC-1932,2026-02-26 14:00,Supervisor R. Kavitha,WLD-01,Line-D,Weld spatter and incomplete fusion seen on parts from WLD-01 (Welding Robot),URGENT: weld spatter and incomplete fusion seen on parts from WLD-01 (Welding Robot) Started after lunch break. Output down slightly.,Quality,Medium,Material,Shielding gas contamination and moisture in wire spool,"Replace gas cylinder and wire spool, re-weld and re-test affected parts",Store wire in dry cabinet; gas purity check on cylinder receipt,Meena Iyer,Closed,20.0
INC-1933,2026-02-27 00:48,Operator S. Revathi,PNT-01,Line-E,PLC fault code on PNT-01 (Paint Booth),"PLC fault code on PNT-01 (Paint Booth), program halted Happened during night shift. Customer order at risk.",Automation,High,Machine,Firmware mismatch after last update and weak network cable between HMI and PLC,"Reflash correct firmware, replace network cable, verify communication",Change-control for firmware updates with rollback plan; periodic network health test,Deepa Nair,Closed,5.6
INC-1934,2026-02-28 03:05,Supervisor R. Kavitha,WLD-02,Line-D,Surface scratches found on products from WLD-02 (Welding Robot),Pls check: surface scratches found on products from WLD-02 (Welding Robot) Started after lunch break. No impact on output.,Quality,Low,Method,Parts contacting each other during handling due to missing separators in trolley,"Sort and rework affected lot, add separators to trolley",Update handling work instruction; add visual check at station exit,Shivani,Closed,35.0
INC-1935,2026-02-28 03:20,Operator S. Revathi,CNV-02,Line-C,Interlock on CNV-02 (Conveyor Belt) door bypassed with tape,"interlock on CNV-02 (Conveyor Belt) door bypassed with tape Happened during night shift. Person injured, first aid given.",Safety,Critical,Man,Guard removed during maintenance and not refitted; no sign-off before restart,"Refit guard, restore interlock, retest e-stop, counsel involved personnel",Lockout-tagout with restart sign-off checklist; periodic safety audit and retraining,Sneha Patil,Closed,4.6
INC-1936,2026-02-28 04:37,Operator S. Lakshmi,CMP-01,Utilities,Oil leak at hose joint of CMP-01 (Air Compressor),"oil leak at hose joint of CMP-01 (Air Compressor), machine slow to respond Happened during night shift. Throughput down by half.",Mechanical,High,Material,Hydraulic seal degraded due to age and use of non-spec seal material,"Replace seal and hose with OEM-spec parts, top up and bleed hydraulic oil",Define seal replacement interval; stock only OEM-approved spares; add leak inspection to daily round,Divya S,Closed,8.6
INC-1937,2026-02-28 15:02,Operator T. Mary,CNC-02,Line-A,Burning smell from electrical panel of CNC-02 (CNC Lathe),Pls check: burning smell from electrical panel of CNC-02 (CNC Lathe) Started after lunch break. Entire line down.,Safety,Critical,Machine,Undersized cable and loose lug causing overheating under load,"Isolate power, replace cable with correct rating, tighten and torque-mark lugs",Thermography survey of panels every quarter; cable sizing review on any load addition,Sneha Patil,Closed,2.5
INC-1938,2026-02-28 22:40,Operator S. Lakshmi,PRS-02,Line-B,PRS-02 (Stamping Press) HMI shows communication error with PLC,URGENT: PRS-02 (Stamping Press) HMI shows communication error with PLC Happened during night shift. Production affected.,Automation,Medium,Machine,Firmware mismatch after last update and weak network cable between HMI and PLC,"Reflash correct firmware, replace network cable, verify communication",Change-control for firmware updates with rollback plan; periodic network health test,Deepa Nair,Closed,19.7
INC-1939,2026-03-01 11:28,Operator M. Pooja,WLD-02,Line-D,Metal grinding sound coming from WLD-02 (Welding Robot) drive section,URGENT: metal grinding sound coming from WLD-02 (Welding Robot) drive section Seen 2 times today.,Mechanical,Medium,Machine,Bearing wear due to inadequate lubrication over multiple shifts,"Replace worn bearing, re-grease and realign shaft, run 30-min trial",Add bearing lubrication to weekly PM checklist; install vibration sensor with alert threshold,Ravi Kumar,Closed,22.1
INC-1940,2026-03-02 11:33,Operator S. Lakshmi,CNC-01,Line-A,Overheating cable observed at CNC-01 (CNC Milling Machine),"overheating cable observed at CNC-01 (CNC Milling Machine), insulation discoloured Happened during night shift. Shipment on hold, customer escalation.",Safety,Critical,Machine,Undersized cable and loose lug causing overheating under load,"Isolate power, replace cable with correct rating, tighten and torque-mark lugs",Thermography survey of panels every quarter; cable sizing review on any load addition,Ravi Kumar,Closed,4.0
INC-1941,2026-03-02 17:58,Shift In-charge R. Nandini,WLD-01,Line-D,Hydraulic oil leaking under WLD-01 (Welding Robot),"hydraulic oil leaking under WLD-01 (Welding Robot), puddle on floor Entire line down.",Mechanical,Critical,Material,Hydraulic seal degraded due to age and use of non-spec seal material,"Replace seal and hose with OEM-spec parts, top up and bleed hydraulic oil",Define seal replacement interval; stock only OEM-approved spares; add leak inspection to daily round,Priya Menon,Closed,5.0
INC-1942,2026-03-03 01:13,Supervisor R. Kavitha,CNV-02,Line-C,CNV-02 (Conveyor Belt) bearing sounds rough,"Reported by operator: CNV-02 (Conveyor Belt) bearing sounds rough, temperature rising near motor end Seen 2 times today. Line is running at reduced speed.",Mechanical,Medium,Machine,Bearing wear due to inadequate lubrication over multiple shifts,"Replace worn bearing, re-grease and realign shaft, run 30-min trial",Add bearing lubrication to weekly PM checklist; install vibration sensor with alert threshold,Priya Menon,Closed,24.5
INC-1943,2026-03-03 02:49,Operator S. Lakshmi,PRS-01,Line-B,Operator minor injury,"operator minor injury - slipped near PRS-01 (Hydraulic Press) on spilled coolant Started after lunch break. Cosmetic only, can wait for planned maintenance.",Safety,Low,Environment,Coolant/oil leak not cleaned promptly; no drip tray and housekeeping gap,"Clean area, fit drip tray, fix source of leak, place warning signage",Housekeeping checklist each shift; leak detection in daily round,Ravi Kumar,Closed,43.7
INC-1944,2026-03-03 03:56,Operator A. Raj,WLD-02,Line-D,Overcurrent fault on WLD-02 (Welding Robot) drive,"overcurrent fault on WLD-02 (Welding Robot) drive, restart fails Not first time. Customer order at risk.",Electrical,High,Machine,Motor winding insulation degraded causing high current draw,"Replace motor, verify current draw within rated limits",Quarterly insulation resistance test; thermal imaging scan in PM schedule,Anita Sharma,Closed,6.1
INC-1945,2026-03-03 07:26,Operator S. Lakshmi,CNV-02,Line-C,Belt on CNV-02 (Conveyor Belt) misaligned and edge fraying,belt on CNV-02 (Conveyor Belt) misaligned and edge fraying Seen 2 times today.,Mechanical,Low,Method,Belt tension not checked after last maintenance; no standard tension procedure,"Re-tension and align belt, replace frayed section",Create SOP with tension measurement values; add post-maintenance verification step,Shivani,Closed,52.7
INC-1946,2026-03-03 14:41,Supervisor R. Kavitha,CNV-02,Line-C,CNV-02 (Conveyor Belt) pressure dropping,"Pls check: cnv-02 (conveyor belt) pressure dropping, oil seen near cylinder Seen 2 times today. Some rework needed.",Mechanical,Medium,Material,Hydraulic seal degraded due to age and use of non-spec seal material,"Replace seal and hose with OEM-spec parts, top up and bleed hydraulic oil",Define seal replacement interval; stock only OEM-approved spares; add leak inspection to daily round,Ravi Kumar,Closed,21.0
INC-1947,2026-03-03 18:34,Line Lead A. Swathi,PRS-01,Line-B,PRS-01 (Hydraulic Press) output dropped,"FYI - prs-01 (hydraulic press) output dropped, takt time not being met Some rework needed.",Process,Medium,Method,Changeover steps not standardized; operators using different sequences,Time-study the sequence and publish standard work for changeover,SMED workshop; visual work instruction at station; monthly process audit,Meena Iyer,Closed,13.6
INC-1948,2026-03-04 10:02,Supervisor R. Kavitha,CNC-02,Line-A,False stop on CNC-02 (CNC Lathe),"URGENT: false stop on cnc-02 (cnc lathe) - sensor flickering, wiring looks loose",Electrical,Medium,Machine,Loose connector and damaged cable insulation at sensor due to vibration,"Re-terminate connector, replace damaged cable, secure with clamps",Use vibration-rated connectors; add cable routing check to monthly inspection,Divya S,Closed,11.5
INC-1949,2026-03-04 21:13,Operator T. Mary,CNV-02,Line-C,Line stopped at CNV-02 (Conveyor Belt),URGENT: line stopped at CNV-02 (Conveyor Belt) - material not delivered on time Line stopped intermittently.,Process,High,Material,Kanban signal missed and supplier delivery schedule not aligned with production plan,"Expedite material, verify grade before loading",Revise reorder points; weekly supplier delivery review; incoming grade check,Meena Iyer,Closed,6.7
INC-1950,2026-03-05 02:09,Line Lead A. Swathi,WLD-01,Line-D,Data from WLD-01 (Welding Robot) missing on dashboard since morning,data from WLD-01 (Welding Robot) missing on dashboard since morning Happened during night shift. Some rework needed.,Automation,Medium,Measurement,Gateway service stopped after server patching; scanner lens dirty,"Restart and auto-enable gateway service, clean scanner, backfill missed counts",Service health monitoring with alerts; scanner cleaning in daily checklist,Deepa Nair,Closed,29.4
INC-1951,2026-03-05 06:27,Shift In-charge R. Nandini,PRS-01,Line-B,Oil leak at hose joint of PRS-01 (Hydraulic Press),"oil leak at hose joint of PRS-01 (Hydraulic Press), machine slow to respond Happened during night shift. Throughput down by half.",Mechanical,High,Material,Hydraulic seal degraded due to age and use of non-spec seal material,"Replace seal and hose with OEM-spec parts, top up and bleed hydraulic oil",Define seal replacement interval; stock only OEM-approved spares; add leak inspection to daily round,Priya Menon,Closed,10.6
INC-1952,2026-03-05 06:50,Operator T. Mary,WLD-02,Line-D,Overheating cable observed at WLD-02 (Welding Robot),"overheating cable observed at WLD-02 (Welding Robot), insulation discoloured Some rework needed.",Safety,Medium,Machine,Undersized cable and loose lug causing overheating under load,"Isolate power, replace cable with correct rating, tighten and torque-mark lugs",Thermography survey of panels every quarter; cable sizing review on any load addition,Ravi Kumar,Closed,18.8
INC-1953,2026-03-05 08:27,Operator T. Mary,CMP-01,Utilities,Safety guard missing on CMP-01 (Air Compressor),"Reported by operator: safety guard missing on CMP-01 (Air Compressor), operator noticed during start of shift Started after lunch break. Big scrap pile building up.",Safety,High,Man,Guard removed during maintenance and not refitted; no sign-off before restart,"Refit guard, restore interlock, retest e-stop, counsel involved personnel",Lockout-tagout with restart sign-off checklist; periodic safety audit and retraining,Ravi Kumar,Closed,7.4
INC-1954,2026-03-05 14:18,Operator A. Raj,PRS-01,Line-B,Motor of PRS-01 (Hydraulic Press) keeps tripping breaker after 10 minutes of run,motor of prs-01 (hydraulic press) keeps tripping breaker after 10 minutes of running,Electrical,High,Machine,Motor winding insulation degraded causing high current draw,"Replace motor, verify current draw within rated limits",Quarterly insulation resistance test; thermal imaging scan in PM schedule,Deepa Nair,Closed,12.5
INC-1955,2026-03-06 11:52,Operator T. Mary,CNV-02,Line-C,CNV-02 (Conveyor Belt) output dropped,"Reported by operator: CNV-02 (Conveyor Belt) output dropped, takt time not being met Started after lunch break. Production affected.",Process,Medium,Method,Changeover steps not standardized; operators using different sequences,Time-study the sequence and publish standard work for changeover,SMED workshop; visual work instruction at station; monthly process audit,Priya Menon,Closed,20.8
INC-1956,2026-03-07 09:58,Operator S. Lakshmi,CNV-02,Line-C,CNV-02 (Conveyor Belt) coating uneven,"Reported by operator: CNV-02 (Conveyor Belt) coating uneven, orange peel texture on panels Line stopped intermittently.",Process,High,Environment,Booth humidity and temperature outside spec; filter clogged,"Replace filters, adjust HVAC setpoints, re-coat affected parts",Add humidity/temperature alarm; filter change interval in PM plan,Priya Menon,Closed,7.5
INC-1957,2026-03-07 12:29,Supervisor R. Kavitha,CMP-01,Utilities,Weak weld joints detected in destructive test,"weak weld joints detected in destructive test, CMP-01 (Air Compressor) Please check asap. Entire line down.",Quality,Critical,Material,Shielding gas contamination and moisture in wire spool,"Replace gas cylinder and wire spool, re-weld and re-test affected parts",Store wire in dry cabinet; gas purity check on cylinder receipt,Shivani,Closed,5.2
INC-1958,2026-03-08 10:09,Operator S. Lakshmi,CNV-02,Line-C,Wrong material grade supplied to CNV-02 (Conveyor Belt),"FYI - wrong material grade supplied to CNV-02 (Conveyor Belt) Not first time. Workaround in place, low urgency.",Process,Medium,Material,Kanban signal missed and supplier delivery schedule not aligned with production plan,"Expedite material, verify grade before loading",Revise reorder points; weekly supplier delivery review; incoming grade check,Shivani,Closed,14.1
INC-1959,2026-03-08 14:56,Operator M. Pooja,PNT-01,Line-E,Wrong material grade supplied to PNT-01 (Paint Booth),Reported by operator: wrong material grade supplied to PNT-01 (Paint Booth) Happened during night shift. Customer order at risk.,Process,High,Material,Kanban signal missed and supplier delivery schedule not aligned with production plan,"Expedite material, verify grade before loading",Revise reorder points; weekly supplier delivery review; incoming grade check,Priya Menon,Closed,8.7
INC-1960,2026-03-08 16:56,Line Lead A. Swathi,PNT-01,Line-E,Robot on PNT-01 (Paint Booth) positioning drift,"robot on PNT-01 (Paint Booth) positioning drift, parts picked off-centre Started after lunch break. Output down slightly.",Automation,Medium,Method,Robot TCP not re-calibrated after collision/e-stop recovery; no recovery procedure,"Re-teach TCP and vision calibration, validate with test pieces",Document post-e-stop recovery SOP; add calibration check to start-of-shift routine,Anita Sharma,Closed,7.9
INC-1961,2026-03-10 00:53,Shift In-charge R. Nandini,ASM-01,Line-E,ASM-01 (Assembly Station) sensor not detecting parts,"ASM-01 (Assembly Station) sensor not detecting parts, line stops randomly Not first time. Line stopped intermittently.",Electrical,High,Machine,Loose connector and damaged cable insulation at sensor due to vibration,"Re-terminate connector, replace damaged cable, secure with clamps",Use vibration-rated connectors; add cable routing check to monthly inspection,Divya S,Closed,9.9
INC-1962,2026-03-10 02:40,Operator S. Lakshmi,PRS-01,Line-B,PRS-01 (Hydraulic Press) vision system rejecting good parts,prs-01 (hydraulic press) vision system rejecting good parts Some rework needed.,Automation,Medium,Method,Robot TCP not re-calibrated after collision/e-stop recovery; no recovery procedure,"Re-teach TCP and vision calibration, validate with test pieces",Document post-e-stop recovery SOP; add calibration check to start-of-shift routine,Anita Sharma,Closed,11.9
INC-1963,2026-03-11 19:00,Operator A. Raj,PRS-02,Line-B,PRS-02 (Stamping Press) vision system rejecting good parts,PRS-02 (Stamping Press) vision system rejecting good parts Line is running at reduced speed.,Automation,Medium,Method,Robot TCP not re-calibrated after collision/e-stop recovery; no recovery procedure,"Re-teach TCP and vision calibration, validate with test pieces",Document post-e-stop recovery SOP; add calibration check to start-of-shift routine,Deepa Nair,Closed,14.6
INC-1964,2026-03-11 20:10,Operator S. Revathi,WLD-02,Line-D,Safety guard missing on WLD-02 (Welding Robot),"safety guard missing on WLD-02 (Welding Robot), operator noticed during start of shift Not first time. Customer order at risk.",Safety,High,Man,Guard removed during maintenance and not refitted; no sign-off before restart,"Refit guard, restore interlock, retest e-stop, counsel involved personnel",Lockout-tagout with restart sign-off checklist; periodic safety audit and retraining,Sneha Patil,Closed,7.9
INC-1965,2026-03-11 23:23,Shift In-charge R. Nandini,CNC-01,Line-A,Customer complaint: scratch marks on finished parts from CNC-01 (CNC Milling Mac,FYI - customer complaint: scratch marks on finished parts from CNC-01 (CNC Milling Machine) line Please check asap. Throughput down by half.,Quality,Medium,Method,Parts contacting each other during handling due to missing separators in trolley,"Sort and rework affected lot, add separators to trolley",Update handling work instruction; add visual check at station exit,Shivani,Closed,17.5
INC-1966,2026-03-12 04:11,Operator A. Raj,CNC-02,Line-A,Overcurrent fault on CNC-02 (CNC Lathe) drive,"overcurrent fault on CNC-02 (CNC Lathe) drive, restart fails Happened during night shift. Big scrap pile building up.",Electrical,High,Machine,Motor winding insulation degraded causing high current draw,"Replace motor, verify current draw within rated limits",Quarterly insulation resistance test; thermal imaging scan in PM schedule,Priya Menon,Closed,6.0
INC-1967,2026-03-12 04:30,Operator S. Lakshmi,PRS-02,Line-B,High rejection rate at PRS-02 (Stamping Press),high rejection rate at PRS-02 (Stamping Press) - dimensional mismatch found at inspection Seen 2 times today. Some rework needed.,Quality,Medium,Measurement,Gauge out of calibration and tool offset not updated after tool change,"Recalibrate gauge, reset tool offset, re-inspect last batch and quarantine suspects",Calibration schedule tracked in system; mandatory first-piece inspection after tool change,Meena Iyer,Closed,12.3
INC-1968,2026-03-13 02:20,Operator M. Pooja,ASM-01,Line-E,Motor of ASM-01 (Assembly Station) keeps tripping breaker after 10 minutes of ru,Pls check: motor of ASM-01 (Assembly Station) keeps tripping breaker after 10 minutes of running Started after lunch break. Line stopped intermittently.,Electrical,High,Machine,Motor winding insulation degraded causing high current draw,"Replace motor, verify current draw within rated limits",Quarterly insulation resistance test; thermal imaging scan in PM schedule,Anita Sharma,Closed,9.5
INC-1969,2026-03-13 03:22,Operator S. Revathi,CNC-02,Line-A,CNC-02 (CNC Lathe) vision system rejecting good parts,"Reported by operator: CNC-02 (CNC Lathe) vision system rejecting good parts Machine stopped, no backup available.",Automation,Critical,Method,Robot TCP not re-calibrated after collision/e-stop recovery; no recovery procedure,"Re-teach TCP and vision calibration, validate with test pieces",Document post-e-stop recovery SOP; add calibration check to start-of-shift routine,Deepa Nair,Closed,3.9
INC-1970,2026-03-13 03:45,Operator T. Mary,PNT-01,Line-E,Proximity sensor on PNT-01 (Paint Booth) giving intermittent signal,proximity sensor on PNT-01 (Paint Booth) giving intermittent signal Output down slightly.,Electrical,Medium,Machine,Loose connector and damaged cable insulation at sensor due to vibration,"Re-terminate connector, replace damaged cable, secure with clamps",Use vibration-rated connectors; add cable routing check to monthly inspection,Deepa Nair,Closed,19.3
INC-1971,2026-03-13 06:03,Supervisor R. Kavitha,CMP-01,Utilities,CMP-01 (Air Compressor) coating uneven,"Reported by operator: CMP-01 (Air Compressor) coating uneven, orange peel texture on panels Happened during night shift. Big scrap pile building up.",Process,High,Environment,Booth humidity and temperature outside spec; filter clogged,"Replace filters, adjust HVAC setpoints, re-coat affected parts",Add humidity/temperature alarm; filter change interval in PM plan,Shivani,Closed,7.5
INC-1972,2026-03-13 06:53,Shift In-charge R. Nandini,PRS-02,Line-B,Visual defect,"Reported by operator: visual defect - scratches and dents on parts after PRS-02 (Stamping Press) Started after lunch break. Workaround in place, low urgency.",Quality,Low,Method,Parts contacting each other during handling due to missing separators in trolley,"Sort and rework affected lot, add separators to trolley",Update handling work instruction; add visual check at station exit,Meena Iyer,Closed,42.0
INC-1973,2026-03-13 11:31,Operator A. Raj,ASM-01,Line-E,Line stopped at ASM-01 (Assembly Station),"line stopped at ASM-01 (Assembly Station) - material not delivered on time Shipment on hold, customer escalation.",Process,Critical,Material,Kanban signal missed and supplier delivery schedule not aligned with production plan,"Expedite material, verify grade before loading",Revise reorder points; weekly supplier delivery review; incoming grade check,Shivani,Closed,4.4
INC-1974,2026-03-13 11:36,Operator S. Lakshmi,CNV-02,Line-C,Line stopped at CNV-02 (Conveyor Belt),Reported by operator: line stopped at CNV-02 (Conveyor Belt) - material not delivered on time Not first time.,Process,High,Material,Kanban signal missed and supplier delivery schedule not aligned with production plan,"Expedite material, verify grade before loading",Revise reorder points; weekly supplier delivery review; incoming grade check,Shivani,Closed,8.1
INC-1975,2026-03-14 09:07,Supervisor R. Kavitha,WLD-02,Line-D,WLD-02 (Welding Robot) pressure dropping,"Reported by operator: WLD-02 (Welding Robot) pressure dropping, oil seen near cylinder Not first time. Person injured, first aid given.",Mechanical,High,Material,Hydraulic seal degraded due to age and use of non-spec seal material,"Replace seal and hose with OEM-spec parts, top up and bleed hydraulic oil",Define seal replacement interval; stock only OEM-approved spares; add leak inspection to daily round,Priya Menon,Closed,10.5
INC-1976,2026-03-14 15:42,Shift In-charge R. Nandini,CNC-01,Line-A,Parts from CNC-01 (CNC Milling Machine) out of tolerance,"parts from CNC-01 (CNC Milling Machine) out of tolerance, diameter oversize by 0.05 mm Please check asap. Big scrap pile building up.",Quality,Medium,Measurement,Gauge out of calibration and tool offset not updated after tool change,"Recalibrate gauge, reset tool offset, re-inspect last batch and quarantine suspects",Calibration schedule tracked in system; mandatory first-piece inspection after tool change,Meena Iyer,Closed,21.5
INC-1977,2026-03-15 02:23,Operator T. Mary,ASM-01,Line-E,Robot on ASM-01 (Assembly Station) stopped with servo alarm,Reported by operator: robot on ASM-01 (Assembly Station) stopped with servo alarm Happened during night shift. Big scrap pile building up.,Automation,High,Machine,Firmware mismatch after last update and weak network cable between HMI and PLC,"Reflash correct firmware, replace network cable, verify communication",Change-control for firmware updates with rollback plan; periodic network health test,Deepa Nair,Closed,6.7
INC-1978,2026-03-15 06:47,Operator A. Raj,WLD-01,Line-D,Visual defect,"Reported by operator: visual defect - scratches and dents on parts after WLD-01 (Welding Robot) Minor, running normally.",Quality,Low,Method,Parts contacting each other during handling due to missing separators in trolley,"Sort and rework affected lot, add separators to trolley",Update handling work instruction; add visual check at station exit,Shivani,Closed,42.7
INC-1979,2026-03-15 13:08,Operator S. Lakshmi,CNV-01,Line-C,Oil leak at hose joint of CNV-01 (Conveyor Belt),"Reported by operator: oil leak at hose joint of CNV-01 (Conveyor Belt), machine slow to respond Seen 2 times today. Throughput down by half.",Mechanical,High,Material,Hydraulic seal degraded due to age and use of non-spec seal material,"Replace seal and hose with OEM-spec parts, top up and bleed hydraulic oil",Define seal replacement interval; stock only OEM-approved spares; add leak inspection to daily round,Divya S,Closed,6.0
INC-1980,2026-03-15 20:44,Line Lead A. Swathi,PKG-01,Line-F,Motor of PKG-01 (Packaging Unit) keeps tripping breaker after 10 minutes of runn,Pls check: motor of PKG-01 (Packaging Unit) keeps tripping breaker after 10 minutes of running Not first time. Line is running at reduced speed.,Electrical,Medium,Machine,Motor winding insulation degraded causing high current draw,"Replace motor, verify current draw within rated limits",Quarterly insulation resistance test; thermal imaging scan in PM schedule,Deepa Nair,Closed,18.6
INC-1981,2026-03-16 08:33,Line Lead A. Swathi,WLD-01,Line-D,Oil leak at hose joint of WLD-01 (Welding Robot),"oil leak at hose joint of WLD-01 (Welding Robot), machine slow to respond Started after lunch break. Entire line down.",Mechanical,High,Material,Hydraulic seal degraded due to age and use of non-spec seal material,"Replace seal and hose with OEM-spec parts, top up and bleed hydraulic oil",Define seal replacement interval; stock only OEM-approved spares; add leak inspection to daily round,Ravi Kumar,Closed,11.5
INC-1982,2026-03-17 07:31,Line Lead A. Swathi,PRS-02,Line-B,Customer complaint: scratch marks on finished parts from PRS-02 (Stamping Press),URGENT: customer complaint: scratch marks on finished parts from PRS-02 (Stamping Press) line Seen 2 times today. Production affected.,Quality,Medium,Method,Parts contacting each other during handling due to missing separators in trolley,"Sort and rework affected lot, add separators to trolley",Update handling work instruction; add visual check at station exit,Meena Iyer,Closed,14.5
INC-1983,2026-03-17 07:56,Supervisor R. Kavitha,CNV-02,Line-C,CNV-02 (Conveyor Belt) belt slipping and product jerking on the line,"Pls check: CNV-02 (Conveyor Belt) belt slipping and product jerking on the line Happened during night shift. Minor, running normally.",Mechanical,Low,Method,Belt tension not checked after last maintenance; no standard tension procedure,"Re-tension and align belt, replace frayed section",Create SOP with tension measurement values; add post-maintenance verification step,Priya Menon,Closed,40.8
INC-1984,2026-03-17 09:30,Supervisor R. Kavitha,PKG-01,Line-F,PKG-01 (Packaging Unit) drive belt tension low,"Pls check: PKG-01 (Packaging Unit) drive belt tension low, intermittent stops Started after lunch break. Production affected.",Mechanical,Medium,Method,Belt tension not checked after last maintenance; no standard tension procedure,"Re-tension and align belt, replace frayed section",Create SOP with tension measurement values; add post-maintenance verification step,Ravi Kumar,Closed,20.7
INC-1985,2026-03-18 01:03,Operator T. Mary,PNT-01,Line-E,Weld spatter and incomplete fusion seen on parts from PNT-01 (Paint Booth),Pls check: weld spatter and incomplete fusion seen on parts from PNT-01 (Paint Booth) Not first time. Line is running at reduced speed.,Quality,Medium,Material,Shielding gas contamination and moisture in wire spool,"Replace gas cylinder and wire spool, re-weld and re-test affected parts",Store wire in dry cabinet; gas purity check on cylinder receipt,Ravi Kumar,Closed,21.2
INC-1986,2026-03-18 07:08,Operator S. Lakshmi,PKG-01,Line-F,Paint thickness inconsistent on parts from PKG-01 (Packaging Unit),paint thickness inconsistent on parts from PKG-01 (Packaging Unit),Process,High,Environment,Booth humidity and temperature outside spec; filter clogged,"Replace filters, adjust HVAC setpoints, re-coat affected parts",Add humidity/temperature alarm; filter change interval in PM plan,Meena Iyer,Closed,12.0
INC-1987,2026-03-18 08:20,Operator M. Pooja,CNV-02,Line-C,Slip hazard reported around CNV-02 (Conveyor Belt),"slip hazard reported around cnv-02 (conveyor belt), floor wet and oily Not first time. Line stopped intermittently.",Safety,High,Environment,Coolant/oil leak not cleaned promptly; no drip tray and housekeeping gap,"Clean area, fit drip tray, fix source of leak, place warning signage",Housekeeping checklist each shift; leak detection in daily round,Ravi Kumar,Closed,12.9
INC-1988,2026-03-18 17:36,Operator A. Raj,ASM-01,Line-E,Interlock on ASM-01 (Assembly Station) door bypassed with tape,interlock on ASM-01 (Assembly Station) door bypassed with tape Please check asap. Entire line down.,Safety,Critical,Man,Guard removed during maintenance and not refitted; no sign-off before restart,"Refit guard, restore interlock, retest e-stop, counsel involved personnel",Lockout-tagout with restart sign-off checklist; periodic safety audit and retraining,Ravi Kumar,Closed,4.5
INC-1989,2026-03-19 03:06,Supervisor R. Kavitha,PRS-01,Line-B,PRS-01 (Hydraulic Press) output dropped,"Pls check: PRS-01 (Hydraulic Press) output dropped, takt time not being met Seen 2 times today. Line stopped intermittently.",Process,High,Method,Changeover steps not standardized; operators using different sequences,Time-study the sequence and publish standard work for changeover,SMED workshop; visual work instruction at station; monthly process audit,Priya Menon,Closed,7.9
INC-1990,2026-03-19 05:54,Line Lead A. Swathi,WLD-02,Line-D,Parts from WLD-02 (Welding Robot) out of tolerance,"Pls check: parts from WLD-02 (Welding Robot) out of tolerance, diameter oversize by 0.05 mm Started after lunch break. Customer order at risk.",Quality,High,Measurement,Gauge out of calibration and tool offset not updated after tool change,"Recalibrate gauge, reset tool offset, re-inspect last batch and quarantine suspects",Calibration schedule tracked in system; mandatory first-piece inspection after tool change,Shivani,Closed,7.1
INC-1991,2026-03-19 06:24,Shift In-charge R. Nandini,PRS-01,Line-B,Control panel of PRS-01 (Hydraulic Press) shows undervoltage alarm,control panel of PRS-01 (Hydraulic Press) shows undervoltage alarm Happened during night shift. Some rework needed.,Electrical,Medium,Environment,Unstable supply voltage during peak load; no voltage stabilizer on control circuit,"Install stabilizer/UPS on control circuit, tighten incoming terminals",Power quality monitoring on feeder; load balancing across shifts,Divya S,Closed,11.2
INC-1992,2026-03-21 01:01,Operator T. Mary,PRS-01,Line-B,Robot on PRS-01 (Hydraulic Press) stopped with servo alarm,robot on PRS-01 (Hydraulic Press) stopped with servo alarm Not first time. Throughput down by half.,Automation,High,Machine,Firmware mismatch after last update and weak network cable between HMI and PLC,"Reflash correct firmware, replace network cable, verify communication",Change-control for firmware updates with rollback plan; periodic network health test,Deepa Nair,Closed,8.7
INC-1993,2026-03-21 18:34,Operator A. Raj,WLD-01,Line-D,Cycle time on WLD-01 (Welding Robot) increased by 15 percent this week,FYI - cycle time on WLD-01 (Welding Robot) increased by 15 percent this week Not first time. Production affected.,Process,Medium,Method,Changeover steps not standardized; operators using different sequences,Time-study the sequence and publish standard work for changeover,SMED workshop; visual work instruction at station; monthly process audit,Sneha Patil,Closed,26.2
INC-1994,2026-03-22 03:09,Operator S. Lakshmi,PKG-01,Line-F,PKG-01 (Packaging Unit) drive belt tension low,"PKG-01 (Packaging Unit) drive belt tension low, intermittent stops Please check asap. Production affected.",Mechanical,Medium,Method,Belt tension not checked after last maintenance; no standard tension procedure,"Re-tension and align belt, replace frayed section",Create SOP with tension measurement values; add post-maintenance verification step,Priya Menon,Closed,12.6
INC-1995,2026-03-22 05:01,Shift In-charge R. Nandini,PKG-01,Line-F,Metal grinding sound coming from PKG-01 (Packaging Unit) drive section,"Reported by operator: metal grinding sound coming from PKG-01 (Packaging Unit) drive section Happened during night shift. Person injured, first aid given.",Mechanical,Critical,Machine,Bearing wear due to inadequate lubrication over multiple shifts,"Replace worn bearing, re-grease and realign shaft, run 30-min trial",Add bearing lubrication to weekly PM checklist; install vibration sensor with alert threshold,Divya S,Closed,2.4
INC-1996,2026-03-23 23:15,Shift In-charge R. Nandini,WLD-02,Line-D,WLD-02 (Welding Robot) coating uneven,"Pls check: WLD-02 (Welding Robot) coating uneven, orange peel texture on panels Not first time. Some rework needed.",Process,Medium,Environment,Booth humidity and temperature outside spec; filter clogged,"Replace filters, adjust HVAC setpoints, re-coat affected parts",Add humidity/temperature alarm; filter change interval in PM plan,Priya Menon,Closed,27.7
INC-1997,2026-03-24 06:34,Operator S. Lakshmi,PRS-02,Line-B,Surface scratches found on products from PRS-02 (Stamping Press),URGENT: surface scratches found on products from PRS-02 (Stamping Press) Seen 2 times today.,Quality,Medium,Method,Parts contacting each other during handling due to missing separators in trolley,"Sort and rework affected lot, add separators to trolley",Update handling work instruction; add visual check at station exit,Shivani,Closed,23.1
INC-1998,2026-03-24 11:45,Operator S. Revathi,ASM-01,Line-E,ASM-01 (Assembly Station) making loud grinding noise from spindle area,"Pls check: ASM-01 (Assembly Station) making loud grinding noise from spindle area Workaround in place, low urgency.",Mechanical,Low,Machine,Bearing wear due to inadequate lubrication over multiple shifts,"Replace worn bearing, re-grease and realign shaft, run 30-min trial",Add bearing lubrication to weekly PM checklist; install vibration sensor with alert threshold,Priya Menon,Closed,20.6
INC-1999,2026-03-25 03:40,Shift In-charge R. Nandini,ASM-01,Line-E,Interlock on ASM-01 (Assembly Station) door bypassed with tape,URGENT: interlock on ASM-01 (Assembly Station) door bypassed with tape Happened during night shift. Some rework needed.,Safety,Medium,Man,Guard removed during maintenance and not refitted; no sign-off before restart,"Refit guard, restore interlock, retest e-stop, counsel involved personnel",Lockout-tagout with restart sign-off checklist; periodic safety audit and retraining,Ravi Kumar,Closed,23.3
INC-2000,2026-03-25 03:46,Shift In-charge R. Nandini,WLD-02,Line-D,Burning smell from electrical panel of WLD-02 (Welding Robot),Pls check: burning smell from electrical panel of WLD-02 (Welding Robot) Line stopped intermittently.,Safety,High,Machine,Undersized cable and loose lug causing overheating under load,"Isolate power, replace cable with correct rating, tighten and torque-mark lugs",Thermography survey of panels every quarter; cable sizing review on any load addition,Shivani,Closed,7.5
INC-2001,2026-03-25 19:15,Operator S. Revathi,WLD-01,Line-D,WLD-01 (Welding Robot) sensor not detecting parts,"Pls check: WLD-01 (Welding Robot) sensor not detecting parts, line stops randomly Line is running at reduced speed.",Electrical,Medium,Machine,Loose connector and damaged cable insulation at sensor due to vibration,"Re-terminate connector, replace damaged cable, secure with clamps",Use vibration-rated connectors; add cable routing check to monthly inspection,Divya S,Closed,19.8
INC-2002,2026-03-26 19:25,Operator S. Lakshmi,CNV-02,Line-C,Customer complaint: scratch marks on finished parts from CNV-02 (Conveyor Belt) ,Reported by operator: customer complaint: scratch marks on finished parts from cnv-02 (conveyor belt) line Started after lunch break. Production affected.,Quality,Medium,Method,Parts contacting each other during handling due to missing separators in trolley,"Sort and rework affected lot, add separators to trolley",Update handling work instruction; add visual check at station exit,Ravi Kumar,Closed,13.0
INC-2003,2026-03-29 06:32,Operator A. Raj,PRS-02,Line-B,Weld spatter and incomplete fusion seen on parts from PRS-02 (Stamping Press),weld spatter and incomplete fusion seen on parts from PRS-02 (Stamping Press) Seen 2 times today. Output down slightly.,Quality,Medium,Material,Shielding gas contamination and moisture in wire spool,"Replace gas cylinder and wire spool, re-weld and re-test affected parts",Store wire in dry cabinet; gas purity check on cylinder receipt,Meena Iyer,Closed,25.1
INC-2004,2026-03-29 07:23,Supervisor R. Kavitha,PNT-01,Line-E,PNT-01 (Paint Booth) drive belt tension low,"Pls check: PNT-01 (Paint Booth) drive belt tension low, intermittent stops Line stopped intermittently.",Mechanical,High,Method,Belt tension not checked after last maintenance; no standard tension procedure,"Re-tension and align belt, replace frayed section",Create SOP with tension measurement values; add post-maintenance verification step,Divya S,Closed,9.4
INC-2005,2026-03-29 09:30,Supervisor R. Kavitha,CNV-01,Line-C,Visual defect,FYI - visual defect - scratches and dents on parts after CNV-01 (Conveyor Belt) Throughput down by half.,Quality,High,Method,Parts contacting each other during handling due to missing separators in trolley,"Sort and rework affected lot, add separators to trolley",Update handling work instruction; add visual check at station exit,Meena Iyer,Closed,7.6
INC-2006,2026-03-29 11:33,Operator A. Raj,PKG-01,Line-F,Oil leak at hose joint of PKG-01 (Packaging Unit),"Reported by operator: oil leak at hose joint of PKG-01 (Packaging Unit), machine slow to respond Started after lunch break. Line stopped intermittently.",Mechanical,Medium,Material,Hydraulic seal degraded due to age and use of non-spec seal material,"Replace seal and hose with OEM-spec parts, top up and bleed hydraulic oil",Define seal replacement interval; stock only OEM-approved spares; add leak inspection to daily round,Divya S,Closed,14.9
INC-2007,2026-03-31 05:11,Line Lead A. Swathi,CNV-01,Line-C,Dimension rejection from CNV-01 (Conveyor Belt) batch,"URGENT: dimension rejection from CNV-01 (Conveyor Belt) batch, gauge reading above limit Happened during night shift. Big scrap pile building up.",Quality,High,Measurement,Gauge out of calibration and tool offset not updated after tool change,"Recalibrate gauge, reset tool offset, re-inspect last batch and quarantine suspects",Calibration schedule tracked in system; mandatory first-piece inspection after tool change,Shivani,Closed,6.3
INC-2008,2026-04-01 06:36,Operator S. Lakshmi,CMP-01,Utilities,Burning smell from electrical panel of CMP-01 (Air Compressor),"URGENT: burning smell from electrical panel of CMP-01 (Air Compressor) Machine stopped, no backup available.",Safety,High,Machine,Undersized cable and loose lug causing overheating under load,"Isolate power, replace cable with correct rating, tighten and torque-mark lugs",Thermography survey of panels every quarter; cable sizing review on any load addition,Ravi Kumar,Closed,5.4
INC-2009,2026-04-02 09:20,Operator M. Pooja,PRS-02,Line-B,False stop on PRS-02 (Stamping Press),"false stop on PRS-02 (Stamping Press) - sensor flickering, wiring looks loose Please check asap. Output down slightly.",Electrical,Medium,Machine,Loose connector and damaged cable insulation at sensor due to vibration,"Re-terminate connector, replace damaged cable, secure with clamps",Use vibration-rated connectors; add cable routing check to monthly inspection,Divya S,Closed,11.7
INC-2010,2026-04-02 18:02,Line Lead A. Swathi,CNV-02,Line-C,Motor of CNV-02 (Conveyor Belt) keeps tripping breaker after 10 minutes of runni,URGENT: motor of CNV-02 (Conveyor Belt) keeps tripping breaker after 10 minutes of running Not first time. Production affected.,Electrical,Medium,Machine,Motor winding insulation degraded causing high current draw,"Replace motor, verify current draw within rated limits",Quarterly insulation resistance test; thermal imaging scan in PM schedule,Divya S,Closed,11.9
INC-2011,2026-04-03 03:57,Operator A. Raj,PNT-01,Line-E,Proximity sensor on PNT-01 (Paint Booth) giving intermittent signal,URGENT: proximity sensor on PNT-01 (Paint Booth) giving intermittent signal Happened during night shift. Line is running at reduced speed.,Electrical,High,Machine,Loose connector and damaged cable insulation at sensor due to vibration,"Re-terminate connector, replace damaged cable, secure with clamps",Use vibration-rated connectors; add cable routing check to monthly inspection,Anita Sharma,Closed,8.5
INC-2012,2026-04-03 13:28,Operator T. Mary,CMP-01,Utilities,Dimension rejection from CMP-01 (Air Compressor) batch,"FYI - dimension rejection from cmp-01 (air compressor) batch, gauge reading above limit Seen 2 times today. Big scrap pile building up.",Quality,High,Measurement,Gauge out of calibration and tool offset not updated after tool change,"Recalibrate gauge, reset tool offset, re-inspect last batch and quarantine suspects",Calibration schedule tracked in system; mandatory first-piece inspection after tool change,Meena Iyer,Closed,7.8
INC-2013,2026-04-04 05:39,Operator S. Lakshmi,WLD-01,Line-D,Control panel of WLD-01 (Welding Robot) shows undervoltage alarm,URGENT: control panel of wld-01 (welding robot) shows undervoltage alarm Not first time. Line is running at reduced speed.,Electrical,Medium,Environment,Unstable supply voltage during peak load; no voltage stabilizer on control circuit,"Install stabilizer/UPS on control circuit, tighten incoming terminals",Power quality monitoring on feeder; load balancing across shifts,Anita Sharma,Closed,17.8
INC-2014,2026-04-06 06:15,Shift In-charge R. Nandini,WLD-02,Line-D,MES not receiving production count from WLD-02 (Welding Robot),"MES not receiving production count from WLD-02 (Welding Robot) Minor, running normally.",Automation,Low,Measurement,Gateway service stopped after server patching; scanner lens dirty,"Restart and auto-enable gateway service, clean scanner, backfill missed counts",Service health monitoring with alerts; scanner cleaning in daily checklist,Deepa Nair,Closed,29.5
INC-2015,2026-04-06 12:20,Line Lead A. Swathi,CNV-02,Line-C,CNV-02 (Conveyor Belt) drive belt tension low,"Pls check: CNV-02 (Conveyor Belt) drive belt tension low, intermittent stops Happened during night shift. Production affected.",Mechanical,Medium,Method,Belt tension not checked after last maintenance; no standard tension procedure,"Re-tension and align belt, replace frayed section",Create SOP with tension measurement values; add post-maintenance verification step,Anita Sharma,Closed,15.1
INC-2016,2026-04-06 17:49,Operator A. Raj,CMP-01,Utilities,CMP-01 (Air Compressor) sensor not detecting parts,"CMP-01 (Air Compressor) sensor not detecting parts, line stops randomly Not first time. Customer order at risk.",Electrical,High,Machine,Loose connector and damaged cable insulation at sensor due to vibration,"Re-terminate connector, replace damaged cable, secure with clamps",Use vibration-rated connectors; add cable routing check to monthly inspection,Anita Sharma,Closed,6.2
INC-2017,2026-04-08 13:34,Operator T. Mary,WLD-01,Line-D,Wrong material grade supplied to WLD-01 (Welding Robot),wrong material grade supplied to WLD-01 (Welding Robot) Please check asap. Some rework needed.,Process,Medium,Material,Kanban signal missed and supplier delivery schedule not aligned with production plan,"Expedite material, verify grade before loading",Revise reorder points; weekly supplier delivery review; incoming grade check,Anita Sharma,Closed,23.5
INC-2018,2026-04-08 15:12,Operator T. Mary,WLD-01,Line-D,False stop on WLD-01 (Welding Robot),"Reported by operator: false stop on wld-01 (welding robot) - sensor flickering, wiring looks loose Seen 2 times today. Machine stopped, no backup available.",Electrical,Critical,Machine,Loose connector and damaged cable insulation at sensor due to vibration,"Re-terminate connector, replace damaged cable, secure with clamps",Use vibration-rated connectors; add cable routing check to monthly inspection,Anita Sharma,Closed,5.5
INC-2019,2026-04-08 17:28,Line Lead A. Swathi,CNC-02,Line-A,CNC-02 (CNC Lathe) tripped on overload,"Pls check: CNC-02 (CNC Lathe) tripped on overload, motor hot to touch Big scrap pile building up.",Electrical,High,Machine,Motor winding insulation degraded causing high current draw,"Replace motor, verify current draw within rated limits",Quarterly insulation resistance test; thermal imaging scan in PM schedule,Deepa Nair,Closed,8.2
INC-2020,2026-04-08 22:19,Operator M. Pooja,PRS-01,Line-B,Surface scratches found on products from PRS-01 (Hydraulic Press),surface scratches found on products from PRS-01 (Hydraulic Press) Happened during night shift. Production affected.,Quality,Medium,Method,Parts contacting each other during handling due to missing separators in trolley,"Sort and rework affected lot, add separators to trolley",Update handling work instruction; add visual check at station exit,Shivani,Closed,26.2
INC-2021,2026-04-09 09:06,Operator S. Revathi,PRS-02,Line-B,PRS-02 (Stamping Press) vision system rejecting good parts,PRS-02 (Stamping Press) vision system rejecting good parts Please check asap.,Automation,Low,Method,Robot TCP not re-calibrated after collision/e-stop recovery; no recovery procedure,"Re-teach TCP and vision calibration, validate with test pieces",Document post-e-stop recovery SOP; add calibration check to start-of-shift routine,Anita Sharma,Closed,46.6
INC-2022,2026-04-09 09:32,Line Lead A. Swathi,WLD-02,Line-D,PLC fault code on WLD-02 (Welding Robot),"URGENT: PLC fault code on WLD-02 (Welding Robot), program halted Customer order at risk.",Automation,High,Machine,Firmware mismatch after last update and weak network cable between HMI and PLC,"Reflash correct firmware, replace network cable, verify communication",Change-control for firmware updates with rollback plan; periodic network health test,Deepa Nair,Closed,6.8
INC-2023,2026-04-09 12:43,Operator M. Pooja,PNT-01,Line-E,Power supply voltage fluctuation,"power supply voltage fluctuation, PNT-01 (Paint Booth) control panel resetting Not first time. Machine stopped, no backup available.",Electrical,Critical,Environment,Unstable supply voltage during peak load; no voltage stabilizer on control circuit,"Install stabilizer/UPS on control circuit, tighten incoming terminals",Power quality monitoring on feeder; load balancing across shifts,Divya S,Closed,2.5
INC-2024,2026-04-09 20:11,Shift In-charge R. Nandini,PNT-01,Line-E,Weld porosity found in samples from PNT-01 (Paint Booth),Pls check: weld porosity found in samples from pnt-01 (paint booth) Please check asap. Line stopped intermittently.,Quality,High,Material,Shielding gas contamination and moisture in wire spool,"Replace gas cylinder and wire spool, re-weld and re-test affected parts",Store wire in dry cabinet; gas purity check on cylinder receipt,Meena Iyer,Closed,8.6
INC-2025,2026-04-09 22:11,Line Lead A. Swathi,CNC-01,Line-A,Safety guard missing on CNC-01 (CNC Milling Machine),"FYI - safety guard missing on CNC-01 (CNC Milling Machine), operator noticed during start of shift Please check asap. Person injured, first aid given.",Safety,Critical,Man,Guard removed during maintenance and not refitted; no sign-off before restart,"Refit guard, restore interlock, retest e-stop, counsel involved personnel",Lockout-tagout with restart sign-off checklist; periodic safety audit and retraining,Sneha Patil,Closed,5.5
INC-2026,2026-04-10 06:34,Shift In-charge R. Nandini,ASM-01,Line-E,Dimension rejection from ASM-01 (Assembly Station) batch,"URGENT: dimension rejection from ASM-01 (Assembly Station) batch, gauge reading above limit",Quality,Medium,Measurement,Gauge out of calibration and tool offset not updated after tool change,"Recalibrate gauge, reset tool offset, re-inspect last batch and quarantine suspects",Calibration schedule tracked in system; mandatory first-piece inspection after tool change,Meena Iyer,Closed,11.3
INC-2027,2026-04-10 23:11,Supervisor R. Kavitha,PRS-02,Line-B,Near miss: operator slipped on oil near PRS-02 (Stamping Press),near miss: operator slipped on oil near PRS-02 (Stamping Press) Production affected.,Safety,Medium,Environment,Coolant/oil leak not cleaned promptly; no drip tray and housekeeping gap,"Clean area, fit drip tray, fix source of leak, place warning signage",Housekeeping checklist each shift; leak detection in daily round,Ravi Kumar,Closed,23.2
INC-2028,2026-04-11 13:03,Operator S. Lakshmi,CNC-01,Line-A,CNC-01 (CNC Milling Machine) bearing sounds rough,"FYI - CNC-01 (CNC Milling Machine) bearing sounds rough, temperature rising near motor end Please check asap. Customer order at risk.",Mechanical,High,Machine,Bearing wear due to inadequate lubrication over multiple shifts,"Replace worn bearing, re-grease and realign shaft, run 30-min trial",Add bearing lubrication to weekly PM checklist; install vibration sensor with alert threshold,Ravi Kumar,Closed,8.6
INC-2029,2026-04-11 16:09,Shift In-charge R. Nandini,CNV-02,Line-C,False stop on CNV-02 (Conveyor Belt),"URGENT: false stop on CNV-02 (Conveyor Belt) - sensor flickering, wiring looks loose Seen 2 times today. Output down slightly.",Electrical,High,Machine,Loose connector and damaged cable insulation at sensor due to vibration,"Re-terminate connector, replace damaged cable, secure with clamps",Use vibration-rated connectors; add cable routing check to monthly inspection,Deepa Nair,Closed,9.5
INC-2030,2026-04-11 23:12,Line Lead A. Swathi,PNT-01,Line-E,Line stopped at PNT-01 (Paint Booth),URGENT: line stopped at PNT-01 (Paint Booth) - material not delivered on time Output down slightly.,Process,Medium,Material,Kanban signal missed and supplier delivery schedule not aligned with production plan,"Expedite material, verify grade before loading",Revise reorder points; weekly supplier delivery review; incoming grade check,Sneha Patil,Closed,21.4
INC-2031,2026-04-12 20:16,Operator T. Mary,PKG-01,Line-F,Paint thickness inconsistent on parts from PKG-01 (Packaging Unit),Pls check: paint thickness inconsistent on parts from PKG-01 (Packaging Unit) Line is running at reduced speed.,Process,Medium,Environment,Booth humidity and temperature outside spec; filter clogged,"Replace filters, adjust HVAC setpoints, re-coat affected parts",Add humidity/temperature alarm; filter change interval in PM plan,Meena Iyer,Closed,21.8
INC-2032,2026-04-13 14:46,Operator T. Mary,CMP-01,Utilities,CMP-01 (Air Compressor) vision system rejecting good parts,URGENT: CMP-01 (Air Compressor) vision system rejecting good parts Happened during night shift. Production affected.,Automation,Medium,Method,Robot TCP not re-calibrated after collision/e-stop recovery; no recovery procedure,"Re-teach TCP and vision calibration, validate with test pieces",Document post-e-stop recovery SOP; add calibration check to start-of-shift routine,Deepa Nair,Closed,20.1
INC-2033,2026-04-13 17:12,Operator S. Revathi,CNV-01,Line-C,CNV-01 (Conveyor Belt) tripped on overload,"FYI - CNV-01 (Conveyor Belt) tripped on overload, motor hot to touch Happened during night shift. Throughput down by half.",Electrical,High,Machine,Motor winding insulation degraded causing high current draw,"Replace motor, verify current draw within rated limits",Quarterly insulation resistance test; thermal imaging scan in PM schedule,Divya S,Closed,10.0
INC-2034,2026-04-14 01:50,Operator A. Raj,PRS-01,Line-B,Line stopped at PRS-01 (Hydraulic Press),"URGENT: line stopped at PRS-01 (Hydraulic Press) - material not delivered on time Workaround in place, low urgency.",Process,Low,Material,Kanban signal missed and supplier delivery schedule not aligned with production plan,"Expedite material, verify grade before loading",Revise reorder points; weekly supplier delivery review; incoming grade check,Priya Menon,Closed,23.2
INC-2035,2026-04-14 08:45,Operator T. Mary,PNT-01,Line-E,Proximity sensor on PNT-01 (Paint Booth) giving intermittent signal,Reported by operator: proximity sensor on PNT-01 (Paint Booth) giving intermittent signal Line stopped intermittently.,Electrical,High,Machine,Loose connector and damaged cable insulation at sensor due to vibration,"Re-terminate connector, replace damaged cable, secure with clamps",Use vibration-rated connectors; add cable routing check to monthly inspection,Deepa Nair,Closed,5.7
INC-2036,2026-04-14 08:56,Operator S. Lakshmi,PKG-01,Line-F,PKG-01 (Packaging Unit) vision system rejecting good parts,URGENT: PKG-01 (Packaging Unit) vision system rejecting good parts Not first time. Big scrap pile building up.,Automation,High,Method,Robot TCP not re-calibrated after collision/e-stop recovery; no recovery procedure,"Re-teach TCP and vision calibration, validate with test pieces",Document post-e-stop recovery SOP; add calibration check to start-of-shift routine,Priya Menon,Closed,7.4
INC-2037,2026-04-14 10:56,Line Lead A. Swathi,CNV-01,Line-C,Hydraulic oil leaking under CNV-01 (Conveyor Belt),"Pls check: hydraulic oil leaking under CNV-01 (Conveyor Belt), puddle on floor Throughput down by half.",Mechanical,High,Material,Hydraulic seal degraded due to age and use of non-spec seal material,"Replace seal and hose with OEM-spec parts, top up and bleed hydraulic oil",Define seal replacement interval; stock only OEM-approved spares; add leak inspection to daily round,Divya S,Closed,4.9
INC-2038,2026-04-14 13:28,Supervisor R. Kavitha,CMP-01,Utilities,Smoke smell and slight sparks near CMP-01 (Air Compressor) panel,smoke smell and slight sparks near CMP-01 (Air Compressor) panel Started after lunch break. Line stopped intermittently.,Safety,High,Machine,Undersized cable and loose lug causing overheating under load,"Isolate power, replace cable with correct rating, tighten and torque-mark lugs",Thermography survey of panels every quarter; cable sizing review on any load addition,Ravi Kumar,Closed,7.3
INC-2039,2026-04-14 17:13,Operator S. Lakshmi,WLD-02,Line-D,Unusual vibration and high-pitched noise on WLD-02 (Welding Robot) during run,unusual vibration and high-pitched noise on WLD-02 (Welding Robot) during run Not first time. Production affected.,Mechanical,Medium,Machine,Bearing wear due to inadequate lubrication over multiple shifts,"Replace worn bearing, re-grease and realign shaft, run 30-min trial",Add bearing lubrication to weekly PM checklist; install vibration sensor with alert threshold,Anita Sharma,Closed,16.7
INC-2040,2026-04-14 18:53,Operator T. Mary,CNV-01,Line-C,Wrong material grade supplied to CNV-01 (Conveyor Belt),"wrong material grade supplied to cnv-01 (conveyor belt) Happened during night shift. Shipment on hold, customer escalation.",Process,Critical,Material,Kanban signal missed and supplier delivery schedule not aligned with production plan,"Expedite material, verify grade before loading",Revise reorder points; weekly supplier delivery review; incoming grade check,Priya Menon,Closed,3.6
INC-2041,2026-04-14 23:28,Supervisor R. Kavitha,CMP-01,Utilities,CMP-01 (Air Compressor) bearing sounds rough,"CMP-01 (Air Compressor) bearing sounds rough, temperature rising near motor end Please check asap. Throughput down by half.",Mechanical,High,Machine,Bearing wear due to inadequate lubrication over multiple shifts,"Replace worn bearing, re-grease and realign shaft, run 30-min trial",Add bearing lubrication to weekly PM checklist; install vibration sensor with alert threshold,Ravi Kumar,Closed,7.8
INC-2042,2026-04-15 06:21,Operator M. Pooja,PNT-01,Line-E,PNT-01 (Paint Booth) bearing sounds rough,"Reported by operator: PNT-01 (Paint Booth) bearing sounds rough, temperature rising near motor end Customer order at risk.",Mechanical,High,Machine,Bearing wear due to inadequate lubrication over multiple shifts,"Replace worn bearing, re-grease and realign shaft, run 30-min trial",Add bearing lubrication to weekly PM checklist; install vibration sensor with alert threshold,Divya S,Closed,8.9
INC-2043,2026-04-16 07:22,Supervisor R. Kavitha,ASM-01,Line-E,PLC fault code on ASM-01 (Assembly Station),"Reported by operator: plc fault code on asm-01 (assembly station), program halted Not first time. Line is running at reduced speed.",Automation,Medium,Machine,Firmware mismatch after last update and weak network cable between HMI and PLC,"Reflash correct firmware, replace network cable, verify communication",Change-control for firmware updates with rollback plan; periodic network health test,Anita Sharma,Closed,16.9
INC-2044,2026-04-17 01:03,Shift In-charge R. Nandini,PRS-02,Line-B,Data from PRS-02 (Stamping Press) missing on dashboard since morning,data from prs-02 (stamping press) missing on dashboard since morning Some rework needed.,Automation,Medium,Measurement,Gateway service stopped after server patching; scanner lens dirty,"Restart and auto-enable gateway service, clean scanner, backfill missed counts",Service health monitoring with alerts; scanner cleaning in daily checklist,Deepa Nair,Closed,24.3
INC-2045,2026-04-17 08:51,Supervisor R. Kavitha,CNV-02,Line-C,Calibration lost on CNV-02 (Conveyor Belt) robot after emergency stop,calibration lost on CNV-02 (Conveyor Belt) robot after emergency stop Customer order at risk.,Automation,High,Method,Robot TCP not re-calibrated after collision/e-stop recovery; no recovery procedure,"Re-teach TCP and vision calibration, validate with test pieces",Document post-e-stop recovery SOP; add calibration check to start-of-shift routine,Deepa Nair,Closed,7.6
INC-2046,2026-04-17 18:54,Operator S. Lakshmi,WLD-02,Line-D,Metal grinding sound coming from WLD-02 (Welding Robot) drive section,"metal grinding sound coming from WLD-02 (Welding Robot) drive section Not first time. Cosmetic only, can wait for planned maintenance.",Mechanical,Medium,Machine,Bearing wear due to inadequate lubrication over multiple shifts,"Replace worn bearing, re-grease and realign shaft, run 30-min trial",Add bearing lubrication to weekly PM checklist; install vibration sensor with alert threshold,Priya Menon,Closed,26.0
INC-2047,2026-04-17 20:46,Operator S. Revathi,CNC-01,Line-A,CNC-01 (CNC Milling Machine) coating uneven,"CNC-01 (CNC Milling Machine) coating uneven, orange peel texture on panels Line is running at reduced speed.",Process,Medium,Environment,Booth humidity and temperature outside spec; filter clogged,"Replace filters, adjust HVAC setpoints, re-coat affected parts",Add humidity/temperature alarm; filter change interval in PM plan,Priya Menon,Closed,25.6
INC-2048,2026-04-18 10:31,Operator M. Pooja,PRS-01,Line-B,Interlock on PRS-01 (Hydraulic Press) door bypassed with tape,FYI - interlock on PRS-01 (Hydraulic Press) door bypassed with tape Seen 2 times today. Customer order at risk.,Safety,Medium,Man,Guard removed during maintenance and not refitted; no sign-off before restart,"Refit guard, restore interlock, retest e-stop, counsel involved personnel",Lockout-tagout with restart sign-off checklist; periodic safety audit and retraining,Ravi Kumar,Closed,16.6
INC-2049,2026-04-19 09:30,Operator T. Mary,WLD-02,Line-D,False stop on WLD-02 (Welding Robot),"false stop on WLD-02 (Welding Robot) - sensor flickering, wiring looks loose Happened during night shift. Minor, running normally.",Electrical,Low,Machine,Loose connector and damaged cable insulation at sensor due to vibration,"Re-terminate connector, replace damaged cable, secure with clamps",Use vibration-rated connectors; add cable routing check to monthly inspection,Deepa Nair,Closed,40.7
INC-2050,2026-04-19 19:43,Operator T. Mary,CMP-01,Utilities,Customer complaint: scratch marks on finished parts from CMP-01 (Air Compressor),"customer complaint: scratch marks on finished parts from CMP-01 (Air Compressor) line Workaround in place, low urgency.",Quality,Low,Method,Parts contacting each other during handling due to missing separators in trolley,"Sort and rework affected lot, add separators to trolley",Update handling work instruction; add visual check at station exit,Shivani,Closed,47.3
INC-2051,2026-04-19 19:48,Operator S. Revathi,CNC-02,Line-A,CNC-02 (CNC Lathe) output dropped,"URGENT: CNC-02 (CNC Lathe) output dropped, takt time not being met Some rework needed.",Process,Medium,Method,Changeover steps not standardized; operators using different sequences,Time-study the sequence and publish standard work for changeover,SMED workshop; visual work instruction at station; monthly process audit,Priya Menon,Closed,13.8
INC-2052,2026-04-21 08:06,Operator A. Raj,CNV-02,Line-C,Slip hazard reported around CNV-02 (Conveyor Belt),"slip hazard reported around CNV-02 (Conveyor Belt), floor wet and oily Seen 2 times today. Line stopped intermittently.",Safety,High,Environment,Coolant/oil leak not cleaned promptly; no drip tray and housekeeping gap,"Clean area, fit drip tray, fix source of leak, place warning signage",Housekeeping checklist each shift; leak detection in daily round,Ravi Kumar,Closed,5.7
INC-2053,2026-04-21 21:46,Operator A. Raj,ASM-01,Line-E,ASM-01 (Assembly Station) drive belt tension low,"ASM-01 (Assembly Station) drive belt tension low, intermittent stops Machine stopped, no backup available.",Mechanical,High,Method,Belt tension not checked after last maintenance; no standard tension procedure,"Re-tension and align belt, replace frayed section",Create SOP with tension measurement values; add post-maintenance verification step,Ravi Kumar,Closed,7.6
INC-2054,2026-04-22 14:53,Line Lead A. Swathi,PRS-02,Line-B,PRS-02 (Stamping Press) bearing sounds rough,"PRS-02 (Stamping Press) bearing sounds rough, temperature rising near motor end Entire line down.",Mechanical,High,Machine,Bearing wear due to inadequate lubrication over multiple shifts,"Replace worn bearing, re-grease and realign shaft, run 30-min trial",Add bearing lubrication to weekly PM checklist; install vibration sensor with alert threshold,Ravi Kumar,Closed,8.4
INC-2055,2026-04-22 17:41,Line Lead A. Swathi,CMP-01,Utilities,Oil leak at hose joint of CMP-01 (Air Compressor),"Reported by operator: oil leak at hose joint of CMP-01 (Air Compressor), machine slow to respond Please check asap.",Mechanical,Medium,Material,Hydraulic seal degraded due to age and use of non-spec seal material,"Replace seal and hose with OEM-spec parts, top up and bleed hydraulic oil",Define seal replacement interval; stock only OEM-approved spares; add leak inspection to daily round,Ravi Kumar,Closed,17.4
INC-2056,2026-04-22 19:05,Operator T. Mary,CNV-01,Line-C,Proximity sensor on CNV-01 (Conveyor Belt) giving intermittent signal,proximity sensor on CNV-01 (Conveyor Belt) giving intermittent signal Seen 2 times today.,Electrical,High,Machine,Loose connector and damaged cable insulation at sensor due to vibration,"Re-terminate connector, replace damaged cable, secure with clamps",Use vibration-rated connectors; add cable routing check to monthly inspection,Deepa Nair,Closed,7.5
INC-2057,2026-04-22 23:49,Operator S. Lakshmi,WLD-01,Line-D,WLD-01 (Welding Robot) HMI shows communication error with PLC,WLD-01 (Welding Robot) HMI shows communication error with PLC Started after lunch break. Big scrap pile building up.,Automation,High,Machine,Firmware mismatch after last update and weak network cable between HMI and PLC,"Reflash correct firmware, replace network cable, verify communication",Change-control for firmware updates with rollback plan; periodic network health test,Anita Sharma,Closed,5.9
INC-2058,2026-04-23 17:50,Operator S. Lakshmi,ASM-01,Line-E,ASM-01 (Assembly Station) sensor not detecting parts,"Reported by operator: ASM-01 (Assembly Station) sensor not detecting parts, line stops randomly Happened during night shift. Production affected.",Electrical,Medium,Machine,Loose connector and damaged cable insulation at sensor due to vibration,"Re-terminate connector, replace damaged cable, secure with clamps",Use vibration-rated connectors; add cable routing check to monthly inspection,Deepa Nair,Closed,21.3
INC-2059,2026-04-24 00:27,Shift In-charge R. Nandini,PKG-01,Line-F,Overcurrent fault on PKG-01 (Packaging Unit) drive,"URGENT: overcurrent fault on PKG-01 (Packaging Unit) drive, restart fails Throughput down by half.",Electrical,High,Machine,Motor winding insulation degraded causing high current draw,"Replace motor, verify current draw within rated limits",Quarterly insulation resistance test; thermal imaging scan in PM schedule,Divya S,Closed,9.6
INC-2060,2026-04-24 10:07,Operator A. Raj,CNC-01,Line-A,Motor of CNC-01 (CNC Milling Machine) keeps tripping breaker after 10 minutes of,FYI - motor of CNC-01 (CNC Milling Machine) keeps tripping breaker after 10 minutes of running Not first time. Output down slightly.,Electrical,Medium,Machine,Motor winding insulation degraded causing high current draw,"Replace motor, verify current draw within rated limits",Quarterly insulation resistance test; thermal imaging scan in PM schedule,Divya S,Closed,18.6
INC-2061,2026-04-25 11:35,Operator T. Mary,WLD-01,Line-D,Parts from WLD-01 (Welding Robot) out of tolerance,"parts from WLD-01 (Welding Robot) out of tolerance, diameter oversize by 0.05 mm Some rework needed.",Quality,Medium,Measurement,Gauge out of calibration and tool offset not updated after tool change,"Recalibrate gauge, reset tool offset, re-inspect last batch and quarantine suspects",Calibration schedule tracked in system; mandatory first-piece inspection after tool change,Shivani,Closed,11.0
INC-2062,2026-04-25 19:48,Shift In-charge R. Nandini,CNC-02,Line-A,Weld porosity found in samples from CNC-02 (CNC Lathe),"URGENT: weld porosity found in samples from CNC-02 (CNC Lathe) Cosmetic only, can wait for planned maintenance.",Quality,Low,Material,Shielding gas contamination and moisture in wire spool,"Replace gas cylinder and wire spool, re-weld and re-test affected parts",Store wire in dry cabinet; gas purity check on cylinder receipt,Meena Iyer,Closed,47.9
INC-2063,2026-04-26 21:29,Operator A. Raj,CNV-02,Line-C,Production slow at CNV-02 (Conveyor Belt),"Reported by operator: production slow at cnv-02 (conveyor belt), frequent waiting between steps Seen 2 times today. No impact on output.",Process,Low,Method,Changeover steps not standardized; operators using different sequences,Time-study the sequence and publish standard work for changeover,SMED workshop; visual work instruction at station; monthly process audit,Sneha Patil,Closed,25.9
INC-2064,2026-04-27 00:32,Line Lead A. Swathi,CNC-01,Line-A,CNC-01 (CNC Milling Machine) bearing sounds rough,"Reported by operator: CNC-01 (CNC Milling Machine) bearing sounds rough, temperature rising near motor end Some rework needed.",Mechanical,Medium,Machine,Bearing wear due to inadequate lubrication over multiple shifts,"Replace worn bearing, re-grease and realign shaft, run 30-min trial",Add bearing lubrication to weekly PM checklist; install vibration sensor with alert threshold,Divya S,Closed,24.3
INC-2065,2026-04-28 02:56,Operator M. Pooja,PRS-01,Line-B,Wrong material grade supplied to PRS-01 (Hydraulic Press),Reported by operator: wrong material grade supplied to PRS-01 (Hydraulic Press) Seen 2 times today. Production affected.,Process,Medium,Material,Kanban signal missed and supplier delivery schedule not aligned with production plan,"Expedite material, verify grade before loading",Revise reorder points; weekly supplier delivery review; incoming grade check,Shivani,Closed,17.6
INC-2066,2026-04-28 12:59,Shift In-charge R. Nandini,ASM-01,Line-E,ASM-01 (Assembly Station) sensor not detecting parts,"Reported by operator: ASM-01 (Assembly Station) sensor not detecting parts, line stops randomly Seen 2 times today. Some rework needed.",Electrical,Medium,Machine,Loose connector and damaged cable insulation at sensor due to vibration,"Re-terminate connector, replace damaged cable, secure with clamps",Use vibration-rated connectors; add cable routing check to monthly inspection,Divya S,Closed,18.8
INC-2067,2026-04-29 16:14,Line Lead A. Swathi,CMP-01,Utilities,CMP-01 (Air Compressor) sensor not detecting parts,"Pls check: CMP-01 (Air Compressor) sensor not detecting parts, line stops randomly Line stopped intermittently.",Electrical,High,Machine,Loose connector and damaged cable insulation at sensor due to vibration,"Re-terminate connector, replace damaged cable, secure with clamps",Use vibration-rated connectors; add cable routing check to monthly inspection,Divya S,Closed,1.4
INC-2068,2026-04-29 16:40,Shift In-charge R. Nandini,PNT-01,Line-E,Paint finish defect on PNT-01 (Paint Booth),"FYI - paint finish defect on PNT-01 (Paint Booth), run marks visible Seen 2 times today.",Process,Medium,Environment,Booth humidity and temperature outside spec; filter clogged,"Replace filters, adjust HVAC setpoints, re-coat affected parts",Add humidity/temperature alarm; filter change interval in PM plan,Sneha Patil,Closed,28.0
INC-2069,2026-04-29 19:27,Operator A. Raj,WLD-01,Line-D,Weak weld joints detected in destructive test,"Reported by operator: weak weld joints detected in destructive test, WLD-01 (Welding Robot) Not first time. Line stopped intermittently.",Quality,High,Material,Shielding gas contamination and moisture in wire spool,"Replace gas cylinder and wire spool, re-weld and re-test affected parts",Store wire in dry cabinet; gas purity check on cylinder receipt,Meena Iyer,Closed,6.2
INC-2070,2026-04-30 08:47,Shift In-charge R. Nandini,WLD-01,Line-D,Operator minor injury,Reported by operator: operator minor injury - slipped near WLD-01 (Welding Robot) on spilled coolant Not first time. Production affected.,Safety,Medium,Environment,Coolant/oil leak not cleaned promptly; no drip tray and housekeeping gap,"Clean area, fit drip tray, fix source of leak, place warning signage",Housekeeping checklist each shift; leak detection in daily round,Ravi Kumar,Closed,17.2
INC-2071,2026-04-30 12:10,Line Lead A. Swathi,WLD-01,Line-D,WLD-01 (Welding Robot) drive belt tension low,"WLD-01 (Welding Robot) drive belt tension low, intermittent stops Production affected.",Mechanical,Medium,Method,Belt tension not checked after last maintenance; no standard tension procedure,"Re-tension and align belt, replace frayed section",Create SOP with tension measurement values; add post-maintenance verification step,Ravi Kumar,Closed,16.2
INC-2072,2026-04-30 13:21,Operator T. Mary,PNT-01,Line-E,PLC fault code on PNT-01 (Paint Booth),"PLC fault code on PNT-01 (Paint Booth), program halted Not first time. Entire line down.",Automation,High,Machine,Firmware mismatch after last update and weak network cable between HMI and PLC,"Reflash correct firmware, replace network cable, verify communication",Change-control for firmware updates with rollback plan; periodic network health test,Anita Sharma,Closed,7.2
INC-2073,2026-04-30 21:31,Supervisor R. Kavitha,CNV-01,Line-C,Dimension rejection from CNV-01 (Conveyor Belt) batch,"URGENT: dimension rejection from CNV-01 (Conveyor Belt) batch, gauge reading above limit Started after lunch break. Throughput down by half.",Quality,Medium,Measurement,Gauge out of calibration and tool offset not updated after tool change,"Recalibrate gauge, reset tool offset, re-inspect last batch and quarantine suspects",Calibration schedule tracked in system; mandatory first-piece inspection after tool change,Meena Iyer,Closed,18.6
INC-2074,2026-05-01 10:50,Operator S. Revathi,CNC-01,Line-A,Interlock on CNC-01 (CNC Milling Machine) door bypassed with tape,Pls check: interlock on CNC-01 (CNC Milling Machine) door bypassed with tape Output down slightly.,Safety,High,Man,Guard removed during maintenance and not refitted; no sign-off before restart,"Refit guard, restore interlock, retest e-stop, counsel involved personnel",Lockout-tagout with restart sign-off checklist; periodic safety audit and retraining,Sneha Patil,Closed,8.5
INC-2075,2026-05-02 02:55,Operator S. Revathi,PNT-01,Line-E,Overcurrent fault on PNT-01 (Paint Booth) drive,"Pls check: overcurrent fault on PNT-01 (Paint Booth) drive, restart fails Seen 2 times today. Output down slightly.",Electrical,Medium,Machine,Motor winding insulation degraded causing high current draw,"Replace motor, verify current draw within rated limits",Quarterly insulation resistance test; thermal imaging scan in PM schedule,Anita Sharma,Closed,19.6
INC-2076,2026-05-02 11:44,Operator T. Mary,CMP-01,Utilities,Parts from CMP-01 (Air Compressor) out of tolerance,"Reported by operator: parts from cmp-01 (air compressor) out of tolerance, diameter oversize by 0.05 mm Please check asap. Production affected.",Quality,Medium,Measurement,Gauge out of calibration and tool offset not updated after tool change,"Recalibrate gauge, reset tool offset, re-inspect last batch and quarantine suspects",Calibration schedule tracked in system; mandatory first-piece inspection after tool change,Meena Iyer,Closed,16.2
INC-2077,2026-05-02 21:13,Operator S. Revathi,ASM-01,Line-E,Parts from ASM-01 (Assembly Station) out of tolerance,"parts from ASM-01 (Assembly Station) out of tolerance, diameter oversize by 0.05 mm Started after lunch break. Big scrap pile building up.",Quality,High,Measurement,Gauge out of calibration and tool offset not updated after tool change,"Recalibrate gauge, reset tool offset, re-inspect last batch and quarantine suspects",Calibration schedule tracked in system; mandatory first-piece inspection after tool change,Shivani,Closed,10.6
INC-2078,2026-05-02 22:29,Operator A. Raj,PRS-02,Line-B,Visual defect,visual defect - scratches and dents on parts after prs-02 (stamping press) Seen 2 times today. Line stopped intermittently.,Quality,High,Method,Parts contacting each other during handling due to missing separators in trolley,"Sort and rework affected lot, add separators to trolley",Update handling work instruction; add visual check at station exit,Shivani,Closed,10.0
INC-2079,2026-05-04 12:03,Operator T. Mary,WLD-01,Line-D,Control panel of WLD-01 (Welding Robot) shows undervoltage alarm,control panel of WLD-01 (Welding Robot) shows undervoltage alarm Started after lunch break. Customer order at risk.,Electrical,Medium,Environment,Unstable supply voltage during peak load; no voltage stabilizer on control circuit,"Install stabilizer/UPS on control circuit, tighten incoming terminals",Power quality monitoring on feeder; load balancing across shifts,Anita Sharma,Closed,19.7
INC-2080,2026-05-04 14:58,Line Lead A. Swathi,CNC-01,Line-A,Emergency stop on CNC-01 (CNC Milling Machine) not responding during test,URGENT: emergency stop on CNC-01 (CNC Milling Machine) not responding during test Not first time. Entire line down.,Safety,Critical,Man,Guard removed during maintenance and not refitted; no sign-off before restart,"Refit guard, restore interlock, retest e-stop, counsel involved personnel",Lockout-tagout with restart sign-off checklist; periodic safety audit and retraining,Sneha Patil,Closed,4.9
INC-2081,2026-05-05 02:46,Operator T. Mary,WLD-02,Line-D,Weld porosity found in samples from WLD-02 (Welding Robot),"weld porosity found in samples from WLD-02 (Welding Robot) Machine stopped, no backup available.",Quality,Critical,Material,Shielding gas contamination and moisture in wire spool,"Replace gas cylinder and wire spool, re-weld and re-test affected parts",Store wire in dry cabinet; gas purity check on cylinder receipt,Shivani,Closed,3.8
INC-2082,2026-05-05 11:56,Supervisor R. Kavitha,CMP-01,Utilities,CMP-01 (Air Compressor) pressure dropping,"CMP-01 (Air Compressor) pressure dropping, oil seen near cylinder Big scrap pile building up.",Mechanical,High,Material,Hydraulic seal degraded due to age and use of non-spec seal material,"Replace seal and hose with OEM-spec parts, top up and bleed hydraulic oil",Define seal replacement interval; stock only OEM-approved spares; add leak inspection to daily round,Ravi Kumar,Closed,6.7
INC-2083,2026-05-05 19:57,Operator S. Lakshmi,CNC-01,Line-A,Calibration lost on CNC-01 (CNC Milling Machine) robot after emergency stop,"calibration lost on CNC-01 (CNC Milling Machine) robot after emergency stop Started after lunch break. Shipment on hold, customer escalation.",Automation,Critical,Method,Robot TCP not re-calibrated after collision/e-stop recovery; no recovery procedure,"Re-teach TCP and vision calibration, validate with test pieces",Document post-e-stop recovery SOP; add calibration check to start-of-shift routine,Anita Sharma,Closed,4.7
INC-2084,2026-05-06 03:02,Operator S. Lakshmi,WLD-02,Line-D,WLD-02 (Welding Robot) making loud grinding noise from spindle area,FYI - wld-02 (welding robot) making loud grinding noise from spindle area Production affected.,Mechanical,Medium,Machine,Bearing wear due to inadequate lubrication over multiple shifts,"Replace worn bearing, re-grease and realign shaft, run 30-min trial",Add bearing lubrication to weekly PM checklist; install vibration sensor with alert threshold,Ravi Kumar,Closed,14.8
INC-2085,2026-05-07 04:20,Operator A. Raj,WLD-02,Line-D,Customer complaint: scratch marks on finished parts from WLD-02 (Welding Robot) ,"Pls check: customer complaint: scratch marks on finished parts from WLD-02 (Welding Robot) line Minor, running normally.",Quality,Low,Method,Parts contacting each other during handling due to missing separators in trolley,"Sort and rework affected lot, add separators to trolley",Update handling work instruction; add visual check at station exit,Shivani,Closed,32.1
INC-2086,2026-05-07 21:19,Operator T. Mary,PNT-01,Line-E,PNT-01 (Paint Booth) tripped on overload,"PNT-01 (Paint Booth) tripped on overload, motor hot to touch Customer order at risk.",Electrical,High,Machine,Motor winding insulation degraded causing high current draw,"Replace motor, verify current draw within rated limits",Quarterly insulation resistance test; thermal imaging scan in PM schedule,Divya S,Closed,8.0
INC-2087,2026-05-08 19:41,Operator S. Lakshmi,CNC-01,Line-A,CNC-01 (CNC Milling Machine) sensor not detecting parts,"CNC-01 (CNC Milling Machine) sensor not detecting parts, line stops randomly Output down slightly.",Electrical,Medium,Machine,Loose connector and damaged cable insulation at sensor due to vibration,"Re-terminate connector, replace damaged cable, secure with clamps",Use vibration-rated connectors; add cable routing check to monthly inspection,Anita Sharma,Closed,19.9
INC-2088,2026-05-09 21:03,Line Lead A. Swathi,CNC-02,Line-A,MES not receiving production count from CNC-02 (CNC Lathe),"Reported by operator: MES not receiving production count from CNC-02 (CNC Lathe) Started after lunch break. Person injured, first aid given.",Automation,High,Measurement,Gateway service stopped after server patching; scanner lens dirty,"Restart and auto-enable gateway service, clean scanner, backfill missed counts",Service health monitoring with alerts; scanner cleaning in daily checklist,Anita Sharma,Closed,10.3
INC-2089,2026-05-11 12:08,Operator M. Pooja,ASM-01,Line-E,Paint thickness inconsistent on parts from ASM-01 (Assembly Station),paint thickness inconsistent on parts from ASM-01 (Assembly Station) Please check asap.,Process,Medium,Environment,Booth humidity and temperature outside spec; filter clogged,"Replace filters, adjust HVAC setpoints, re-coat affected parts",Add humidity/temperature alarm; filter change interval in PM plan,Sneha Patil,Closed,16.9
INC-2090,2026-05-11 23:25,Operator T. Mary,CNC-02,Line-A,CNC-02 (CNC Lathe) belt slipping and product jerking on the line,CNC-02 (CNC Lathe) belt slipping and product jerking on the line Not first time. Line is running at reduced speed.,Mechanical,High,Method,Belt tension not checked after last maintenance; no standard tension procedure,"Re-tension and align belt, replace frayed section",Create SOP with tension measurement values; add post-maintenance verification step,Priya Menon,Closed,9.8
INC-2091,2026-05-12 12:39,Operator M. Pooja,ASM-01,Line-E,Emergency stop on ASM-01 (Assembly Station) not responding during test,FYI - emergency stop on ASM-01 (Assembly Station) not responding during test Started after lunch break. Throughput down by half.,Safety,Critical,Man,Guard removed during maintenance and not refitted; no sign-off before restart,"Refit guard, restore interlock, retest e-stop, counsel involved personnel",Lockout-tagout with restart sign-off checklist; periodic safety audit and retraining,Ravi Kumar,Closed,2.6
INC-2092,2026-05-12 17:46,Operator T. Mary,WLD-02,Line-D,Raw material shortage at WLD-02 (Welding Robot),"raw material shortage at WLD-02 (Welding Robot), line waiting for feed Seen 2 times today. Output down slightly.",Process,Medium,Material,Kanban signal missed and supplier delivery schedule not aligned with production plan,"Expedite material, verify grade before loading",Revise reorder points; weekly supplier delivery review; incoming grade check,Priya Menon,Closed,29.2
INC-2093,2026-05-13 00:35,Operator M. Pooja,PRS-02,Line-B,Robot on PRS-02 (Stamping Press) stopped with servo alarm,robot on PRS-02 (Stamping Press) stopped with servo alarm Happened during night shift. Some rework needed.,Automation,Medium,Machine,Firmware mismatch after last update and weak network cable between HMI and PLC,"Reflash correct firmware, replace network cable, verify communication",Change-control for firmware updates with rollback plan; periodic network health test,Anita Sharma,Closed,14.3
INC-2094,2026-05-13 07:02,Operator T. Mary,ASM-01,Line-E,Barcode scanner at ASM-01 (Assembly Station) failing to read labels,Reported by operator: barcode scanner at ASM-01 (Assembly Station) failing to read labels Not first time. Output down slightly.,Automation,Medium,Measurement,Gateway service stopped after server patching; scanner lens dirty,"Restart and auto-enable gateway service, clean scanner, backfill missed counts",Service health monitoring with alerts; scanner cleaning in daily checklist,Sneha Patil,Closed,13.4
INC-2095,2026-05-13 19:19,Operator S. Revathi,PKG-01,Line-F,Weak weld joints detected in destructive test,"Pls check: weak weld joints detected in destructive test, PKG-01 (Packaging Unit) Seen 2 times today. Customer order at risk.",Quality,Medium,Material,Shielding gas contamination and moisture in wire spool,"Replace gas cylinder and wire spool, re-weld and re-test affected parts",Store wire in dry cabinet; gas purity check on cylinder receipt,Meena Iyer,Closed,24.1
INC-2096,2026-05-13 23:11,Operator T. Mary,CNV-02,Line-C,Robot on CNV-02 (Conveyor Belt) positioning drift,"Reported by operator: robot on CNV-02 (Conveyor Belt) positioning drift, parts picked off-centre Please check asap.",Automation,High,Method,Robot TCP not re-calibrated after collision/e-stop recovery; no recovery procedure,"Re-teach TCP and vision calibration, validate with test pieces",Document post-e-stop recovery SOP; add calibration check to start-of-shift routine,Deepa Nair,Closed,9.3
INC-2097,2026-05-14 02:44,Operator T. Mary,CMP-01,Utilities,Emergency stop on CMP-01 (Air Compressor) not responding during test,"Reported by operator: emergency stop on CMP-01 (Air Compressor) not responding during test Seen 2 times today. Person injured, first aid given.",Safety,High,Man,Guard removed during maintenance and not refitted; no sign-off before restart,"Refit guard, restore interlock, retest e-stop, counsel involved personnel",Lockout-tagout with restart sign-off checklist; periodic safety audit and retraining,Sneha Patil,Closed,9.9
INC-2098,2026-05-14 02:55,Operator S. Revathi,CNV-01,Line-C,Parts from CNV-01 (Conveyor Belt) out of tolerance,"parts from CNV-01 (Conveyor Belt) out of tolerance, diameter oversize by 0.05 mm",Quality,Low,Measurement,Gauge out of calibration and tool offset not updated after tool change,"Recalibrate gauge, reset tool offset, re-inspect last batch and quarantine suspects",Calibration schedule tracked in system; mandatory first-piece inspection after tool change,Meena Iyer,Closed,43.7
INC-2099,2026-05-14 07:59,Shift In-charge R. Nandini,WLD-01,Line-D,Cycle time on WLD-01 (Welding Robot) increased by 15 percent this week,Pls check: cycle time on wld-01 (welding robot) increased by 15 percent this week Please check asap. Production affected.,Process,Medium,Method,Changeover steps not standardized; operators using different sequences,Time-study the sequence and publish standard work for changeover,SMED workshop; visual work instruction at station; monthly process audit,Meena Iyer,Closed,22.2
INC-2100,2026-05-15 00:19,Supervisor R. Kavitha,CNV-02,Line-C,High rejection rate at CNV-02 (Conveyor Belt),Pls check: high rejection rate at CNV-02 (Conveyor Belt) - dimensional mismatch found at inspection Not first time.,Quality,High,Measurement,Gauge out of calibration and tool offset not updated after tool change,"Recalibrate gauge, reset tool offset, re-inspect last batch and quarantine suspects",Calibration schedule tracked in system; mandatory first-piece inspection after tool change,Shivani,Closed,8.2
INC-2101,2026-05-16 01:27,Line Lead A. Swathi,PNT-01,Line-E,Unusual vibration and high-pitched noise on PNT-01 (Paint Booth) during run,Reported by operator: unusual vibration and high-pitched noise on PNT-01 (Paint Booth) during run Please check asap. Production affected.,Mechanical,Medium,Machine,Bearing wear due to inadequate lubrication over multiple shifts,"Replace worn bearing, re-grease and realign shaft, run 30-min trial",Add bearing lubrication to weekly PM checklist; install vibration sensor with alert threshold,Priya Menon,Closed,22.7
INC-2102,2026-05-16 07:32,Operator S. Lakshmi,CNC-01,Line-A,CNC-01 (CNC Milling Machine) output dropped,"Pls check: CNC-01 (CNC Milling Machine) output dropped, takt time not being met Not first time. Output down slightly.",Process,Medium,Method,Changeover steps not standardized; operators using different sequences,Time-study the sequence and publish standard work for changeover,SMED workshop; visual work instruction at station; monthly process audit,Shivani,Closed,20.5
INC-2103,2026-05-16 11:42,Line Lead A. Swathi,CNC-02,Line-A,Unusual vibration and high-pitched noise on CNC-02 (CNC Lathe) during run,"URGENT: unusual vibration and high-pitched noise on CNC-02 (CNC Lathe) during run Minor, running normally.",Mechanical,Medium,Machine,Bearing wear due to inadequate lubrication over multiple shifts,"Replace worn bearing, re-grease and realign shaft, run 30-min trial",Add bearing lubrication to weekly PM checklist; install vibration sensor with alert threshold,Priya Menon,Closed,8.1
INC-2104,2026-05-16 22:48,Line Lead A. Swathi,CNV-01,Line-C,Metal grinding sound coming from CNV-01 (Conveyor Belt) drive section,metal grinding sound coming from CNV-01 (Conveyor Belt) drive section Some rework needed.,Mechanical,Medium,Machine,Bearing wear due to inadequate lubrication over multiple shifts,"Replace worn bearing, re-grease and realign shaft, run 30-min trial",Add bearing lubrication to weekly PM checklist; install vibration sensor with alert threshold,Divya S,Closed,23.5
INC-2105,2026-05-17 09:29,Shift In-charge R. Nandini,CNV-02,Line-C,CNV-02 (Conveyor Belt) belt slipping and product jerking on the line,CNV-02 (Conveyor Belt) belt slipping and product jerking on the line Not first time. Output down slightly.,Mechanical,Medium,Method,Belt tension not checked after last maintenance; no standard tension procedure,"Re-tension and align belt, replace frayed section",Create SOP with tension measurement values; add post-maintenance verification step,Ravi Kumar,Closed,11.7
INC-2106,2026-05-17 10:40,Line Lead A. Swathi,CNC-01,Line-A,Weak weld joints detected in destructive test,"Reported by operator: weak weld joints detected in destructive test, CNC-01 (CNC Milling Machine) Seen 2 times today.",Quality,Medium,Material,Shielding gas contamination and moisture in wire spool,"Replace gas cylinder and wire spool, re-weld and re-test affected parts",Store wire in dry cabinet; gas purity check on cylinder receipt,Shivani,Closed,8.7
INC-2107,2026-05-17 14:54,Shift In-charge R. Nandini,CNV-02,Line-C,Operator minor injury,operator minor injury - slipped near CNV-02 (Conveyor Belt) on spilled coolant Line is running at reduced speed.,Safety,Medium,Environment,Coolant/oil leak not cleaned promptly; no drip tray and housekeeping gap,"Clean area, fit drip tray, fix source of leak, place warning signage",Housekeeping checklist each shift; leak detection in daily round,Sneha Patil,Closed,18.2
INC-2108,2026-05-18 09:09,Operator T. Mary,CNC-02,Line-A,Paint finish defect on CNC-02 (CNC Lathe),"FYI - paint finish defect on CNC-02 (CNC Lathe), run marks visible Line stopped intermittently.",Process,High,Environment,Booth humidity and temperature outside spec; filter clogged,"Replace filters, adjust HVAC setpoints, re-coat affected parts",Add humidity/temperature alarm; filter change interval in PM plan,Meena Iyer,Closed,4.4
INC-2109,2026-05-19 00:35,Operator M. Pooja,CNV-02,Line-C,CNV-02 (Conveyor Belt) pressure dropping,"Pls check: CNV-02 (Conveyor Belt) pressure dropping, oil seen near cylinder Started after lunch break. Entire line down.",Mechanical,Critical,Material,Hydraulic seal degraded due to age and use of non-spec seal material,"Replace seal and hose with OEM-spec parts, top up and bleed hydraulic oil",Define seal replacement interval; stock only OEM-approved spares; add leak inspection to daily round,Divya S,Closed,5.4
INC-2110,2026-05-19 00:39,Line Lead A. Swathi,WLD-01,Line-D,Unusual vibration and high-pitched noise on WLD-01 (Welding Robot) during run,"FYI - unusual vibration and high-pitched noise on WLD-01 (Welding Robot) during run Started after lunch break. Shipment on hold, customer escalation.",Mechanical,Critical,Machine,Bearing wear due to inadequate lubrication over multiple shifts,"Replace worn bearing, re-grease and realign shaft, run 30-min trial",Add bearing lubrication to weekly PM checklist; install vibration sensor with alert threshold,Divya S,Closed,5.1
INC-2111,2026-05-19 02:57,Operator M. Pooja,CNC-01,Line-A,Surface scratches found on products from CNC-01 (CNC Milling Machine),Pls check: surface scratches found on products from CNC-01 (CNC Milling Machine) Happened during night shift. Line stopped intermittently.,Quality,High,Method,Parts contacting each other during handling due to missing separators in trolley,"Sort and rework affected lot, add separators to trolley",Update handling work instruction; add visual check at station exit,Meena Iyer,Closed,7.3
INC-2112,2026-05-19 10:14,Operator A. Raj,PNT-01,Line-E,Visual defect,visual defect - scratches and dents on parts after PNT-01 (Paint Booth) Started after lunch break. Some rework needed.,Quality,Medium,Method,Parts contacting each other during handling due to missing separators in trolley,"Sort and rework affected lot, add separators to trolley",Update handling work instruction; add visual check at station exit,Meena Iyer,Closed,15.7
INC-2113,2026-05-19 13:35,Operator S. Revathi,CNC-02,Line-A,Smoke smell and slight sparks near CNC-02 (CNC Lathe) panel,"Reported by operator: smoke smell and slight sparks near CNC-02 (CNC Lathe) panel Machine stopped, no backup available.",Safety,Critical,Machine,Undersized cable and loose lug causing overheating under load,"Isolate power, replace cable with correct rating, tighten and torque-mark lugs",Thermography survey of panels every quarter; cable sizing review on any load addition,Sneha Patil,Closed,3.6
INC-2114,2026-05-19 14:23,Operator A. Raj,WLD-01,Line-D,WLD-01 (Welding Robot) tripped on overload,"Pls check: WLD-01 (Welding Robot) tripped on overload, motor hot to touch Seen 2 times today. Output down slightly.",Electrical,Medium,Machine,Motor winding insulation degraded causing high current draw,"Replace motor, verify current draw within rated limits",Quarterly insulation resistance test; thermal imaging scan in PM schedule,Divya S,Closed,14.6
INC-2115,2026-05-20 08:14,Operator A. Raj,CNC-01,Line-A,Metal grinding sound coming from CNC-01 (CNC Milling Machine) drive section,metal grinding sound coming from CNC-01 (CNC Milling Machine) drive section Not first time. Some rework needed.,Mechanical,Medium,Machine,Bearing wear due to inadequate lubrication over multiple shifts,"Replace worn bearing, re-grease and realign shaft, run 30-min trial",Add bearing lubrication to weekly PM checklist; install vibration sensor with alert threshold,Priya Menon,Closed,5.3
INC-2116,2026-05-20 11:45,Operator T. Mary,CNV-01,Line-C,CNV-01 (Conveyor Belt) drive belt tension low,"Reported by operator: CNV-01 (Conveyor Belt) drive belt tension low, intermittent stops Happened during night shift. Line stopped intermittently.",Mechanical,High,Method,Belt tension not checked after last maintenance; no standard tension procedure,"Re-tension and align belt, replace frayed section",Create SOP with tension measurement values; add post-maintenance verification step,Divya S,Closed,9.2
INC-2117,2026-05-20 23:47,Operator S. Lakshmi,CNV-02,Line-C,MES not receiving production count from CNV-02 (Conveyor Belt),MES not receiving production count from CNV-02 (Conveyor Belt) Seen 2 times today. Output down slightly.,Automation,Medium,Measurement,Gateway service stopped after server patching; scanner lens dirty,"Restart and auto-enable gateway service, clean scanner, backfill missed counts",Service health monitoring with alerts; scanner cleaning in daily checklist,Anita Sharma,Closed,14.4
INC-2118,2026-05-21 08:58,Operator T. Mary,CNC-01,Line-A,Barcode scanner at CNC-01 (CNC Milling Machine) failing to read labels,barcode scanner at CNC-01 (CNC Milling Machine) failing to read labels Please check asap. Line stopped intermittently.,Automation,High,Measurement,Gateway service stopped after server patching; scanner lens dirty,"Restart and auto-enable gateway service, clean scanner, backfill missed counts",Service health monitoring with alerts; scanner cleaning in daily checklist,Shivani,Closed,8.2
INC-2119,2026-05-21 11:16,Operator A. Raj,WLD-02,Line-D,Customer complaint: scratch marks on finished parts from WLD-02 (Welding Robot) ,"FYI - customer complaint: scratch marks on finished parts from wld-02 (welding robot) line Minor, running normally.",Quality,Medium,Method,Parts contacting each other during handling due to missing separators in trolley,"Sort and rework affected lot, add separators to trolley",Update handling work instruction; add visual check at station exit,Ravi Kumar,Closed,18.2
INC-2120,2026-05-21 20:52,Operator S. Revathi,CMP-01,Utilities,Power supply voltage fluctuation,"Reported by operator: power supply voltage fluctuation, CMP-01 (Air Compressor) control panel resetting Please check asap. Production affected.",Electrical,Medium,Environment,Unstable supply voltage during peak load; no voltage stabilizer on control circuit,"Install stabilizer/UPS on control circuit, tighten incoming terminals",Power quality monitoring on feeder; load balancing across shifts,Anita Sharma,Closed,17.7
INC-2121,2026-05-22 01:02,Operator S. Revathi,CMP-01,Utilities,Weld spatter and incomplete fusion seen on parts from CMP-01 (Air Compressor),weld spatter and incomplete fusion seen on parts from CMP-01 (Air Compressor) Some rework needed.,Quality,Medium,Material,Shielding gas contamination and moisture in wire spool,"Replace gas cylinder and wire spool, re-weld and re-test affected parts",Store wire in dry cabinet; gas purity check on cylinder receipt,Shivani,Closed,25.7
INC-2122,2026-05-23 10:05,Operator A. Raj,CNV-01,Line-C,CNV-01 (Conveyor Belt) PLC rebooting randomly,"FYI - CNV-01 (Conveyor Belt) PLC rebooting randomly, panel lights flicker Please check asap. Big scrap pile building up.",Electrical,Critical,Environment,Unstable supply voltage during peak load; no voltage stabilizer on control circuit,"Install stabilizer/UPS on control circuit, tighten incoming terminals",Power quality monitoring on feeder; load balancing across shifts,Anita Sharma,Closed,4.6
INC-2123,2026-05-23 23:56,Operator S. Revathi,PRS-02,Line-B,Emergency stop on PRS-02 (Stamping Press) not responding during test,"URGENT: emergency stop on PRS-02 (Stamping Press) not responding during test Not first time. Shipment on hold, customer escalation.",Safety,Critical,Man,Guard removed during maintenance and not refitted; no sign-off before restart,"Refit guard, restore interlock, retest e-stop, counsel involved personnel",Lockout-tagout with restart sign-off checklist; periodic safety audit and retraining,Sneha Patil,Closed,5.3
INC-2124,2026-05-24 11:02,Supervisor R. Kavitha,PKG-01,Line-F,Burning smell from electrical panel of PKG-01 (Packaging Unit),"Reported by operator: burning smell from electrical panel of PKG-01 (Packaging Unit) Please check asap. Person injured, first aid given.",Safety,Critical,Machine,Undersized cable and loose lug causing overheating under load,"Isolate power, replace cable with correct rating, tighten and torque-mark lugs",Thermography survey of panels every quarter; cable sizing review on any load addition,Ravi Kumar,Closed,3.4
INC-2125,2026-05-24 15:27,Operator A. Raj,WLD-01,Line-D,Cycle time on WLD-01 (Welding Robot) increased by 15 percent this week,cycle time on WLD-01 (Welding Robot) increased by 15 percent this week Seen 2 times today. No impact on output.,Process,Low,Method,Changeover steps not standardized; operators using different sequences,Time-study the sequence and publish standard work for changeover,SMED workshop; visual work instruction at station; monthly process audit,Priya Menon,Closed,40.0
INC-2126,2026-05-24 20:05,Operator A. Raj,CMP-01,Utilities,Control panel of CMP-01 (Air Compressor) shows undervoltage alarm,control panel of CMP-01 (Air Compressor) shows undervoltage alarm Seen 2 times today. Big scrap pile building up.,Electrical,High,Environment,Unstable supply voltage during peak load; no voltage stabilizer on control circuit,"Install stabilizer/UPS on control circuit, tighten incoming terminals",Power quality monitoring on feeder; load balancing across shifts,Anita Sharma,Closed,6.6
INC-2127,2026-05-26 15:42,Shift In-charge R. Nandini,PKG-01,Line-F,Emergency stop on PKG-01 (Packaging Unit) not responding during test,Pls check: emergency stop on PKG-01 (Packaging Unit) not responding during test Happened during night shift. Production affected.,Safety,Medium,Man,Guard removed during maintenance and not refitted; no sign-off before restart,"Refit guard, restore interlock, retest e-stop, counsel involved personnel",Lockout-tagout with restart sign-off checklist; periodic safety audit and retraining,Ravi Kumar,Closed,25.0
INC-2128,2026-05-27 06:38,Line Lead A. Swathi,PNT-01,Line-E,Paint thickness inconsistent on parts from PNT-01 (Paint Booth),FYI - paint thickness inconsistent on parts from PNT-01 (Paint Booth) Please check asap. Production affected.,Process,Medium,Environment,Booth humidity and temperature outside spec; filter clogged,"Replace filters, adjust HVAC setpoints, re-coat affected parts",Add humidity/temperature alarm; filter change interval in PM plan,Meena Iyer,Closed,23.6
INC-2129,2026-05-27 19:24,Shift In-charge R. Nandini,WLD-01,Line-D,Paint thickness inconsistent on parts from WLD-01 (Welding Robot),paint thickness inconsistent on parts from WLD-01 (Welding Robot) Output down slightly.,Process,Medium,Environment,Booth humidity and temperature outside spec; filter clogged,"Replace filters, adjust HVAC setpoints, re-coat affected parts",Add humidity/temperature alarm; filter change interval in PM plan,Priya Menon,Closed,15.7
INC-2130,2026-05-28 11:10,Line Lead A. Swathi,CNC-01,Line-A,CNC-01 (CNC Milling Machine) drive belt tension low,"Reported by operator: CNC-01 (CNC Milling Machine) drive belt tension low, intermittent stops Seen 2 times today.",Mechanical,Medium,Method,Belt tension not checked after last maintenance; no standard tension procedure,"Re-tension and align belt, replace frayed section",Create SOP with tension measurement values; add post-maintenance verification step,Priya Menon,Closed,23.2
INC-2131,2026-05-28 14:00,Supervisor R. Kavitha,CMP-01,Utilities,Data from CMP-01 (Air Compressor) missing on dashboard since morning,FYI - data from CMP-01 (Air Compressor) missing on dashboard since morning Line is running at reduced speed.,Automation,Medium,Measurement,Gateway service stopped after server patching; scanner lens dirty,"Restart and auto-enable gateway service, clean scanner, backfill missed counts",Service health monitoring with alerts; scanner cleaning in daily checklist,Anita Sharma,Closed,25.2
INC-2132,2026-05-29 01:39,Line Lead A. Swathi,CNC-01,Line-A,Control panel of CNC-01 (CNC Milling Machine) shows undervoltage alarm,FYI - control panel of CNC-01 (CNC Milling Machine) shows undervoltage alarm Happened during night shift. Customer order at risk.,Electrical,High,Environment,Unstable supply voltage during peak load; no voltage stabilizer on control circuit,"Install stabilizer/UPS on control circuit, tighten incoming terminals",Power quality monitoring on feeder; load balancing across shifts,Anita Sharma,Closed,9.0
INC-2133,2026-05-29 11:09,Operator M. Pooja,WLD-01,Line-D,Proximity sensor on WLD-01 (Welding Robot) giving intermittent signal,proximity sensor on wld-01 (welding robot) giving intermittent signal Happened during night shift. No impact on output.,Electrical,Medium,Machine,Loose connector and damaged cable insulation at sensor due to vibration,"Re-terminate connector, replace damaged cable, secure with clamps",Use vibration-rated connectors; add cable routing check to monthly inspection,Sneha Patil,Closed,25.8
INC-2134,2026-05-29 22:57,Shift In-charge R. Nandini,CNC-01,Line-A,CNC-01 (CNC Milling Machine) HMI shows communication error with PLC,Pls check: cnc-01 (cnc milling machine) hmi shows communication error with plc Line is running at reduced speed.,Automation,High,Machine,Firmware mismatch after last update and weak network cable between HMI and PLC,"Reflash correct firmware, replace network cable, verify communication",Change-control for firmware updates with rollback plan; periodic network health test,Anita Sharma,Closed,6.7
INC-2135,2026-05-30 05:06,Line Lead A. Swathi,WLD-01,Line-D,Surface scratches found on products from WLD-01 (Welding Robot),"Pls check: surface scratches found on products from WLD-01 (Welding Robot) Not first time. Workaround in place, low urgency.",Quality,Low,Method,Parts contacting each other during handling due to missing separators in trolley,"Sort and rework affected lot, add separators to trolley",Update handling work instruction; add visual check at station exit,Shivani,Closed,51.4
INC-2136,2026-05-30 22:00,Line Lead A. Swathi,CNC-01,Line-A,Robot on CNC-01 (CNC Milling Machine) positioning drift,"Reported by operator: robot on CNC-01 (CNC Milling Machine) positioning drift, parts picked off-centre Seen 2 times today. Throughput down by half.",Automation,High,Method,Robot TCP not re-calibrated after collision/e-stop recovery; no recovery procedure,"Re-teach TCP and vision calibration, validate with test pieces",Document post-e-stop recovery SOP; add calibration check to start-of-shift routine,Deepa Nair,Closed,11.2
INC-2137,2026-05-31 13:35,Operator S. Revathi,PRS-01,Line-B,Metal grinding sound coming from PRS-01 (Hydraulic Press) drive section,metal grinding sound coming from PRS-01 (Hydraulic Press) drive section Some rework needed.,Mechanical,Low,Machine,Bearing wear due to inadequate lubrication over multiple shifts,"Replace worn bearing, re-grease and realign shaft, run 30-min trial",Add bearing lubrication to weekly PM checklist; install vibration sensor with alert threshold,Divya S,Closed,42.2
INC-2138,2026-05-31 14:11,Shift In-charge R. Nandini,PKG-01,Line-F,Data from PKG-01 (Packaging Unit) missing on dashboard since morning,URGENT: data from PKG-01 (Packaging Unit) missing on dashboard since morning Not first time. Customer order at risk.,Automation,High,Measurement,Gateway service stopped after server patching; scanner lens dirty,"Restart and auto-enable gateway service, clean scanner, backfill missed counts",Service health monitoring with alerts; scanner cleaning in daily checklist,Anita Sharma,Closed,4.9
INC-2139,2026-06-01 00:03,Shift In-charge R. Nandini,WLD-01,Line-D,WLD-01 (Welding Robot) belt slipping and product jerking on the line,"FYI - WLD-01 (Welding Robot) belt slipping and product jerking on the line Seen 2 times today. Workaround in place, low urgency.",Mechanical,Low,Method,Belt tension not checked after last maintenance; no standard tension procedure,"Re-tension and align belt, replace frayed section",Create SOP with tension measurement values; add post-maintenance verification step,Ravi Kumar,Closed,25.1
INC-2140,2026-06-01 01:24,Operator S. Revathi,PKG-01,Line-F,Wrong material grade supplied to PKG-01 (Packaging Unit),Reported by operator: wrong material grade supplied to pkg-01 (packaging unit) Happened during night shift. Big scrap pile building up.,Process,High,Material,Kanban signal missed and supplier delivery schedule not aligned with production plan,"Expedite material, verify grade before loading",Revise reorder points; weekly supplier delivery review; incoming grade check,Sneha Patil,Closed,6.8
INC-2141,2026-06-01 15:06,Operator S. Lakshmi,CNV-01,Line-C,Barcode scanner at CNV-01 (Conveyor Belt) failing to read labels,Pls check: barcode scanner at CNV-01 (Conveyor Belt) failing to read labels Seen 2 times today. Some rework needed.,Automation,Medium,Measurement,Gateway service stopped after server patching; scanner lens dirty,"Restart and auto-enable gateway service, clean scanner, backfill missed counts",Service health monitoring with alerts; scanner cleaning in daily checklist,Anita Sharma,Closed,18.6
INC-2142,2026-06-01 17:48,Supervisor R. Kavitha,CNC-02,Line-A,Customer complaint: scratch marks on finished parts from CNC-02 (CNC Lathe) line,customer complaint: scratch marks on finished parts from CNC-02 (CNC Lathe) line Line is running at reduced speed.,Quality,Medium,Method,Parts contacting each other during handling due to missing separators in trolley,"Sort and rework affected lot, add separators to trolley",Update handling work instruction; add visual check at station exit,Shivani,Closed,13.6
INC-2143,2026-06-01 22:51,Operator T. Mary,CNC-01,Line-A,Robot on CNC-01 (CNC Milling Machine) stopped with servo alarm,"URGENT: robot on CNC-01 (CNC Milling Machine) stopped with servo alarm Started after lunch break. Workaround in place, low urgency.",Automation,Medium,Machine,Firmware mismatch after last update and weak network cable between HMI and PLC,"Reflash correct firmware, replace network cable, verify communication",Change-control for firmware updates with rollback plan; periodic network health test,Anita Sharma,Closed,16.1
INC-2144,2026-06-02 02:43,Shift In-charge R. Nandini,ASM-01,Line-E,ASM-01 (Assembly Station) belt slipping and product jerking on the line,Pls check: ASM-01 (Assembly Station) belt slipping and product jerking on the line Seen 2 times today. Line is running at reduced speed.,Mechanical,Medium,Method,Belt tension not checked after last maintenance; no standard tension procedure,"Re-tension and align belt, replace frayed section",Create SOP with tension measurement values; add post-maintenance verification step,Ravi Kumar,Closed,25.8
INC-2145,2026-06-02 10:04,Operator A. Raj,PRS-01,Line-B,Data from PRS-01 (Hydraulic Press) missing on dashboard since morning,"FYI - data from PRS-01 (Hydraulic Press) missing on dashboard since morning Cosmetic only, can wait for planned maintenance.",Automation,Low,Measurement,Gateway service stopped after server patching; scanner lens dirty,"Restart and auto-enable gateway service, clean scanner, backfill missed counts",Service health monitoring with alerts; scanner cleaning in daily checklist,Deepa Nair,Closed,42.1
INC-2146,2026-06-02 19:40,Shift In-charge R. Nandini,WLD-01,Line-D,Robot on WLD-01 (Welding Robot) positioning drift,"FYI - robot on WLD-01 (Welding Robot) positioning drift, parts picked off-centre Happened during night shift. Big scrap pile building up.",Automation,High,Method,Robot TCP not re-calibrated after collision/e-stop recovery; no recovery procedure,"Re-teach TCP and vision calibration, validate with test pieces",Document post-e-stop recovery SOP; add calibration check to start-of-shift routine,Deepa Nair,Closed,6.3
INC-2147,2026-06-02 21:46,Operator A. Raj,CNC-02,Line-A,CNC-02 (CNC Lathe) belt slipping and product jerking on the line,FYI - CNC-02 (CNC Lathe) belt slipping and product jerking on the line Happened during night shift. Production affected.,Mechanical,Medium,Method,Belt tension not checked after last maintenance; no standard tension procedure,"Re-tension and align belt, replace frayed section",Create SOP with tension measurement values; add post-maintenance verification step,Priya Menon,Closed,22.9
INC-2148,2026-06-02 23:20,Operator T. Mary,PRS-02,Line-B,PRS-02 (Stamping Press) belt slipping and product jerking on the line,PRS-02 (Stamping Press) belt slipping and product jerking on the line Line stopped intermittently.,Mechanical,High,Method,Belt tension not checked after last maintenance; no standard tension procedure,"Re-tension and align belt, replace frayed section",Create SOP with tension measurement values; add post-maintenance verification step,Priya Menon,Closed,11.4
INC-2149,2026-06-03 04:43,Supervisor R. Kavitha,PRS-01,Line-B,Slip hazard reported around PRS-01 (Hydraulic Press),"FYI - slip hazard reported around PRS-01 (Hydraulic Press), floor wet and oily Happened during night shift. Output down slightly.",Safety,Medium,Environment,Coolant/oil leak not cleaned promptly; no drip tray and housekeeping gap,"Clean area, fit drip tray, fix source of leak, place warning signage",Housekeeping checklist each shift; leak detection in daily round,Sneha Patil,Closed,18.3
INC-2150,2026-06-03 06:38,Supervisor R. Kavitha,PRS-01,Line-B,Burning smell from electrical panel of PRS-01 (Hydraulic Press),Reported by operator: burning smell from electrical panel of PRS-01 (Hydraulic Press) Seen 2 times today. Some rework needed.,Safety,Medium,Machine,Undersized cable and loose lug causing overheating under load,"Isolate power, replace cable with correct rating, tighten and torque-mark lugs",Thermography survey of panels every quarter; cable sizing review on any load addition,Ravi Kumar,Closed,26.4
INC-2151,2026-06-03 12:07,Operator T. Mary,CMP-01,Utilities,Production slow at CMP-01 (Air Compressor),"URGENT: production slow at CMP-01 (Air Compressor), frequent waiting between steps Customer order at risk.",Process,Medium,Method,Changeover steps not standardized; operators using different sequences,Time-study the sequence and publish standard work for changeover,SMED workshop; visual work instruction at station; monthly process audit,Sneha Patil,Closed,23.5
INC-2152,2026-06-03 23:26,Operator T. Mary,PNT-01,Line-E,Production slow at PNT-01 (Paint Booth),"Reported by operator: production slow at PNT-01 (Paint Booth), frequent waiting between steps Customer order at risk.",Process,High,Method,Changeover steps not standardized; operators using different sequences,Time-study the sequence and publish standard work for changeover,SMED workshop; visual work instruction at station; monthly process audit,Meena Iyer,Closed,10.2
INC-2153,2026-06-04 11:55,Operator S. Lakshmi,WLD-01,Line-D,Paint thickness inconsistent on parts from WLD-01 (Welding Robot),URGENT: paint thickness inconsistent on parts from WLD-01 (Welding Robot) Not first time. Line is running at reduced speed.,Process,Medium,Environment,Booth humidity and temperature outside spec; filter clogged,"Replace filters, adjust HVAC setpoints, re-coat affected parts",Add humidity/temperature alarm; filter change interval in PM plan,Priya Menon,Closed,18.9
INC-2154,2026-06-04 16:43,Operator M. Pooja,ASM-01,Line-E,Operator minor injury,"operator minor injury - slipped near ASM-01 (Assembly Station) on spilled coolant Machine stopped, no backup available.",Safety,Critical,Environment,Coolant/oil leak not cleaned promptly; no drip tray and housekeeping gap,"Clean area, fit drip tray, fix source of leak, place warning signage",Housekeeping checklist each shift; leak detection in daily round,Ravi Kumar,Closed,4.8
INC-2155,2026-06-04 23:05,Supervisor R. Kavitha,WLD-02,Line-D,MES not receiving production count from WLD-02 (Welding Robot),MES not receiving production count from WLD-02 (Welding Robot) Output down slightly.,Automation,Medium,Measurement,Gateway service stopped after server patching; scanner lens dirty,"Restart and auto-enable gateway service, clean scanner, backfill missed counts",Service health monitoring with alerts; scanner cleaning in daily checklist,Deepa Nair,Closed,12.2
INC-2156,2026-06-05 00:14,Operator M. Pooja,WLD-02,Line-D,WLD-02 (Welding Robot) drive belt tension low,"WLD-02 (Welding Robot) drive belt tension low, intermittent stops Seen 2 times today. Line stopped intermittently.",Mechanical,High,Method,Belt tension not checked after last maintenance; no standard tension procedure,"Re-tension and align belt, replace frayed section",Create SOP with tension measurement values; add post-maintenance verification step,Divya S,Closed,11.6
INC-2157,2026-06-05 00:42,Operator T. Mary,WLD-01,Line-D,Robot on WLD-01 (Welding Robot) stopped with servo alarm,Pls check: robot on WLD-01 (Welding Robot) stopped with servo alarm Seen 2 times today. Big scrap pile building up.,Automation,High,Machine,Firmware mismatch after last update and weak network cable between HMI and PLC,"Reflash correct firmware, replace network cable, verify communication",Change-control for firmware updates with rollback plan; periodic network health test,Deepa Nair,Closed,7.0
INC-2158,2026-06-05 03:50,Operator M. Pooja,CNV-02,Line-C,CNV-02 (Conveyor Belt) pressure dropping,"cnv-02 (conveyor belt) pressure dropping, oil seen near cylinder Please check asap. Person injured, first aid given.",Mechanical,Critical,Material,Hydraulic seal degraded due to age and use of non-spec seal material,"Replace seal and hose with OEM-spec parts, top up and bleed hydraulic oil",Define seal replacement interval; stock only OEM-approved spares; add leak inspection to daily round,Ravi Kumar,Closed,2.9
INC-2159,2026-06-05 08:09,Line Lead A. Swathi,CMP-01,Utilities,Safety guard missing on CMP-01 (Air Compressor),"Reported by operator: safety guard missing on cmp-01 (air compressor), operator noticed during start of shift Happened during night shift. Customer order at risk.",Safety,High,Man,Guard removed during maintenance and not refitted; no sign-off before restart,"Refit guard, restore interlock, retest e-stop, counsel involved personnel",Lockout-tagout with restart sign-off checklist; periodic safety audit and retraining,Ravi Kumar,Closed,4.6
INC-2160,2026-06-05 09:38,Operator T. Mary,CMP-01,Utilities,CMP-01 (Air Compressor) HMI shows communication error with PLC,FYI - CMP-01 (Air Compressor) HMI shows communication error with PLC Please check asap. Some rework needed.,Automation,Medium,Machine,Firmware mismatch after last update and weak network cable between HMI and PLC,"Reflash correct firmware, replace network cable, verify communication",Change-control for firmware updates with rollback plan; periodic network health test,Anita Sharma,Closed,9.0
INC-2161,2026-06-05 09:42,Line Lead A. Swathi,CNV-02,Line-C,CNV-02 (Conveyor Belt) output dropped,"CNV-02 (Conveyor Belt) output dropped, takt time not being met Started after lunch break. Some rework needed.",Process,Medium,Method,Changeover steps not standardized; operators using different sequences,Time-study the sequence and publish standard work for changeover,SMED workshop; visual work instruction at station; monthly process audit,Meena Iyer,Closed,19.5
INC-2162,2026-06-05 14:15,Supervisor R. Kavitha,CNC-01,Line-A,Control panel of CNC-01 (CNC Milling Machine) shows undervoltage alarm,Pls check: control panel of CNC-01 (CNC Milling Machine) shows undervoltage alarm Started after lunch break. No impact on output.,Electrical,Low,Environment,Unstable supply voltage during peak load; no voltage stabilizer on control circuit,"Install stabilizer/UPS on control circuit, tighten incoming terminals",Power quality monitoring on feeder; load balancing across shifts,Deepa Nair,Closed,17.1
INC-2163,2026-06-06 03:39,Operator A. Raj,CNV-02,Line-C,Robot on CNV-02 (Conveyor Belt) positioning drift,"robot on CNV-02 (Conveyor Belt) positioning drift, parts picked off-centre Some rework needed.",Automation,Medium,Method,Robot TCP not re-calibrated after collision/e-stop recovery; no recovery procedure,"Re-teach TCP and vision calibration, validate with test pieces",Document post-e-stop recovery SOP; add calibration check to start-of-shift routine,Deepa Nair,Closed,20.7
INC-2164,2026-06-06 17:41,Supervisor R. Kavitha,CNV-02,Line-C,CNV-02 (Conveyor Belt) output dropped,"Reported by operator: CNV-02 (Conveyor Belt) output dropped, takt time not being met Started after lunch break. Cosmetic only, can wait for planned maintenance.",Process,Low,Method,Changeover steps not standardized; operators using different sequences,Time-study the sequence and publish standard work for changeover,SMED workshop; visual work instruction at station; monthly process audit,Shivani,Closed,25.9
INC-2165,2026-06-07 08:50,Operator S. Lakshmi,PRS-02,Line-B,PRS-02 (Stamping Press) drive belt tension low,"Reported by operator: PRS-02 (Stamping Press) drive belt tension low, intermittent stops Output down slightly.",Mechanical,Medium,Method,Belt tension not checked after last maintenance; no standard tension procedure,"Re-tension and align belt, replace frayed section",Create SOP with tension measurement values; add post-maintenance verification step,Priya Menon,Closed,16.1
INC-2166,2026-06-07 16:58,Shift In-charge R. Nandini,CNC-01,Line-A,Calibration lost on CNC-01 (CNC Milling Machine) robot after emergency stop,FYI - calibration lost on CNC-01 (CNC Milling Machine) robot after emergency stop Seen 2 times today. Production affected.,Automation,Medium,Method,Robot TCP not re-calibrated after collision/e-stop recovery; no recovery procedure,"Re-teach TCP and vision calibration, validate with test pieces",Document post-e-stop recovery SOP; add calibration check to start-of-shift routine,Anita Sharma,Closed,20.9
INC-2167,2026-06-08 00:01,Operator S. Lakshmi,PRS-01,Line-B,Overheating cable observed at PRS-01 (Hydraulic Press),"URGENT: overheating cable observed at PRS-01 (Hydraulic Press), insulation discoloured Please check asap. Line is running at reduced speed.",Safety,Medium,Machine,Undersized cable and loose lug causing overheating under load,"Isolate power, replace cable with correct rating, tighten and torque-mark lugs",Thermography survey of panels every quarter; cable sizing review on any load addition,Sneha Patil,Closed,18.2
INC-2168,2026-06-09 05:02,Operator S. Revathi,CNC-01,Line-A,Wrong material grade supplied to CNC-01 (CNC Milling Machine),"wrong material grade supplied to CNC-01 (CNC Milling Machine) Machine stopped, no backup available.",Process,High,Material,Kanban signal missed and supplier delivery schedule not aligned with production plan,"Expedite material, verify grade before loading",Revise reorder points; weekly supplier delivery review; incoming grade check,Deepa Nair,Closed,9.0
INC-2169,2026-06-09 06:46,Operator T. Mary,ASM-01,Line-E,Smoke smell and slight sparks near ASM-01 (Assembly Station) panel,smoke smell and slight sparks near ASM-01 (Assembly Station) panel Seen 2 times today. Throughput down by half.,Safety,Medium,Machine,Undersized cable and loose lug causing overheating under load,"Isolate power, replace cable with correct rating, tighten and torque-mark lugs",Thermography survey of panels every quarter; cable sizing review on any load addition,Ravi Kumar,Closed,19.6
INC-2170,2026-06-09 22:18,Operator S. Revathi,PRS-01,Line-B,Overcurrent fault on PRS-01 (Hydraulic Press) drive,"FYI - overcurrent fault on PRS-01 (Hydraulic Press) drive, restart fails Not first time. Entire line down.",Electrical,High,Machine,Motor winding insulation degraded causing high current draw,"Replace motor, verify current draw within rated limits",Quarterly insulation resistance test; thermal imaging scan in PM schedule,Deepa Nair,Closed,8.2
INC-2171,2026-06-10 01:12,Operator A. Raj,CNV-02,Line-C,Weld spatter and incomplete fusion seen on parts from CNV-02 (Conveyor Belt),FYI - weld spatter and incomplete fusion seen on parts from CNV-02 (Conveyor Belt) Not first time. Throughput down by half.,Quality,High,Material,Shielding gas contamination and moisture in wire spool,"Replace gas cylinder and wire spool, re-weld and re-test affected parts",Store wire in dry cabinet; gas purity check on cylinder receipt,Shivani,Closed,10.1
INC-2172,2026-06-10 05:15,Operator S. Lakshmi,PRS-01,Line-B,Power supply voltage fluctuation,"URGENT: power supply voltage fluctuation, PRS-01 (Hydraulic Press) control panel resetting Line is running at reduced speed.",Electrical,Medium,Environment,Unstable supply voltage during peak load; no voltage stabilizer on control circuit,"Install stabilizer/UPS on control circuit, tighten incoming terminals",Power quality monitoring on feeder; load balancing across shifts,Deepa Nair,Closed,20.1
INC-2173,2026-06-10 14:52,Line Lead A. Swathi,PRS-01,Line-B,Paint finish defect on PRS-01 (Hydraulic Press),"paint finish defect on PRS-01 (Hydraulic Press), run marks visible Seen 2 times today. Throughput down by half.",Process,High,Environment,Booth humidity and temperature outside spec; filter clogged,"Replace filters, adjust HVAC setpoints, re-coat affected parts",Add humidity/temperature alarm; filter change interval in PM plan,Meena Iyer,Closed,8.6
INC-2174,2026-06-11 00:55,Supervisor R. Kavitha,CNC-02,Line-A,CNC-02 (CNC Lathe) vision system rejecting good parts,URGENT: CNC-02 (CNC Lathe) vision system rejecting good parts Please check asap. Throughput down by half.,Automation,High,Method,Robot TCP not re-calibrated after collision/e-stop recovery; no recovery procedure,"Re-teach TCP and vision calibration, validate with test pieces",Document post-e-stop recovery SOP; add calibration check to start-of-shift routine,Deepa Nair,Closed,2.3
INC-2175,2026-06-11 03:38,Operator S. Revathi,PRS-01,Line-B,PRS-01 (Hydraulic Press) vision system rejecting good parts,"URGENT: PRS-01 (Hydraulic Press) vision system rejecting good parts Not first time. Workaround in place, low urgency.",Automation,Low,Method,Robot TCP not re-calibrated after collision/e-stop recovery; no recovery procedure,"Re-teach TCP and vision calibration, validate with test pieces",Document post-e-stop recovery SOP; add calibration check to start-of-shift routine,Anita Sharma,Closed,33.8
INC-2176,2026-06-11 09:06,Operator S. Revathi,PRS-02,Line-B,MES not receiving production count from PRS-02 (Stamping Press),Pls check: MES not receiving production count from PRS-02 (Stamping Press) Seen 2 times today. Production affected.,Automation,Medium,Measurement,Gateway service stopped after server patching; scanner lens dirty,"Restart and auto-enable gateway service, clean scanner, backfill missed counts",Service health monitoring with alerts; scanner cleaning in daily checklist,Anita Sharma,Closed,15.9
INC-2177,2026-06-11 10:12,Operator S. Lakshmi,PRS-02,Line-B,Slip hazard reported around PRS-02 (Stamping Press),"slip hazard reported around PRS-02 (Stamping Press), floor wet and oily Seen 2 times today. Big scrap pile building up.",Safety,High,Environment,Coolant/oil leak not cleaned promptly; no drip tray and housekeeping gap,"Clean area, fit drip tray, fix source of leak, place warning signage",Housekeeping checklist each shift; leak detection in daily round,Sneha Patil,Closed,7.5
INC-2178,2026-06-11 13:35,Operator T. Mary,CNC-02,Line-A,Wrong material grade supplied to CNC-02 (CNC Lathe),Reported by operator: wrong material grade supplied to CNC-02 (CNC Lathe) Big scrap pile building up.,Process,High,Material,Kanban signal missed and supplier delivery schedule not aligned with production plan,"Expedite material, verify grade before loading",Revise reorder points; weekly supplier delivery review; incoming grade check,Sneha Patil,Closed,4.7
INC-2179,2026-06-11 18:39,Supervisor R. Kavitha,CMP-01,Utilities,Weld spatter and incomplete fusion seen on parts from CMP-01 (Air Compressor),URGENT: weld spatter and incomplete fusion seen on parts from CMP-01 (Air Compressor) Not first time. Some rework needed.,Quality,Medium,Material,Shielding gas contamination and moisture in wire spool,"Replace gas cylinder and wire spool, re-weld and re-test affected parts",Store wire in dry cabinet; gas purity check on cylinder receipt,Shivani,Closed,16.7
INC-2180,2026-06-11 19:16,Supervisor R. Kavitha,CNV-02,Line-C,Overheating cable observed at CNV-02 (Conveyor Belt),"overheating cable observed at CNV-02 (Conveyor Belt), insulation discoloured Customer order at risk.",Safety,High,Machine,Undersized cable and loose lug causing overheating under load,"Isolate power, replace cable with correct rating, tighten and torque-mark lugs",Thermography survey of panels every quarter; cable sizing review on any load addition,Ravi Kumar,Closed,9.1
INC-2181,2026-06-12 22:53,Line Lead A. Swathi,CNC-02,Line-A,Raw material shortage at CNC-02 (CNC Lathe),"URGENT: raw material shortage at CNC-02 (CNC Lathe), line waiting for feed Happened during night shift. Minor, running normally.",Process,Medium,Material,Kanban signal missed and supplier delivery schedule not aligned with production plan,"Expedite material, verify grade before loading",Revise reorder points; weekly supplier delivery review; incoming grade check,Priya Menon,Closed,24.6
INC-2182,2026-06-13 01:30,Operator S. Lakshmi,ASM-01,Line-E,Hydraulic oil leaking under ASM-01 (Assembly Station),"hydraulic oil leaking under ASM-01 (Assembly Station), puddle on floor Customer order at risk.",Mechanical,High,Material,Hydraulic seal degraded due to age and use of non-spec seal material,"Replace seal and hose with OEM-spec parts, top up and bleed hydraulic oil",Define seal replacement interval; stock only OEM-approved spares; add leak inspection to daily round,Divya S,Closed,5.8
INC-2183,2026-06-13 07:55,Operator T. Mary,WLD-01,Line-D,MES not receiving production count from WLD-01 (Welding Robot),URGENT: mes not receiving production count from wld-01 (welding robot) Production affected.,Automation,Medium,Measurement,Gateway service stopped after server patching; scanner lens dirty,"Restart and auto-enable gateway service, clean scanner, backfill missed counts",Service health monitoring with alerts; scanner cleaning in daily checklist,Deepa Nair,Closed,20.5
INC-2184,2026-06-14 08:50,Shift In-charge R. Nandini,WLD-01,Line-D,Dimension rejection from WLD-01 (Welding Robot) batch,"dimension rejection from WLD-01 (Welding Robot) batch, gauge reading above limit Started after lunch break. Big scrap pile building up.",Quality,High,Measurement,Gauge out of calibration and tool offset not updated after tool change,"Recalibrate gauge, reset tool offset, re-inspect last batch and quarantine suspects",Calibration schedule tracked in system; mandatory first-piece inspection after tool change,Meena Iyer,Closed,8.3
INC-2185,2026-06-14 13:06,Operator S. Lakshmi,PNT-01,Line-E,False stop on PNT-01 (Paint Booth),"Pls check: false stop on pnt-01 (paint booth) - sensor flickering, wiring looks loose Please check asap. Production affected.",Electrical,Medium,Machine,Loose connector and damaged cable insulation at sensor due to vibration,"Re-terminate connector, replace damaged cable, secure with clamps",Use vibration-rated connectors; add cable routing check to monthly inspection,Deepa Nair,Closed,14.0
INC-2186,2026-06-14 14:15,Operator M. Pooja,PNT-01,Line-E,Cycle time on PNT-01 (Paint Booth) increased by 15 percent this week,URGENT: cycle time on PNT-01 (Paint Booth) increased by 15 percent this week Line stopped intermittently.,Process,Medium,Method,Changeover steps not standardized; operators using different sequences,Time-study the sequence and publish standard work for changeover,SMED workshop; visual work instruction at station; monthly process audit,Meena Iyer,Closed,19.2
INC-2187,2026-06-15 13:11,Line Lead A. Swathi,CNV-01,Line-C,MES not receiving production count from CNV-01 (Conveyor Belt),mes not receiving production count from cnv-01 (conveyor belt) Seen 2 times today. Output down slightly.,Automation,Medium,Measurement,Gateway service stopped after server patching; scanner lens dirty,"Restart and auto-enable gateway service, clean scanner, backfill missed counts",Service health monitoring with alerts; scanner cleaning in daily checklist,Deepa Nair,Closed,22.9
INC-2188,2026-06-16 08:19,Operator S. Lakshmi,WLD-02,Line-D,Burning smell from electrical panel of WLD-02 (Welding Robot),FYI - burning smell from electrical panel of WLD-02 (Welding Robot) Started after lunch break. Throughput down by half.,Safety,High,Machine,Undersized cable and loose lug causing overheating under load,"Isolate power, replace cable with correct rating, tighten and torque-mark lugs",Thermography survey of panels every quarter; cable sizing review on any load addition,Ravi Kumar,Closed,11.1
INC-2189,2026-06-17 06:24,Operator A. Raj,PRS-02,Line-B,Calibration lost on PRS-02 (Stamping Press) robot after emergency stop,calibration lost on PRS-02 (Stamping Press) robot after emergency stop Please check asap. Line is running at reduced speed.,Automation,Medium,Method,Robot TCP not re-calibrated after collision/e-stop recovery; no recovery procedure,"Re-teach TCP and vision calibration, validate with test pieces",Document post-e-stop recovery SOP; add calibration check to start-of-shift routine,Anita Sharma,Closed,14.1
INC-2190,2026-06-17 21:19,Operator M. Pooja,PKG-01,Line-F,Operator minor injury,operator minor injury - slipped near PKG-01 (Packaging Unit) on spilled coolant Happened during night shift. Throughput down by half.,Safety,High,Environment,Coolant/oil leak not cleaned promptly; no drip tray and housekeeping gap,"Clean area, fit drip tray, fix source of leak, place warning signage",Housekeeping checklist each shift; leak detection in daily round,Ravi Kumar,Closed,8.8
INC-2191,2026-06-20 09:42,Shift In-charge R. Nandini,CNC-01,Line-A,Parts from CNC-01 (CNC Milling Machine) out of tolerance,"parts from CNC-01 (CNC Milling Machine) out of tolerance, diameter oversize by 0.05 mm Big scrap pile building up.",Quality,High,Measurement,Gauge out of calibration and tool offset not updated after tool change,"Recalibrate gauge, reset tool offset, re-inspect last batch and quarantine suspects",Calibration schedule tracked in system; mandatory first-piece inspection after tool change,Meena Iyer,Closed,3.3
INC-2192,2026-06-21 08:22,Line Lead A. Swathi,ASM-01,Line-E,Line stopped at ASM-01 (Assembly Station),Pls check: line stopped at ASM-01 (Assembly Station) - material not delivered on time Started after lunch break. Line is running at reduced speed.,Process,Medium,Material,Kanban signal missed and supplier delivery schedule not aligned with production plan,"Expedite material, verify grade before loading",Revise reorder points; weekly supplier delivery review; incoming grade check,Sneha Patil,Closed,12.0
INC-2193,2026-06-21 19:52,Operator A. Raj,CNV-01,Line-C,CNV-01 (Conveyor Belt) HMI shows communication error with PLC,CNV-01 (Conveyor Belt) HMI shows communication error with PLC Not first time. Line stopped intermittently.,Automation,High,Machine,Firmware mismatch after last update and weak network cable between HMI and PLC,"Reflash correct firmware, replace network cable, verify communication",Change-control for firmware updates with rollback plan; periodic network health test,Priya Menon,Closed,9.0
INC-2194,2026-06-22 12:06,Supervisor R. Kavitha,WLD-02,Line-D,Overheating cable observed at WLD-02 (Welding Robot),"overheating cable observed at WLD-02 (Welding Robot), insulation discoloured Entire line down.",Safety,Critical,Machine,Undersized cable and loose lug causing overheating under load,"Isolate power, replace cable with correct rating, tighten and torque-mark lugs",Thermography survey of panels every quarter; cable sizing review on any load addition,Sneha Patil,Closed,6.5
INC-2195,2026-06-23 07:50,Operator A. Raj,CNV-02,Line-C,Slip hazard reported around CNV-02 (Conveyor Belt),"URGENT: slip hazard reported around CNV-02 (Conveyor Belt), floor wet and oily Output down slightly.",Safety,Medium,Environment,Coolant/oil leak not cleaned promptly; no drip tray and housekeeping gap,"Clean area, fit drip tray, fix source of leak, place warning signage",Housekeeping checklist each shift; leak detection in daily round,Sneha Patil,Closed,20.3
INC-2196,2026-06-24 12:25,Supervisor R. Kavitha,CNC-02,Line-A,MES not receiving production count from CNC-02 (CNC Lathe),URGENT: MES not receiving production count from CNC-02 (CNC Lathe) Seen 2 times today. Customer order at risk.,Automation,High,Measurement,Gateway service stopped after server patching; scanner lens dirty,"Restart and auto-enable gateway service, clean scanner, backfill missed counts",Service health monitoring with alerts; scanner cleaning in daily checklist,Anita Sharma,Closed,5.4
INC-2197,2026-06-24 14:31,Operator A. Raj,CNC-02,Line-A,Weld spatter and incomplete fusion seen on parts from CNC-02 (CNC Lathe),weld spatter and incomplete fusion seen on parts from cnc-02 (cnc lathe) Please check asap. Some rework needed.,Quality,Medium,Material,Shielding gas contamination and moisture in wire spool,"Replace gas cylinder and wire spool, re-weld and re-test affected parts",Store wire in dry cabinet; gas purity check on cylinder receipt,Meena Iyer,Closed,20.0
INC-2198,2026-06-24 21:52,Operator A. Raj,PRS-02,Line-B,Interlock on PRS-02 (Stamping Press) door bypassed with tape,interlock on PRS-02 (Stamping Press) door bypassed with tape Seen 2 times today. Throughput down by half.,Safety,High,Man,Guard removed during maintenance and not refitted; no sign-off before restart,"Refit guard, restore interlock, retest e-stop, counsel involved personnel",Lockout-tagout with restart sign-off checklist; periodic safety audit and retraining,Priya Menon,Closed,7.5
INC-2199,2026-06-24 22:43,Operator S. Revathi,CNV-02,Line-C,Belt on CNV-02 (Conveyor Belt) misaligned and edge fraying,belt on CNV-02 (Conveyor Belt) misaligned and edge fraying Big scrap pile building up.,Mechanical,High,Method,Belt tension not checked after last maintenance; no standard tension procedure,"Re-tension and align belt, replace frayed section",Create SOP with tension measurement values; add post-maintenance verification step,Divya S,Closed,11.3
